time,cpu_tctl_c,gpu_c,igpu_c,nvme_max_c,cpu_fan_rpm,gpu_fan_rpm,cpu_mhz_avg,load1,gpu_util,gpu_w,gpu_throttle
2026-10-06_23:08:01,46,46,49,46,3000,3000,2729,0.18,0,14.11,0x0000000000000001
2026-10-06_23:08:31,71,50,62,43,3900,3800,4418,1.99,24,20.72,0x0000000000000001
2026-10-06_23:09:01,82,56,62,43,4800,4800,4366,4.08,38,28.32,0x0000000000000001
2026-10-06_23:09:32,81,57,63,43,4900,5200,4369,4.92,38,28.70,0x0000000000000001
2026-10-06_23:10:02,82,58,63,43,4900,5200,4366,7.30,28,28.21,0x0000000000000001
2026-10-06_23:10:32,83,58,64,43,4900,5300,4366,8.79,28,32.09,0x0000000000000001
2026-10-06_23:11:02,79,57,61,43,4900,5300,4330,7.37,34,21.62,0x0000000000000001
2026-10-06_23:11:32,63,54,58,43,3800,4200,3412,5.31,0,32.74,0x0000000000000001
2026-10-06_23:12:02,77,55,61,43,4200,4300,4416,5.83,30,27.88,0x0000000000000001
2026-10-06_23:12:32,81,57,62,43,4900,5200,4391,6.58,28,29.31,0x0000000000000001
2026-10-06_23:13:02,82,58,65,43,4900,5200,4391,7.48,27,32.49,0x0000000000000001
2026-10-06_23:13:33,83,59,65,43,4900,5200,4341,8.66,36,28.77,0x0000000000000001
2026-10-06_23:14:03,83,59,65,43,4900,5200,4366,8.17,35,30.78,0x0000000000000001
2026-10-06_23:14:33,78,58,63,43,4900,5200,4255,7.22,40,21.77,0x0000000000000001
2026-10-06_23:15:03,79,58,61,43,4900,5200,4391,5.85,30,28.12,0x0000000000000001
2026-10-06_23:15:33,82,58,64,43,4900,5300,4366,7.10,26,28.66,0x0000000000000001
2026-10-06_23:16:03,83,59,65,43,4900,5200,4366,6.10,30,29.44,0x0000000000000001
2026-10-06_23:16:33,83,59,64,43,5000,5200,4366,6.88,53,30.94,0x0000000000000001
2026-10-06_23:17:04,83,59,65,43,5000,5200,4235,5.61,51,29.52,0x0000000000000001
2026-10-06_23:17:34,81,58,63,43,5000,5200,4391,4.75,32,28.36,0x0000000000000001
2026-10-06_23:18:04,80,58,63,43,4900,5300,4391,4.10,35,28.39,0x0000000000000001
2026-10-06_23:18:34,82,59,64,43,4900,5300,4391,4.81,35,28.89,0x0000000000000001
2026-10-06_23:19:04,83,59,65,43,5000,5200,4391,5.18,28,30.48,0x0000000000000001
2026-10-06_23:19:34,83,59,65,43,5000,5200,4341,8.90,37,28.69,0x0000000000000001
2026-10-06_23:20:04,83,60,64,43,5000,5300,4371,8.01,32,29.78,0x0000000000000001
2026-10-06_23:20:35,80,59,62,43,5000,5300,4440,8.31,11,30.48,0x0000000000000001
2026-10-06_23:21:05,81,59,63,43,5000,5200,4391,5.83,29,29.08,0x0000000000000001
2026-10-06_23:21:35,83,59,65,43,5000,5200,4378,5.75,27,33.22,0x0000000000000001
2026-10-06_23:22:05,83,60,65,43,5000,5200,4373,5.10,32,32.39,0x0000000000000001
2026-10-06_23:22:35,83,60,66,43,5000,5200,4391,5.35,37,29.42,0x0000000000000001
2026-10-06_23:23:05,83,60,65,43,5000,5300,4391,5.00,32,29.35,0x0000000000000001
2026-10-06_23:23:35,78,58,60,43,5000,5300,4308,3.93,29,21.38,0x0000000000000001
2026-10-06_23:24:06,81,58,62,43,5000,5200,4391,4.58,29,28.13,0x0000000000000001
2026-10-06_23:24:36,83,59,64,43,5000,5200,4391,5.69,28,28.91,0x0000000000000001
2026-10-06_23:25:06,83,59,65,43,4900,5200,4366,6.38,30,29.03,0x0000000000000001
2026-10-06_23:25:36,83,60,64,43,5000,5300,4391,7.00,26,32.01,0x0000000000000001
2026-10-06_23:26:06,83,59,64,43,4900,5300,3852,7.95,20,28.85,0x0000000000000001
2026-10-06_23:26:36,78,58,61,43,4900,5300,4017,6.63,31,21.06,0x0000000000000001
2026-10-06_23:27:06,81,58,63,43,4900,5200,4391,6.52,33,31.80,0x0000000000000001
2026-10-06_23:27:37,83,59,65,43,5000,5200,4354,6.48,29,30.37,0x0000000000000001
2026-10-06_23:28:07,83,59,65,43,5000,5200,4366,6.80,36,29.10,0x0000000000000001
2026-10-06_23:28:37,84,60,64,43,5000,5300,4366,7.15,32,31.63,0x0000000000000001
2026-10-06_23:29:07,81,60,62,43,5000,5200,3903,6.79,11,34.25,0x0000000000000001
2026-10-06_23:29:37,79,59,60,43,5000,5200,4424,6.03,10,34.27,0x0000000000000001
2026-10-06_23:30:07,81,58,64,43,5000,5300,4391,6.81,31,28.28,0x0000000000000001
2026-10-06_23:30:37,83,59,65,43,5000,5200,4282,6.89,31,29.08,0x0000000000000001
2026-10-06_23:31:08,84,59,65,43,4900,5300,4378,7.25,30,29.22,0x0000000000000001
2026-10-06_23:31:38,84,60,65,43,5000,5200,4366,5.89,28,32.83,0x0000000000000001
2026-10-06_23:32:08,79,59,62,43,4900,5200,4416,4.82,11,34.43,0x0000000000000001
2026-10-06_23:32:38,76,57,60,43,5000,5300,4339,4.23,30,21.51,0x0000000000000001
2026-10-06_23:33:08,81,58,64,43,5000,5300,4391,5.63,29,29.23,0x0000000000000001
2026-10-06_23:33:38,83,59,64,43,5000,5200,4366,6.70,35,31.97,0x0000000000000001
2026-10-06_23:34:08,83,60,65,43,4900,5200,4366,6.03,36,29.50,0x0000000000000001
2026-10-06_23:34:39,84,60,65,43,5000,5200,4366,7.19,40,29.11,0x0000000000000001
2026-10-06_23:35:09,78,58,62,43,5000,5300,4159,7.11,29,21.95,0x0000000000000001
2026-10-06_23:35:39,80,58,63,43,5000,5300,4391,6.13,30,28.98,0x0000000000000001
2026-10-06_23:36:09,82,59,65,43,5000,5200,4391,9.58,29,28.98,0x0000000000000001
2026-10-06_23:36:39,83,59,65,43,5000,5300,4366,10.20,27,30.79,0x0000000000000001
2026-10-06_23:37:09,83,60,65,43,4900,5200,4366,9.97,28,33.54,0x0000000000000001
2026-10-06_23:37:39,84,60,66,43,5000,5200,4367,9.30,52,29.00,0x0000000000000001
2026-10-06_23:38:10,76,58,61,43,4900,5200,4128,7.99,28,21.85,0x0000000000000001
2026-10-06_23:38:40,80,58,63,43,4900,5200,4412,7.65,29,30.98,0x0000000000000001
2026-10-06_23:39:10,82,59,64,43,4900,5200,4391,8.83,28,32.48,0x0000000000000001
2026-10-06_23:39:40,83,59,64,43,5000,5200,4391,9.23,33,29.46,0x0000000000000001
2026-10-06_23:40:10,83,59,65,43,5000,5200,4371,9.40,31,29.54,0x0000000000000001
2026-10-06_23:40:40,84,60,65,43,4900,5200,4391,7.86,30,29.27,0x0000000000000001
2026-10-06_23:41:10,76,57,61,43,4900,5200,4441,5.59,32,20.01,0x0000000000000001
2026-10-06_23:41:41,80,58,63,43,4900,5200,4122,5.26,27,30.63,0x0000000000000001
2026-10-06_23:42:11,82,59,64,43,5000,5200,4283,6.22,38,29.54,0x0000000000000001
2026-10-06_23:42:41,83,59,66,43,4900,5200,4366,7.02,30,32.79,0x0000000000000001
2026-10-06_23:43:11,83,59,65,43,4900,5200,4367,6.85,29,31.35,0x0000000000000001
2026-10-06_23:43:41,83,60,65,43,4900,5200,4113,8.19,28,31.66,0x0000000000000001
2026-10-06_23:44:11,78,58,60,43,4900,5200,4416,7.28,10,30.41,0x0000000000000001
2026-10-06_23:44:41,80,58,64,43,4900,5200,4391,6.20,27,31.69,0x0000000000000001
2026-10-06_23:45:11,82,58,64,43,4900,5200,4384,6.55,33,28.88,0x0000000000000001
2026-10-06_23:45:42,83,59,64,43,4900,5200,4376,6.27,32,29.12,0x0000000000000001
2026-10-06_23:46:12,82,59,65,43,4900,5200,4391,6.35,36,31.27,0x0000000000000001
2026-10-06_23:46:42,81,58,63,43,4900,5200,4326,5.41,24,21.94,0x0000000000000001
2026-10-06_23:47:12,77,57,59,43,4900,5200,4220,6.67,10,29.42,0x0000000000000001
2026-10-06_23:47:42,81,58,64,43,4900,5200,4366,5.81,27,29.67,0x0000000000000001
2026-10-06_23:48:12,85,59,66,43,4900,5200,4382,7.73,30,29.98,0x0000000000000001
2026-10-06_23:48:42,86,59,66,43,4900,5200,4249,10.87,28,29.81,0x0000000000000001
2026-10-06_23:49:13,86,59,65,43,4900,5200,4366,10.05,37,29.02,0x0000000000000001
2026-10-06_23:49:43,78,58,61,43,4900,5200,3820,8.37,28,21.88,0x0000000000000001
2026-10-06_23:50:13,77,57,60,40,4900,5200,4260,7.49,26,21.44,0x0000000000000001
2026-10-06_23:50:43,81,58,64,40,4900,5200,4391,8.22,28,29.66,0x0000000000000001
2026-10-06_23:51:13,82,59,64,40,4900,5200,4366,6.99,53,28.95,0x0000000000000001
2026-10-06_23:51:43,83,59,65,40,4900,5200,4273,8.52,33,29.41,0x0000000000000001
2026-10-06_23:52:13,83,59,65,40,4900,5200,4390,7.58,29,28.81,0x0000000000000001
2026-10-06_23:52:44,76,57,60,40,4900,5200,4161,8.06,29,21.69,0x0000000000000001
2026-10-06_23:53:14,74,56,59,40,4900,5200,4003,6.28,27,21.44,0x0000000000000001
2026-10-06_23:53:44,81,58,63,40,4900,5200,4391,7.21,35,30.49,0x0000000000000001
2026-10-06_23:54:14,82,59,64,39,4900,5200,4391,7.19,28,32.53,0x0000000000000001
2026-10-06_23:54:44,83,59,64,39,4900,5200,4102,6.54,29,32.84,0x0000000000000001
2026-10-06_23:55:14,83,59,64,39,4900,5200,4381,5.61,35,29.14,0x0000000000000001
2026-10-06_23:55:44,78,58,62,40,4900,5200,4391,5.79,44,27.54,0x0000000000000001
2026-10-06_23:56:15,77,57,61,40,4900,5200,4391,6.39,45,27.34,0x0000000000000001
2026-10-06_23:56:45,81,58,63,40,4900,5200,4391,6.62,37,28.84,0x0000000000000001
2026-10-06_23:57:15,83,59,64,40,4900,5200,4357,6.42,37,29.04,0x0000000000000001
2026-10-06_23:57:45,83,59,64,40,4900,5200,4366,6.98,29,31.74,0x0000000000000001
2026-10-06_23:58:15,83,59,65,40,4900,5200,4341,6.65,31,32.23,0x0000000000000001
2026-10-06_23:58:45,78,58,62,40,4900,5200,4391,6.70,29,27.98,0x0000000000000001
2026-10-06_23:59:15,80,57,63,40,4900,5200,4391,6.53,29,28.14,0x0000000000000001
2026-10-06_23:59:46,82,59,65,40,4900,5200,4366,7.33,28,29.83,0x0000000000000001
2026-10-07_00:00:16,83,59,65,40,4900,5200,4366,5.68,30,32.84,0x0000000000000001
2026-10-07_00:00:46,84,59,66,40,4900,5200,4385,5.34,38,29.11,0x0000000000000001
2026-10-07_00:01:16,84,60,65,40,4900,5300,4391,4.62,36,29.12,0x0000000000000001
2026-10-07_00:01:46,81,58,61,40,4900,5200,4078,5.14,20,27.11,0x0000000000000001
2026-10-07_00:02:16,80,58,63,40,4900,5200,4391,4.19,30,28.55,0x0000000000000001
2026-10-07_00:02:46,83,59,64,40,4900,5200,4371,7.38,32,29.69,0x0000000000000001
2026-10-07_00:03:17,83,59,65,40,4900,5200,4391,8.95,31,28.84,0x0000000000000001
2026-10-07_00:03:47,83,59,64,40,4900,5200,4391,8.26,35,29.13,0x0000000000000001
2026-10-07_00:04:17,83,60,65,40,4900,5200,4391,7.72,34,29.65,0x0000000000000001
2026-10-07_00:04:47,76,57,60,40,4900,5200,3907,5.59,26,21.68,0x0000000000000001
2026-10-07_00:05:17,81,58,64,40,4900,5200,4391,6.84,29,32.27,0x0000000000000001
2026-10-07_00:05:47,83,60,65,40,4900,5200,4256,7.80,28,33.46,0x0000000000000001
2026-10-07_00:06:17,84,60,65,40,4900,5300,4391,7.96,34,29.61,0x0000000000000001
2026-10-07_00:06:48,84,60,65,40,4900,5300,4382,8.38,35,32.80,0x0000000000000001
2026-10-07_00:07:18,84,60,66,40,4900,5300,4391,8.46,30,30.37,0x0000000000000001
2026-10-07_00:07:48,77,57,61,41,4800,5100,4391,5.61,30,27.84,0x0000000000000001
2026-10-07_00:08:18,81,59,64,41,4900,5200,4391,7.84,30,28.97,0x0000000000000001
2026-10-07_00:08:48,84,60,65,40,4900,5200,4391,7.10,32,28.96,0x0000000000000001
2026-10-07_00:09:18,84,60,66,40,4900,5200,4366,7.07,28,32.17,0x0000000000000001
2026-10-07_00:09:48,84,60,66,40,4900,5200,4366,8.83,29,29.29,0x0000000000000001
2026-10-07_00:10:19,84,60,66,40,4900,5200,4379,8.42,28,29.67,0x0000000000000001
2026-10-07_00:10:49,77,57,60,40,4900,5200,4391,8.81,28,27.89,0x0000000000000001
2026-10-07_00:11:19,82,59,64,40,4900,5200,4391,8.66,26,33.47,0x0000000000000001
2026-10-07_00:11:49,84,60,66,40,4900,5200,4366,8.70,29,33.01,0x0000000000000001
2026-10-07_00:12:19,84,60,65,40,4900,5200,4384,7.79,38,29.81,0x0000000000000001
2026-10-07_00:12:49,85,60,67,41,4900,5200,4366,6.81,38,29.78,0x0000000000000001
2026-10-07_00:13:19,84,61,67,41,4900,5200,4364,6.77,52,28.97,0x0000000000000001
2026-10-07_00:13:50,80,58,64,41,4900,5200,4391,6.85,38,30.92,0x0000000000000001
2026-10-07_00:14:20,83,60,64,41,4900,5200,4391,8.33,30,30.12,0x0000000000000001
2026-10-07_00:14:50,84,60,65,41,4900,5200,4366,7.40,39,29.16,0x0000000000000001
2026-10-07_00:15:20,84,61,66,41,4900,5200,4341,7.68,30,32.54,0x0000000000000001
2026-10-07_00:15:50,84,60,67,41,4900,5200,4361,7.22,38,28.98,0x0000000000000001
2026-10-07_00:16:20,84,60,63,41,4900,5200,3982,8.03,27,21.55,0x0000000000000001
2026-10-07_00:16:50,81,59,63,41,4900,5200,4391,8.26,33,28.80,0x0000000000000001
2026-10-07_00:17:21,83,60,66,41,4900,5200,4366,7.70,29,29.58,0x0000000000000001
2026-10-07_00:17:51,84,60,66,41,4900,5200,4366,7.75,40,29.26,0x0000000000000001
2026-10-07_00:18:21,85,60,66,41,4900,5200,4366,10.00,40,29.21,0x0000000000000001
2026-10-07_00:18:51,85,61,66,41,4900,5200,4300,8.83,41,29.48,0x0000000000000001
2026-10-07_00:19:21,82,59,62,41,4900,5200,4297,8.13,31,21.49,0x0000000000000001
2026-10-07_00:19:51,81,59,64,41,4900,5200,4391,7.22,53,28.75,0x0000000000000001
2026-10-07_00:20:21,84,60,65,41,4900,5200,4366,8.68,38,30.88,0x0000000000000001
2026-10-07_00:20:52,84,60,66,41,4900,5200,4341,6.68,30,30.20,0x0000000000000001
2026-10-07_00:21:22,85,61,66,41,4900,5200,4341,9.56,39,29.42,0x0000000000000001
2026-10-07_00:21:52,85,60,66,41,4900,5200,4341,7.88,54,28.69,0x0000000000000001
2026-10-07_00:22:22,78,59,59,41,4900,5200,3395,6.33,0,18.31,0x0000000000000001
2026-10-07_00:22:52,82,59,65,41,4900,5200,4391,6.22,32,30.36,0x0000000000000001
2026-10-07_00:23:22,84,60,66,41,4900,5200,4060,6.07,28,31.50,0x0000000000000001
2026-10-07_00:23:52,85,61,67,41,4900,5200,4341,7.27,26,34.28,0x0000000000000001
2026-10-07_00:24:23,85,61,66,41,4900,5200,4341,8.96,37,32.94,0x0000000000000001
2026-10-07_00:24:53,85,61,67,41,4900,5200,4352,9.61,30,30.29,0x0000000000000001
2026-10-07_00:25:23,74,59,60,41,4900,5200,4416,8.13,40,21.16,0x0000000000000001
2026-10-07_00:25:53,82,59,65,41,4900,5200,4391,9.64,47,28.68,0x0000000000000001
2026-10-07_00:26:23,85,60,66,41,4900,5200,4366,10.07,33,28.82,0x0000000000000001
2026-10-07_00:26:53,85,60,66,41,4900,5200,4167,10.26,49,28.72,0x0000000000000001
2026-10-07_00:27:23,85,61,67,41,4900,5200,4372,9.94,32,32.76,0x0000000000000001
2026-10-07_00:27:54,85,61,66,41,4900,5200,4366,9.37,29,28.87,0x0000000000000001
2026-10-07_00:28:24,76,58,61,41,4900,5200,4441,6.43,25,21.84,0x0000000000000001
2026-10-07_00:28:54,82,59,65,41,4900,5200,4391,9.36,32,29.92,0x0000000000000001
2026-10-07_00:29:24,84,60,67,41,4900,5200,4366,8.18,30,31.64,0x0000000000000001
2026-10-07_00:29:54,85,60,66,41,4900,5200,4341,8.03,36,29.92,0x0000000000000001
2026-10-07_00:30:24,85,61,66,41,4900,5200,4372,6.83,33,29.60,0x0000000000000001
2026-10-07_00:30:55,85,61,67,41,4900,5200,4366,5.76,32,30.36,0x0000000000000001
2026-10-07_00:31:25,76,58,61,41,4900,5200,4139,5.11,25,22.00,0x0000000000000001
2026-10-07_00:31:55,82,59,64,41,4900,5200,4391,4.18,32,28.99,0x0000000000000001
2026-10-07_00:32:25,84,60,66,41,4900,5200,4372,5.84,35,29.38,0x0000000000000001
2026-10-07_00:32:55,85,61,66,41,4900,5200,4341,7.31,35,29.52,0x0000000000000001
2026-10-07_00:33:25,85,61,66,41,4900,5200,4345,8.38,28,30.43,0x0000000000000001
2026-10-07_00:33:55,85,61,66,41,4900,5200,4382,7.55,29,29.75,0x0000000000000001
2026-10-07_00:34:26,77,58,62,41,4900,5200,4056,6.02,28,28.12,0x0000000000000001
2026-10-07_00:34:56,82,59,64,41,4900,5200,4366,5.71,32,28.97,0x0000000000000001
2026-10-07_00:35:26,84,60,66,41,4900,5200,4366,6.82,34,29.32,0x0000000000000001
2026-10-07_00:35:56,84,61,66,41,4900,5200,4366,9.03,30,33.26,0x0000000000000001
2026-10-07_00:36:26,85,61,67,41,4900,5200,4391,6.65,32,31.23,0x0000000000000001
2026-10-07_00:36:56,83,60,64,41,4900,5200,4416,7.57,27,22.28,0x0000000000000001
2026-10-07_00:37:26,81,59,63,41,4900,5200,4326,6.14,27,28.61,0x0000000000000001
2026-10-07_00:37:57,83,60,65,41,4900,5200,4209,7.97,37,29.84,0x0000000000000001
2026-10-07_00:38:27,84,61,66,41,4900,5200,4341,7.97,26,33.38,0x0000000000000001
2026-10-07_00:38:57,85,61,66,41,4900,5200,4365,8.80,28,33.18,0x0000000000000001
2026-10-07_00:39:27,85,61,67,41,4900,5200,4366,8.52,29,33.34,0x0000000000000001
2026-10-07_00:39:57,82,61,64,41,4900,5200,4019,7.31,11,34.81,0x0000000000000001
2026-10-07_00:40:27,81,59,63,41,4900,5200,4391,7.71,27,32.67,0x0000000000000001
2026-10-07_00:40:57,83,60,65,42,4900,5200,4366,7.78,36,29.27,0x0000000000000001
2026-10-07_00:41:27,85,60,67,41,4900,5200,4341,7.69,32,29.70,0x0000000000000001
2026-10-07_00:41:58,85,61,67,41,4900,5200,4365,7.06,26,32.27,0x0000000000000001
2026-10-07_00:42:28,85,61,68,41,4900,5200,4366,6.86,48,29.04,0x0000000000000001
2026-10-07_00:42:58,79,59,62,41,4900,5200,4123,6.86,43,22.02,0x0000000000000001
2026-10-07_00:43:28,81,59,64,42,4900,5200,4391,5.83,33,31.34,0x0000000000000001
2026-10-07_00:43:58,84,61,66,42,4900,5200,4366,5.82,28,31.26,0x0000000000000001
2026-10-07_00:44:28,85,61,66,42,4900,5200,4366,5.79,34,31.99,0x0000000000000001
2026-10-07_00:44:58,85,61,67,42,4900,5200,4366,6.17,31,30.89,0x0000000000000001
2026-10-07_00:45:29,85,61,67,42,4900,5200,4345,6.92,30,30.51,0x0000000000000001
2026-10-07_00:45:59,83,60,65,42,4900,5200,4391,6.18,29,28.81,0x0000000000000001
2026-10-07_00:46:29,82,59,64,42,4900,5200,4296,7.86,38,28.65,0x0000000000000001
2026-10-07_00:46:59,84,60,66,42,4900,5200,4340,7.89,36,28.96,0x0000000000000001
2026-10-07_00:47:29,85,61,67,42,4900,5200,4366,10.26,30,32.65,0x0000000000000001
2026-10-07_00:47:59,85,61,66,42,4900,5200,4366,8.95,29,32.87,0x0000000000000001
2026-10-07_00:48:30,85,61,66,42,4900,5200,4257,9.32,38,31.13,0x0000000000000001
2026-10-07_00:49:00,77,59,61,42,4900,5200,4268,7.13,16,33.42,0x0000000000000001
2026-10-07_00:49:30,82,59,65,42,4900,5200,4366,7.47,33,28.61,0x0000000000000001
2026-10-07_00:50:00,84,60,66,42,4900,5200,4378,8.96,29,30.10,0x0000000000000001
2026-10-07_00:50:30,84,60,66,41,4900,5200,4345,7.45,51,28.74,0x0000000000000001
2026-10-07_00:51:00,84,60,66,41,4900,5200,4366,6.72,41,29.07,0x0000000000000001
2026-10-07_00:51:30,84,60,66,41,4900,5200,4366,8.93,29,30.06,0x0000000000000001
2026-10-07_00:52:01,76,59,60,41,4900,5200,4136,6.11,10,34.02,0x0000000000000001
2026-10-07_00:52:31,82,59,65,41,4900,5200,4391,6.71,33,29.82,0x0000000000000001
2026-10-07_00:53:01,83,60,64,41,4900,5200,4366,7.45,27,29.93,0x0000000000000001
2026-10-07_00:53:31,84,60,66,41,4900,5200,4366,6.40,32,31.89,0x0000000000000001
2026-10-07_00:54:01,84,60,65,41,4900,5200,4366,6.62,26,30.99,0x0000000000000001
2026-10-07_00:54:31,83,59,63,41,4900,5200,4253,8.07,24,23.92,0x0000000000000001
2026-10-07_00:55:01,76,58,61,41,4900,5200,4391,6.58,54,22.52,0x0000000000000001
2026-10-07_00:55:31,82,59,64,41,4900,5200,4391,7.06,27,32.49,0x0000000000000001
2026-10-07_00:56:02,84,59,64,41,4900,5200,4341,6.53,50,28.51,0x0000000000000001
2026-10-07_00:56:32,84,60,65,41,4900,5200,4366,6.65,32,28.88,0x0000000000000001
2026-10-07_00:57:02,84,60,66,41,4900,5200,4300,7.02,27,32.34,0x0000000000000001
2026-10-07_00:57:32,80,59,62,41,4900,5200,4116,5.82,29,21.87,0x0000000000000001
2026-10-07_00:58:02,80,57,62,41,4900,5200,4391,4.40,31,28.09,0x0000000000000001
2026-10-07_00:58:32,82,59,64,41,4900,5200,4391,7.95,30,32.48,0x0000000000000001
2026-10-07_00:59:02,83,59,66,41,4900,5200,4341,10.18,37,31.88,0x0000000000000001
2026-10-07_00:59:33,84,60,65,41,4900,5200,4366,7.58,30,28.78,0x0000000000000001
2026-10-07_01:00:03,84,60,65,41,4900,5200,4391,9.02,34,29.52,0x0000000000000001
2026-10-07_01:00:33,80,60,62,41,4900,5200,4416,7.14,11,34.56,0x0000000000000001
2026-10-07_01:01:03,80,58,63,40,4900,5200,4394,5.77,30,28.68,0x0000000000000001
2026-10-07_01:01:33,82,58,64,40,4900,5200,4391,8.23,35,28.68,0x0000000000000001
2026-10-07_01:02:03,83,59,64,40,4900,5200,4260,9.54,38,29.09,0x0000000000000001
2026-10-07_01:02:33,84,59,66,40,4900,5200,4151,9.51,37,29.00,0x0000000000000001
2026-10-07_01:03:04,84,60,66,40,4900,5200,4366,8.51,38,29.02,0x0000000000000001
2026-10-07_01:03:34,76,58,58,40,4900,5200,3963,7.50,4,33.76,0x0000000000000001
2026-10-07_01:04:04,81,58,63,40,4900,5200,4391,7.73,29,29.62,0x0000000000000001
2026-10-07_01:04:34,83,59,65,40,4900,5200,4037,8.12,30,30.64,0x0000000000000001
2026-10-07_01:05:04,84,60,65,40,4900,5200,4391,8.15,35,30.76,0x0000000000000001
2026-10-07_01:05:34,84,60,66,40,4900,5200,4366,6.27,30,29.56,0x0000000000000001
2026-10-07_01:06:04,84,60,66,40,4900,5200,4354,7.46,36,29.15,0x0000000000000001
2026-10-07_01:06:35,75,60,58,40,4900,5200,3982,7.73,0,34.41,0x0000000000000001
2026-10-07_01:07:05,82,59,64,40,4900,5200,4391,5.96,31,29.00,0x0000000000000001
2026-10-07_01:07:35,84,60,65,40,4900,5200,4366,6.56,35,32.56,0x0000000000000001
2026-10-07_01:08:05,84,60,66,40,4900,5200,4366,8.38,40,29.21,0x0000000000000001
2026-10-07_01:08:35,85,60,66,40,4900,5200,4366,9.29,35,29.35,0x0000000000000001
2026-10-07_01:09:05,87,61,67,40,4900,5200,4341,9.13,31,30.07,0x0000000000000001
2026-10-07_01:09:35,80,58,62,41,4800,5100,4341,7.23,28,27.70,0x0000000000000001
2026-10-07_01:10:06,82,59,66,40,4900,5200,4391,8.19,32,31.16,0x0000000000000001
2026-10-07_01:10:36,84,60,65,40,4900,5200,4341,6.80,27,33.67,0x0000000000000001
2026-10-07_01:11:06,85,61,66,41,4900,5200,4327,7.67,29,31.84,0x0000000000000001
2026-10-07_01:11:36,85,61,66,41,4900,5200,4281,6.59,26,30.95,0x0000000000000001
2026-10-07_01:12:06,85,61,66,41,4900,5200,4366,8.12,55,29.26,0x0000000000000001
2026-10-07_01:12:36,81,59,64,41,4900,5200,4391,7.42,29,29.84,0x0000000000000001
2026-10-07_01:13:06,83,60,66,41,4900,5200,4097,7.48,37,29.16,0x0000000000000001
2026-10-07_01:13:37,85,61,65,41,4900,5200,4341,6.90,28,31.28,0x0000000000000001
2026-10-07_01:14:07,85,61,66,41,4900,5200,4258,6.42,36,29.41,0x0000000000000001
2026-10-07_01:14:37,85,61,67,41,4900,5200,4389,6.39,29,33.51,0x0000000000000001
2026-10-07_01:15:07,84,61,66,41,4900,5200,4366,6.48,35,30.80,0x0000000000000001
2026-10-07_01:15:37,78,58,63,41,4900,5200,4391,4.82,29,27.58,0x0000000000000001
2026-10-07_01:16:07,83,60,65,41,4900,5200,4357,4.09,38,30.99,0x0000000000000001
2026-10-07_01:16:37,84,60,66,41,4900,5200,4366,5.69,36,32.48,0x0000000000000001
2026-10-07_01:17:08,85,61,66,41,4900,5200,4341,7.09,35,31.05,0x0000000000000001
2026-10-07_01:17:38,85,61,66,41,4900,5200,4366,11.41,32,29.51,0x0000000000000001
2026-10-07_01:18:08,85,60,65,41,4900,5200,4415,10.36,24,22.41,0x0000000000000001
2026-10-07_01:18:38,81,59,64,41,4900,5200,4279,7.59,28,29.24,0x0000000000000001
2026-10-07_01:19:08,83,60,66,41,4900,5200,4366,7.36,27,33.00,0x0000000000000001
2026-10-07_01:19:38,84,61,66,41,4900,5200,4257,9.90,30,33.81,0x0000000000000001
2026-10-07_01:20:08,85,61,67,41,4900,5200,4366,8.66,31,29.87,0x0000000000000001
2026-10-07_01:20:39,85,61,66,41,4900,5200,4341,6.38,32,30.40,0x0000000000000001
2026-10-07_01:21:09,82,61,63,41,4900,5200,4402,6.35,11,35.21,0x0000000000000001
2026-10-07_01:21:39,81,59,64,41,4900,5200,4252,4.79,49,28.37,0x0000000000000001
2026-10-07_01:22:09,84,60,66,41,4900,5200,4366,5.67,37,29.62,0x0000000000000001
2026-10-07_01:22:39,85,61,67,41,4900,5200,4366,8.22,53,29.60,0x0000000000000001
2026-10-07_01:23:09,85,61,66,41,4900,5200,4341,7.87,34,29.85,0x0000000000000001
2026-10-07_01:23:40,85,61,66,41,4900,5200,4341,9.00,38,29.39,0x0000000000000001
2026-10-07_01:24:10,76,59,58,41,4900,5200,3770,7.99,0,26.45,0x0000000000000001
2026-10-07_01:24:40,82,60,65,41,4900,5200,4391,5.96,29,31.82,0x0000000000000001
2026-10-07_01:25:10,85,60,66,41,4900,5200,4341,8.09,37,29.29,0x0000000000000001
2026-10-07_01:25:40,85,61,66,41,4900,5200,4366,9.27,30,30.62,0x0000000000000001
2026-10-07_01:26:10,85,61,66,41,4900,5200,4341,9.35,27,31.63,0x0000000000000001
2026-10-07_01:26:40,85,61,67,41,4900,5200,4366,9.53,38,29.29,0x0000000000000001
2026-10-07_01:27:10,78,58,61,41,4900,5200,4062,7.39,22,20.83,0x0000000000000001
2026-10-07_01:27:41,82,59,65,42,4900,5200,4389,6.51,37,30.91,0x0000000000000001
2026-10-07_01:28:11,85,60,67,41,4900,5200,4205,7.86,30,30.28,0x0000000000000001
2026-10-07_01:28:41,85,61,67,41,4900,5200,4366,9.41,33,32.92,0x0000000000000001
2026-10-07_01:29:11,85,61,66,42,4900,5200,4366,8.85,38,29.37,0x0000000000000001
2026-10-07_01:29:41,85,61,67,42,4900,5200,4366,10.91,32,29.68,0x0000000000000001
2026-10-07_01:30:11,76,58,61,42,4900,5200,4275,7.26,27,21.95,0x0000000000000001
2026-10-07_01:30:41,82,59,65,42,4900,5200,4391,6.11,29,32.98,0x0000000000000001
2026-10-07_01:31:12,84,60,65,42,4900,5200,4341,4.91,36,30.06,0x0000000000000001
2026-10-07_01:31:42,84,60,66,42,4900,5200,4366,5.83,36,32.70,0x0000000000000001
2026-10-07_01:32:12,84,60,66,41,4900,5200,4366,6.97,31,29.81,0x0000000000000001
2026-10-07_01:32:42,84,60,66,41,4900,5200,4366,7.26,33,29.06,0x0000000000000001
2026-10-07_01:33:12,80,58,67,41,4900,5200,4014,6.34,25,32.56,0x0000000000000001
2026-10-07_01:33:42,86,60,72,41,4900,5200,4373,5.69,35,31.59,0x0000000000000001
2026-10-07_01:34:12,86,61,68,41,4900,5200,4358,5.62,30,33.50,0x0000000000000001
2026-10-07_01:34:43,85,61,67,41,4900,5200,4341,7.80,38,29.20,0x0000000000000001
2026-10-07_01:35:13,85,61,67,41,4900,5200,4270,9.34,34,29.20,0x0000000000000001
2026-10-07_01:35:43,85,61,66,41,4900,5200,4356,10.57,29,29.22,0x0000000000000001
2026-10-07_01:36:13,79,58,61,41,4900,5200,4250,8.10,27,21.77,0x0000000000000001
2026-10-07_01:36:43,81,59,64,41,4900,5200,4391,8.22,29,30.95,0x0000000000000001
2026-10-07_01:37:13,83,59,65,41,4900,5200,4365,7.58,29,29.91,0x0000000000000001
2026-10-07_01:37:44,84,60,66,41,4900,5200,4366,9.94,30,32.87,0x0000000000000001
2026-10-07_01:38:14,84,60,66,41,4900,5200,4366,11.41,38,28.99,0x0000000000000001
2026-10-07_01:38:44,83,60,66,41,4900,5200,4391,8.45,29,33.46,0x0000000000000001
2026-10-07_01:39:14,76,57,60,41,4900,5200,3979,6.83,26,23.51,0x0000000000000001
2026-10-07_01:39:44,81,59,63,41,4900,5200,4389,8.40,28,32.41,0x0000000000000001
2026-10-07_01:40:14,83,59,65,41,4900,5200,4384,8.91,28,30.58,0x0000000000000001
2026-10-07_01:40:44,83,59,66,41,4900,5200,4329,9.79,38,29.05,0x0000000000000001
2026-10-07_01:41:15,84,60,65,40,4900,5200,4341,7.91,30,28.99,0x0000000000000001
2026-10-07_01:41:45,83,59,65,40,4900,5200,4387,6.42,35,29.08,0x0000000000000001
2026-10-07_01:42:15,76,57,61,41,4900,5200,4286,5.13,30,27.64,0x0000000000000001
2026-10-07_01:42:45,81,59,64,40,4900,5200,4391,5.33,27,32.26,0x0000000000000001
2026-10-07_01:43:15,83,59,65,40,4900,5200,4366,5.66,30,32.71,0x0000000000000001
2026-10-07_01:43:45,83,60,64,40,4900,5200,4366,6.58,31,33.13,0x0000000000000001
2026-10-07_01:44:15,83,59,65,40,4900,5200,4341,6.58,35,29.05,0x0000000000000001
2026-10-07_01:44:45,83,59,63,40,4900,5200,4416,7.39,14,31.22,0x0000000000000001
2026-10-07_01:45:16,80,57,63,40,4900,5200,4401,6.75,35,28.35,0x0000000000000001
2026-10-07_01:45:46,81,58,64,40,4900,5200,4391,6.13,27,29.97,0x0000000000000001
2026-10-07_01:46:16,83,59,65,40,4900,5200,4389,7.60,33,29.90,0x0000000000000001
2026-10-07_01:46:46,83,59,65,40,4900,5200,4366,9.99,36,29.41,0x0000000000000001
2026-10-07_01:47:16,83,59,64,40,4900,5200,4366,8.08,27,31.15,0x0000000000000001
2026-10-07_01:47:46,80,59,59,40,4900,5200,3604,7.64,0,32.77,0x0000000000000001
2026-10-07_01:48:16,80,58,63,40,4900,5200,4392,5.87,37,31.78,0x0000000000000001
2026-10-07_01:48:47,83,58,65,40,4900,5200,4366,8.51,38,29.62,0x0000000000000001
2026-10-07_01:49:17,83,59,64,40,4900,5200,4366,8.41,30,30.16,0x0000000000000001
2026-10-07_01:49:47,83,59,66,40,4900,5200,4366,8.72,27,34.11,0x0000000000000001
2026-10-07_01:50:17,84,60,65,40,4900,5200,4368,7.63,29,33.27,0x0000000000000001
2026-10-07_01:50:47,77,57,57,40,4900,5200,3733,6.35,0,16.08,0x0000000000000001
2026-10-07_01:51:17,80,58,63,40,4900,5200,4414,6.04,30,28.97,0x0000000000000001
2026-10-07_01:51:47,83,58,64,40,4900,5200,4341,7.75,30,29.44,0x0000000000000001
2026-10-07_01:52:18,83,59,65,40,4900,5200,4374,7.11,36,28.98,0x0000000000000001
2026-10-07_01:52:48,83,59,66,40,4900,5200,4381,6.30,30,30.57,0x0000000000000001
2026-10-07_01:53:18,83,59,66,40,4900,5200,4391,6.03,31,29.32,0x0000000000000001
2026-10-07_01:53:48,75,57,61,40,4900,5200,4173,6.02,20,21.96,0x0000000000000001
2026-10-07_01:54:18,80,58,63,40,4900,5200,4391,6.53,36,30.05,0x0000000000000001
2026-10-07_01:54:48,83,58,64,40,4900,5200,4366,9.78,38,28.97,0x0000000000000001
2026-10-07_01:55:18,83,59,64,40,4900,5200,4366,9.07,26,32.55,0x0000000000000001
2026-10-07_01:55:49,83,59,65,40,4900,5200,4366,7.99,33,28.89,0x0000000000000001
2026-10-07_01:56:19,83,59,65,40,4900,5200,4391,6.84,30,29.72,0x0000000000000001
2026-10-07_01:56:49,75,56,60,40,4800,5100,4219,4.77,30,26.19,0x0000000000000001
2026-10-07_01:57:19,80,58,64,40,4900,5200,4391,7.53,27,32.63,0x0000000000000001
2026-10-07_01:57:49,83,58,65,40,4900,5200,4366,11.00,36,28.69,0x0000000000000001
2026-10-07_01:58:19,83,59,64,40,4900,5200,4370,10.89,34,31.66,0x0000000000000001
2026-10-07_01:58:49,83,59,65,40,4900,5200,4384,8.93,26,33.36,0x0000000000000001
2026-10-07_01:59:20,83,59,64,40,4900,5200,4391,8.48,29,32.82,0x0000000000000001
2026-10-07_01:59:50,79,57,61,40,4800,4900,4414,6.79,29,28.72,0x0000000000000001
2026-10-07_02:00:20,81,58,64,40,4900,5200,4366,6.99,28,29.00,0x0000000000000001
2026-10-07_02:00:50,83,58,64,40,4900,5200,4366,7.02,29,29.15,0x0000000000000001
2026-10-07_02:01:20,83,58,64,40,4900,5200,4387,9.20,32,28.92,0x0000000000000001
2026-10-07_02:01:50,83,59,66,40,4900,5200,4366,8.19,25,33.35,0x0000000000000001
2026-10-07_02:02:20,82,59,65,40,4900,5200,4391,7.12,27,33.24,0x0000000000000001
2026-10-07_02:02:51,79,57,61,40,4800,4900,4391,5.25,25,31.95,0x0000000000000001
2026-10-07_02:03:21,82,58,64,40,4900,5200,4366,8.19,31,28.88,0x0000000000000001
2026-10-07_02:03:51,83,59,64,40,4900,5200,4391,9.26,36,32.27,0x0000000000000001
2026-10-07_02:04:21,83,59,63,40,4900,5200,4285,8.33,29,32.89,0x0000000000000001
2026-10-07_02:04:51,83,59,65,40,4900,5200,4366,6.93,29,33.42,0x0000000000000001
2026-10-07_02:05:21,79,58,62,40,4900,5200,4190,6.20,19,23.50,0x0000000000000001
2026-10-07_02:05:51,79,57,63,40,4900,5100,4414,8.18,33,29.29,0x0000000000000001
2026-10-07_02:06:22,82,58,64,40,4900,5200,4366,8.43,39,28.96,0x0000000000000001
2026-10-07_02:06:52,82,59,64,40,4900,5200,4324,9.01,31,31.56,0x0000000000000001
2026-10-07_02:07:22,83,59,65,40,4900,5200,4366,8.06,33,29.31,0x0000000000000001
2026-10-07_02:07:52,83,59,64,40,4900,5200,4368,9.08,37,31.30,0x0000000000000001
2026-10-07_02:08:22,76,57,60,40,4900,5200,3252,9.60,0,16.21,0x0000000000000001
2026-10-07_02:08:52,80,57,63,40,4900,5200,4391,7.59,32,28.75,0x0000000000000001
2026-10-07_02:09:22,82,58,65,40,4900,5200,4366,7.12,30,29.93,0x0000000000000001
2026-10-07_02:09:53,82,58,63,39,4900,5200,4366,7.02,34,28.81,0x0000000000000001
2026-10-07_02:10:23,83,59,63,39,4900,5200,4366,9.04,53,30.59,0x0000000000000001
2026-10-07_02:10:53,83,59,65,39,4900,5200,4366,8.54,31,31.84,0x0000000000000001
2026-10-07_02:11:23,73,57,57,39,4900,5200,4453,7.55,9,32.78,0x0000000000000001
2026-10-07_02:11:53,80,57,62,40,4900,5200,4390,8.33,30,28.31,0x0000000000000001
2026-10-07_02:12:23,82,58,64,40,4900,5200,4366,7.79,40,29.06,0x0000000000000001
2026-10-07_02:12:53,82,58,64,40,4900,5200,4355,9.22,37,28.97,0x0000000000000001
2026-10-07_02:13:24,82,58,64,39,4900,5200,4391,9.37,37,29.04,0x0000000000000001
2026-10-07_02:13:54,82,58,64,39,4900,5200,4366,8.84,40,29.13,0x0000000000000001
2026-10-07_02:14:24,79,56,61,40,4900,5200,4328,7.25,51,23.32,0x0000000000000001
2026-10-07_02:14:54,79,57,63,40,4900,5200,4391,8.74,29,28.96,0x0000000000000001
2026-10-07_02:15:24,82,58,63,39,4900,5200,4366,8.35,34,29.33,0x0000000000000001
2026-10-07_02:15:54,82,58,64,39,4900,5200,4371,9.60,26,33.42,0x0000000000000001
2026-10-07_02:16:24,82,58,64,39,4900,5200,4366,9.95,32,31.41,0x0000000000000001
2026-10-07_02:16:55,82,58,64,39,4900,5200,4366,9.81,28,29.40,0x0000000000000001
2026-10-07_02:17:25,78,56,61,39,4800,4900,4396,7.34,29,29.32,0x0000000000000001
2026-10-07_02:17:55,81,57,62,39,4900,5200,4391,6.26,28,28.75,0x0000000000000001
2026-10-07_02:18:25,82,58,63,39,4900,5200,4391,7.10,28,29.44,0x0000000000000001
2026-10-07_02:18:55,82,58,63,39,4900,5200,4366,7.55,29,32.36,0x0000000000000001
2026-10-07_02:19:25,83,58,65,39,4900,5200,4366,6.71,31,29.87,0x0000000000000001
2026-10-07_02:19:55,82,59,62,39,4900,5200,4003,6.55,12,30.66,0x0000000000000001
2026-10-07_02:20:26,79,57,61,39,4800,4900,4391,7.42,31,32.50,0x0000000000000001
2026-10-07_02:20:56,81,57,63,39,4900,5200,4366,7.28,30,32.18,0x0000000000000001
2026-10-07_02:21:26,82,58,63,39,4900,5200,4366,7.51,38,29.37,0x0000000000000001
2026-10-07_02:21:56,82,58,65,39,4900,5200,4366,7.12,35,32.37,0x0000000000000001
2026-10-07_02:22:26,82,58,63,39,4900,5200,4211,6.82,34,28.90,0x0000000000000001
2026-10-07_02:22:56,80,57,61,39,4900,5200,4441,6.21,30,21.35,0x0000000000000001
2026-10-07_02:23:26,79,57,62,39,4900,5000,4416,7.39,30,28.56,0x0000000000000001
2026-10-07_02:23:57,82,57,63,39,4900,5200,4366,6.62,51,28.49,0x0000000000000001
2026-10-07_02:24:27,82,58,63,39,4900,5200,4391,8.85,30,29.49,0x0000000000000001
2026-10-07_02:24:57,82,58,64,39,4900,5200,4391,7.56,36,31.79,0x0000000000000001
2026-10-07_02:25:27,82,58,64,39,4900,5200,4366,9.19,38,30.08,0x0000000000000001
2026-10-07_02:25:57,74,56,59,39,4900,5200,3897,9.83,36,20.06,0x0000000000000001
2026-10-07_02:26:27,79,57,62,39,4900,5200,4416,8.23,29,32.22,0x0000000000000001
2026-10-07_02:26:57,81,57,63,39,4900,5200,4393,8.38,37,28.50,0x0000000000000001
2026-10-07_02:27:28,82,58,64,39,4900,5200,4389,9.09,32,29.88,0x0000000000000001
2026-10-07_02:27:58,82,58,64,39,4900,5200,4391,7.59,28,29.13,0x0000000000000001
2026-10-07_02:28:28,82,58,64,39,4900,5200,4371,7.07,39,28.96,0x0000000000000001
2026-10-07_02:28:58,74,55,58,39,4800,5000,4416,5.19,43,21.37,0x0000000000000001
2026-10-07_02:29:28,80,57,62,39,4900,5200,4391,5.21,30,33.58,0x0000000000000001
2026-10-07_02:29:58,82,58,62,39,4900,5200,4366,7.91,40,28.85,0x0000000000000001
2026-10-07_02:30:28,82,58,63,39,4900,5200,4391,7.38,38,28.88,0x0000000000000001
2026-10-07_02:30:59,82,58,64,39,4900,5200,4366,7.36,37,28.97,0x0000000000000001
2026-10-07_02:31:29,82,58,64,39,4900,5200,4286,7.13,28,30.94,0x0000000000000001
2026-10-07_02:31:59,78,56,60,39,4800,4900,4388,7.01,30,28.03,0x0000000000000001
2026-10-07_02:32:29,80,57,63,39,4900,5200,4391,7.71,38,29.87,0x0000000000000001
2026-10-07_02:32:59,82,58,63,39,4900,5200,4366,8.75,26,32.83,0x0000000000000001
2026-10-07_02:33:29,82,58,64,39,4900,5200,4341,9.84,34,31.69,0x0000000000000001
2026-10-07_02:33:59,82,58,64,39,4900,5200,4366,9.08,27,32.66,0x0000000000000001
2026-10-07_02:34:30,82,59,65,39,4900,5200,4391,10.46,28,33.58,0x0000000000000001
2026-10-07_02:35:00,79,56,62,39,4300,4600,4416,7.50,30,30.01,0x0000000000000001
2026-10-07_02:35:30,81,58,63,39,4900,5200,4366,6.96,29,33.11,0x0000000000000001
2026-10-07_02:36:00,82,58,64,39,4900,5200,4391,6.68,34,28.67,0x0000000000000001
2026-10-07_02:36:30,82,58,64,39,4900,5200,4366,5.52,28,29.26,0x0000000000000001
2026-10-07_02:37:00,82,58,64,39,4900,5200,4317,4.40,28,32.32,0x0000000000000001
2026-10-07_02:37:30,81,58,62,39,4900,5200,4441,5.09,27,25.04,0x0000000000000001
2026-10-07_02:38:01,79,57,62,39,4900,5000,4416,4.00,33,28.40,0x0000000000000001
2026-10-07_02:38:31,81,57,63,39,4900,5200,4365,4.07,37,28.69,0x0000000000000001
2026-10-07_02:39:01,82,58,64,39,4900,5200,4391,3.99,27,29.14,0x0000000000000001
2026-10-07_02:39:31,82,58,64,39,4900,5200,4248,4.28,29,29.57,0x0000000000000001
2026-10-07_02:40:01,82,58,64,39,4900,5200,4366,7.09,27,30.28,0x0000000000000001
2026-10-07_02:40:31,81,58,63,39,4900,5200,4079,7.84,15,26.53,0x0000000000000001
2026-10-07_02:41:01,78,56,61,39,4800,4900,4398,5.85,31,28.15,0x0000000000000001
2026-10-07_02:41:32,80,57,63,39,4900,5200,4229,5.76,50,30.64,0x0000000000000001
2026-10-07_02:42:02,81,58,64,39,4900,5200,4366,8.11,31,32.71,0x0000000000000001
2026-10-07_02:42:32,81,58,63,38,4900,5200,4391,8.30,31,32.78,0x0000000000000001
2026-10-07_02:43:02,82,58,64,38,4900,5200,4391,7.91,33,30.00,0x0000000000000001
2026-10-07_02:43:32,75,56,59,38,4900,5200,4076,5.57,34,21.66,0x0000000000000001
2026-10-07_02:44:02,78,56,61,38,4800,4900,4399,6.51,31,29.21,0x0000000000000001
2026-10-07_02:44:32,80,57,63,38,4900,5200,4391,7.87,28,29.96,0x0000000000000001
2026-10-07_02:45:03,81,57,63,38,4900,5200,4366,8.45,36,28.49,0x0000000000000001
2026-10-07_02:45:33,82,58,63,38,4900,5200,4391,9.19,29,33.22,0x0000000000000001
2026-10-07_02:46:03,81,58,63,38,4900,5200,4366,7.19,27,29.62,0x0000000000000001
2026-10-07_02:46:33,79,57,61,38,4900,5200,4398,7.94,37,28.27,0x0000000000000001
2026-10-07_02:47:03,78,57,62,38,4900,5000,4391,8.20,29,32.79,0x0000000000000001
2026-10-07_02:47:33,81,57,63,38,4900,5200,4366,6.42,30,31.54,0x0000000000000001
2026-10-07_02:48:03,81,57,63,38,4900,5200,4366,8.40,35,32.48,0x0000000000000001
2026-10-07_02:48:34,81,57,62,38,4900,5200,4343,8.37,36,28.85,0x0000000000000001
2026-10-07_02:49:04,81,58,64,38,4900,5200,4366,8.82,38,28.89,0x0000000000000001
2026-10-07_02:49:34,77,55,59,38,4900,5200,4441,6.78,21,19.20,0x0000000000000001
2026-10-07_02:50:04,78,56,61,38,4800,4900,4416,6.19,38,28.41,0x0000000000000001
2026-10-07_02:50:34,81,57,62,38,4900,5200,4366,7.37,29,28.96,0x0000000000000001
2026-10-07_02:51:04,81,57,63,38,4900,5200,4366,8.04,48,28.55,0x0000000000000001
2026-10-07_02:51:34,81,57,63,38,4900,5200,4391,7.80,53,28.82,0x0000000000000001
2026-10-07_02:52:05,81,57,64,38,4900,5200,4307,7.48,35,29.11,0x0000000000000001
2026-10-07_02:52:35,74,55,57,38,4800,5100,4093,5.84,22,30.75,0x0000000000000001
2026-10-07_02:53:05,79,56,62,38,4900,5100,4391,6.95,48,28.02,0x0000000000000001
2026-10-07_02:53:35,80,57,63,38,4900,5200,4402,7.47,28,32.67,0x0000000000000001
2026-10-07_02:54:05,81,57,63,38,4900,5200,4366,7.30,29,30.66,0x0000000000000001
2026-10-07_02:54:35,81,57,63,38,4900,5200,4372,6.90,28,29.55,0x0000000000000001
2026-10-07_02:55:05,81,57,63,38,4900,5200,4390,5.83,31,29.47,0x0000000000000001
2026-10-07_02:55:36,73,54,59,38,4800,4900,4391,4.71,60,22.14,0x0000000000000001
2026-10-07_02:56:06,79,56,62,38,4900,5200,4398,5.83,30,28.76,0x0000000000000001
2026-10-07_02:56:36,81,57,62,38,4900,5200,4391,7.43,27,32.33,0x0000000000000001
2026-10-07_02:57:06,81,57,62,38,4900,5200,4391,9.03,28,29.68,0x0000000000000001
2026-10-07_02:57:36,81,57,63,38,4900,5200,4324,12.03,28,32.99,0x0000000000000001
2026-10-07_02:58:06,81,57,63,38,4900,5200,4161,11.31,37,28.62,0x0000000000000001
2026-10-07_02:58:36,77,55,59,38,4800,4900,4363,9.78,29,28.90,0x0000000000000001
2026-10-07_02:59:07,79,56,61,38,4900,5200,4416,7.49,49,29.02,0x0000000000000001
2026-10-07_02:59:37,81,56,63,38,4900,5200,4332,5.54,33,31.10,0x0000000000000001
2026-10-07_03:00:07,81,57,62,38,4900,5200,4388,6.81,36,28.67,0x0000000000000001
2026-10-07_03:00:37,81,57,63,38,4900,5200,4391,7.86,48,28.21,0x0000000000000001
2026-10-07_03:01:07,80,56,61,38,4900,5200,4186,9.72,27,25.96,0x0000000000000001
2026-10-07_03:01:37,77,54,61,38,4800,4900,4416,6.65,38,28.17,0x0000000000000001
2026-10-07_03:02:07,79,56,61,38,4900,5200,4018,8.47,28,28.98,0x0000000000000001
2026-10-07_03:02:38,81,56,62,38,4900,5200,4378,7.07,34,28.63,0x0000000000000001
2026-10-07_03:03:08,81,56,62,38,4900,5200,4382,9.13,39,28.65,0x0000000000000001
2026-10-07_03:03:38,81,57,62,38,4900,5200,4366,9.74,32,28.62,0x0000000000000001
2026-10-07_03:04:08,75,55,58,38,4900,5200,4421,6.83,33,21.13,0x0000000000000001
2026-10-07_03:04:38,73,54,62,38,4100,4000,4374,4.35,10,32.92,0x0000000000000001
2026-10-07_03:05:08,81,56,62,38,4900,5200,4391,6.93,29,31.05,0x0000000000000001
2026-10-07_03:05:38,81,57,62,38,4900,5200,4366,6.23,28,32.13,0x0000000000000001
2026-10-07_03:06:09,81,57,63,38,4900,5200,4366,6.29,34,31.00,0x0000000000000001
2026-10-07_03:06:39,81,57,62,38,4900,5200,4366,7.65,29,32.26,0x0000000000000001
2026-10-07_03:07:09,76,56,59,38,4900,5200,4441,5.94,11,33.49,0x0000000000000001
2026-10-07_03:07:39,77,54,60,38,4800,4900,4416,4.46,30,27.66,0x0000000000000001
2026-10-07_03:08:09,80,56,61,38,4900,5200,4391,6.26,28,31.86,0x0000000000000001
2026-10-07_03:08:39,80,56,63,38,4900,5200,4366,8.14,28,29.66,0x0000000000000001
2026-10-07_03:09:09,80,56,62,38,4900,5200,4372,9.52,52,28.37,0x0000000000000001
2026-10-07_03:09:39,80,56,63,38,4900,5200,4388,9.41,36,28.36,0x0000000000000001
2026-10-07_03:10:10,78,55,60,38,4900,5200,4415,6.97,51,27.10,0x0000000000000001
2026-10-07_03:10:40,77,54,60,38,4800,4900,4401,5.04,30,28.09,0x0000000000000001
2026-10-07_03:11:10,80,56,61,38,4900,5200,4390,5.86,28,29.03,0x0000000000000001
2026-10-07_03:11:40,80,56,62,38,4900,5200,4399,5.79,38,28.59,0x0000000000000001
2026-10-07_03:12:10,80,56,62,38,4900,5200,4375,7.59,33,28.57,0x0000000000000001
2026-10-07_03:12:40,80,56,61,38,4900,5200,4391,8.20,38,28.56,0x0000000000000001
2026-10-07_03:13:10,74,55,57,38,4900,5200,4094,9.05,11,33.14,0x0000000000000001
2026-10-07_03:13:41,78,55,61,38,4800,4900,4403,8.54,35,28.31,0x0000000000000001
2026-10-07_03:14:11,80,56,63,38,4900,5200,4391,9.17,29,32.69,0x0000000000000001
2026-10-07_03:14:41,80,56,61,38,4900,5200,4413,9.14,30,32.30,0x0000000000000001
2026-10-07_03:15:11,80,56,62,38,4900,5200,4391,8.11,54,28.73,0x0000000000000001
2026-10-07_03:15:41,77,56,58,38,4900,5200,4440,6.35,11,33.76,0x0000000000000001
2026-10-07_03:16:11,76,54,60,38,4800,4900,3977,6.25,28,28.11,0x0000000000000001
2026-10-07_03:16:41,79,55,61,38,4800,4900,4391,7.03,37,28.15,0x0000000000000001
2026-10-07_03:17:12,80,56,61,38,4900,5200,4391,6.47,29,30.56,0x0000000000000001
2026-10-07_03:17:42,84,56,64,38,4900,5200,4366,6.23,37,29.84,0x0000000000000001
2026-10-07_03:18:12,80,56,61,38,4900,5200,4293,8.61,40,28.58,0x0000000000000001
2026-10-07_03:18:42,78,55,60,38,4900,5200,4391,6.99,36,27.35,0x0000000000000001
2026-10-07_03:19:12,77,54,60,38,4600,4800,4416,5.72,48,28.14,0x0000000000000001
2026-10-07_03:19:42,80,55,61,38,4800,4800,4348,8.19,37,28.51,0x0000000000000001
2026-10-07_03:20:12,80,56,62,38,4900,5200,4372,9.32,25,32.16,0x0000000000000001
2026-10-07_03:20:43,80,56,62,38,4900,5200,4237,10.31,31,32.55,0x0000000000000001
2026-10-07_03:21:13,80,56,61,38,4900,5200,4391,11.17,32,28.32,0x0000000000000001
2026-10-07_03:21:43,73,54,56,38,4700,4900,4152,8.46,11,31.71,0x0000000000000001
2026-10-07_03:22:13,78,55,61,38,4800,4800,4396,7.72,48,28.74,0x0000000000000001
2026-10-07_03:22:43,80,56,62,38,4900,5200,4391,9.60,27,28.97,0x0000000000000001
2026-10-07_03:23:13,80,56,62,38,4900,5200,4391,9.64,31,28.64,0x0000000000000001
2026-10-07_03:23:43,80,56,63,38,4900,5200,4391,10.15,29,31.25,0x0000000000000001
2026-10-07_03:24:14,80,56,62,38,4900,5200,4347,8.37,31,29.06,0x0000000000000001
2026-10-07_03:24:44,76,53,59,38,4400,4500,4416,5.47,41,27.24,0x0000000000000001
2026-10-07_03:25:14,79,55,62,38,4800,4800,4416,6.14,27,28.45,0x0000000000000001
2026-10-07_03:25:44,80,56,62,38,4900,5200,4391,5.59,36,28.51,0x0000000000000001
2026-10-07_03:26:14,80,56,63,38,4900,5200,4366,7.36,34,28.93,0x0000000000000001
2026-10-07_03:26:44,80,56,62,38,4900,5200,4391,8.39,29,32.23,0x0000000000000001
2026-10-07_03:27:14,77,56,59,38,4900,5200,4282,7.32,10,33.83,0x0000000000000001
2026-10-07_03:27:45,77,55,61,38,4400,4700,4416,6.81,53,27.78,0x0000000000000001
2026-10-07_03:28:15,80,56,61,38,4800,4900,4391,6.68,29,29.39,0x0000000000000001
2026-10-07_03:28:45,80,56,62,38,4900,5200,4391,6.58,33,31.23,0x0000000000000001
2026-10-07_03:29:15,80,56,62,38,4900,5200,4391,7.82,33,28.69,0x0000000000000001
2026-10-07_03:29:45,80,56,62,38,4900,5200,4304,7.62,34,30.52,0x0000000000000001
2026-10-07_03:30:15,72,54,57,38,4800,5100,4037,7.90,8,32.12,0x0000000000000001
2026-10-07_03:30:45,78,55,60,38,4800,4800,4416,7.41,30,30.90,0x0000000000000001
2026-10-07_03:31:16,80,56,61,38,4900,5200,4391,5.95,30,33.15,0x0000000000000001
2026-10-07_03:31:46,80,56,61,38,4900,5200,4391,7.21,38,28.50,0x0000000000000001
2026-10-07_03:32:16,80,56,61,38,4900,5200,4391,6.63,36,29.17,0x0000000000000001
2026-10-07_03:32:46,80,56,62,38,4900,5200,4386,6.48,34,28.32,0x0000000000000001
2026-10-07_03:33:16,71,51,61,38,4000,4300,4122,4.94,15,17.99,0x0000000000000001
2026-10-07_03:33:46,79,54,67,38,4600,4800,4416,4.28,30,26.17,0x0000000000000001
2026-10-07_03:34:16,77,54,58,38,4900,5200,4441,5.26,22,20.18,0x0000000000000001
2026-10-07_03:34:47,70,52,55,38,4700,4800,4129,4.36,35,19.19,0x0000000000000001
2026-10-07_03:35:17,77,54,60,38,4800,4800,4342,4.70,29,26.20,0x0000000000000001
2026-10-07_03:35:47,73,53,57,38,4600,4800,3873,4.59,41,22.69,0x0000000000000001
2026-10-07_03:36:17,75,53,59,38,4200,4500,4416,3.70,30,25.48,0x0000000000000001
2026-10-07_03:36:47,77,54,58,38,4800,4900,3856,6.54,10,25.07,0x0000000000000001
2026-10-07_03:37:17,71,52,55,38,4200,4500,4255,5.66,23,20.78,0x0000000000000001
2026-10-07_03:37:47,77,54,60,38,4800,4800,4416,5.11,30,26.11,0x0000000000000001
2026-10-07_03:38:17,73,53,57,38,4800,4800,4268,4.90,39,22.75,0x0000000000000001
2026-10-07_03:38:48,75,53,59,38,4200,4500,4440,4.22,24,25.69,0x0000000000000001
2026-10-07_03:39:18,77,54,60,38,4800,4800,4416,5.27,28,25.80,0x0000000000000001
2026-10-07_03:39:48,71,53,56,38,4800,4800,4292,4.14,8,34.59,0x0000000000000001
2026-10-07_03:40:18,76,53,59,38,4800,4900,4416,3.59,30,26.00,0x0000000000000001
2026-10-07_03:40:48,72,52,58,38,4800,4900,4170,4.19,28,19.40,0x0000000000000001
2026-10-07_03:41:18,75,53,59,38,4200,4500,4220,5.10,30,25.91,0x0000000000000001
2026-10-07_03:41:48,77,54,59,38,4800,4800,4206,5.27,30,26.33,0x0000000000000001
2026-10-07_03:42:19,72,53,55,38,4200,4500,4188,3.82,7,34.69,0x0000000000000001
2026-10-07_03:42:49,77,53,60,38,4800,4900,4400,4.71,47,25.53,0x0000000000000001
2026-10-07_03:43:19,72,53,56,38,4800,4900,4096,4.96,36,19.45,0x0000000000000001
2026-10-07_03:43:49,75,53,59,38,4200,4500,4237,3.59,27,26.04,0x0000000000000001
2026-10-07_03:44:19,77,54,59,38,4800,4800,4415,3.12,32,26.03,0x0000000000000001
2026-10-07_03:44:49,73,53,55,38,4800,4800,4014,3.12,7,30.35,0x0000000000000001
2026-10-07_03:45:19,77,53,59,38,4800,4800,4274,5.30,47,25.04,0x0000000000000001
2026-10-07_03:45:50,73,53,57,38,4800,4800,4399,5.34,34,20.96,0x0000000000000001
2026-10-07_03:46:20,75,52,58,38,4200,4500,4438,4.07,28,25.23,0x0000000000000001
2026-10-07_03:46:50,77,53,60,38,4800,4800,4416,3.97,48,25.55,0x0000000000000001
2026-10-07_03:47:20,74,52,56,38,4200,4500,4450,3.54,35,19.21,0x0000000000000001
2026-10-07_03:47:50,77,53,59,38,4800,4800,4388,4.94,30,26.19,0x0000000000000001
2026-10-07_03:48:20,73,53,57,38,4800,4800,4134,4.73,20,31.53,0x0000000000000001
2026-10-07_03:48:50,75,52,58,38,4200,4500,4203,6.61,28,25.70,0x0000000000000001
2026-10-07_03:49:21,77,54,59,38,4800,4800,4416,8.49,29,25.95,0x0000000000000001
2026-10-07_03:49:51,74,52,57,38,4200,4500,3776,9.42,37,19.14,0x0000000000000001
2026-10-07_03:50:21,77,53,60,38,4800,4800,4416,7.69,47,24.81,0x0000000000000001
2026-10-07_03:50:51,74,54,58,38,4800,4800,4014,8.80,7,34.92,0x0000000000000001
2026-10-07_03:51:21,76,52,59,38,4300,4500,4395,6.34,27,23.65,0x0000000000000001
2026-10-07_03:51:51,77,53,58,38,4800,4900,4416,8.62,49,25.55,0x0000000000000001
2026-10-07_03:52:21,74,52,56,38,4200,4500,4164,7.61,23,19.82,0x0000000000000001
2026-10-07_03:52:51,77,53,60,38,4600,4900,4105,6.33,30,25.57,0x0000000000000001
2026-10-07_03:53:22,74,54,56,38,4800,4900,4105,5.53,7,31.09,0x0000000000000001
2026-10-07_03:53:52,73,52,57,38,4200,4500,4323,4.65,38,23.91,0x0000000000000001
2026-10-07_03:54:22,77,53,59,38,4800,4900,4416,5.60,30,26.05,0x0000000000000001
2026-10-07_03:54:52,76,53,56,38,4500,4600,4466,5.50,10,25.35,0x0000000000000001
2026-10-07_03:55:22,76,53,60,38,4500,4800,4416,7.96,26,26.47,0x0000000000000001
2026-10-07_03:55:52,76,53,57,38,4800,4900,4441,6.31,36,19.87,0x0000000000000001
2026-10-07_03:56:22,71,51,56,38,4400,4500,4441,4.19,40,22.40,0x0000000000000001
2026-10-07_03:56:53,76,53,60,38,4800,4800,4403,3.83,32,26.03,0x0000000000000001
2026-10-07_03:57:23,75,52,57,38,4500,4600,4416,7.48,25,25.64,0x0000000000000001
2026-10-07_03:57:53,75,53,58,38,4300,4600,4416,5.94,27,25.92,0x0000000000000001
2026-10-07_03:58:23,75,53,58,38,4800,4800,4416,6.93,24,19.96,0x0000000000000001
2026-10-07_03:58:53,71,52,56,38,4200,4500,4043,6.04,16,22.83,0x0000000000000001
2026-10-07_03:59:23,79,52,60,38,4800,4800,4391,6.09,40,23.46,0x0000000000000001
2026-10-07_03:59:53,75,52,58,38,4300,4500,4109,4.92,39,24.38,0x0000000000000001
2026-10-07_04:00:24,69,51,55,38,4500,4600,4210,4.03,36,19.35,0x0000000000000001
2026-10-07_04:00:54,70,51,55,38,4700,4800,4132,4.04,34,19.21,0x0000000000000001
2026-10-07_04:01:24,78,53,60,38,4800,4800,4416,6.60,32,25.89,0x0000000000000001
2026-10-07_04:01:54,73,51,56,38,4200,4500,4130,6.60,33,19.23,0x0000000000000001
2026-10-07_04:02:24,76,52,59,38,4300,4600,4416,6.53,27,25.60,0x0000000000000001
2026-10-07_04:02:54,73,51,56,38,4800,4800,4321,5.66,34,19.28,0x0000000000000001
2026-10-07_04:03:24,74,51,56,38,4200,4500,4416,5.48,38,23.07,0x0000000000000001
2026-10-07_04:03:55,74,52,56,38,4800,4800,4105,4.58,34,19.32,0x0000000000000001
2026-10-07_04:04:25,72,52,55,38,4200,4500,4315,4.94,17,21.06,0x0000000000000001
2026-10-07_04:04:55,76,52,59,38,4300,4600,4416,4.28,47,25.60,0x0000000000000001
2026-10-07_04:05:25,72,51,56,38,4500,4600,4322,3.84,39,22.30,0x0000000000000001
2026-10-07_04:05:55,74,52,57,38,4200,4500,4225,4.03,26,25.19,0x0000000000000001
2026-10-07_04:06:25,75,52,58,38,4800,4800,4416,4.37,47,25.42,0x0000000000000001
2026-10-07_04:06:55,74,51,56,38,4200,4500,4173,3.39,22,19.29,0x0000000000000001
2026-10-07_04:07:26,76,52,59,38,4200,4500,4419,5.11,30,25.56,0x0000000000000001
2026-10-07_04:07:56,71,51,56,38,4600,4600,4285,4.59,42,20.95,0x0000000000000001
2026-10-07_04:08:26,74,51,57,38,4200,4500,4425,3.51,29,25.87,0x0000000000000001
2026-10-07_04:08:56,75,52,58,38,4800,4800,4416,4.56,30,25.92,0x0000000000000001
2026-10-07_04:09:26,71,52,54,38,4800,4800,4466,3.46,7,34.39,0x0000000000000001
2026-10-07_04:09:56,76,52,59,38,4200,4500,4416,3.71,47,25.41,0x0000000000000001
2026-10-07_04:10:26,78,52,58,38,4800,4800,4391,3.45,42,22.52,0x0000000000000001
2026-10-07_04:10:56,74,51,57,38,4200,4500,4416,3.36,29,25.82,0x0000000000000001
2026-10-07_04:11:27,74,53,56,38,4800,4800,4218,4.08,7,34.44,0x0000000000000001
2026-10-07_04:11:57,70,51,55,38,4200,4500,4323,3.64,34,19.43,0x0000000000000001
2026-10-07_04:12:27,76,52,58,38,4800,4800,4257,5.47,27,24.11,0x0000000000000001
2026-10-07_04:12:57,75,51,56,38,4200,4500,4416,6.76,39,23.21,0x0000000000000001
2026-10-07_04:13:27,75,51,58,38,4200,4500,4416,5.43,37,23.24,0x0000000000000001
2026-10-07_04:13:57,71,51,55,38,4800,4800,4130,4.72,34,19.65,0x0000000000000001
2026-10-07_04:14:27,70,51,55,38,4700,4800,4466,4.60,24,20.87,0x0000000000000001
2026-10-07_04:14:58,76,52,58,38,4600,4800,4416,7.37,28,25.74,0x0000000000000001
2026-10-07_04:15:28,75,52,58,38,4200,4500,4274,7.84,30,25.42,0x0000000000000001
2026-10-07_04:15:58,75,51,58,38,4200,4500,4393,8.56,23,23.87,0x0000000000000001
2026-10-07_04:16:28,71,51,54,38,4800,4800,4287,8.86,22,24.78,0x0000000000000001
2026-10-07_04:16:58,70,52,54,38,4800,4800,4203,7.31,7,34.47,0x0000000000000001
2026-10-07_04:17:28,76,52,58,38,4500,4800,4409,7.67,27,25.27,0x0000000000000001
2026-10-07_04:17:58,75,52,58,38,4200,4500,4438,8.36,54,25.19,0x0000000000000001
2026-10-07_04:18:29,75,51,57,38,4200,4500,4416,6.06,49,25.44,0x0000000000000001
2026-10-07_04:18:59,72,53,56,38,4800,4800,4136,5.58,6,34.48,0x0000000000000001
2026-10-07_04:19:29,69,50,54,38,4600,4700,4022,4.28,36,19.21,0x0000000000000001
2026-10-07_04:19:59,76,52,58,38,4800,4800,4438,8.07,28,25.79,0x0000000000000001
2026-10-07_04:20:29,74,51,55,38,4300,4600,4280,6.38,34,19.09,0x0000000000000001
2026-10-07_04:20:59,76,52,57,38,4200,4500,4416,5.41,30,25.79,0x0000000000000001
2026-10-07_04:21:29,74,51,57,38,4500,4600,4391,6.89,30,22.39,0x0000000000000001
2026-10-07_04:22:00,72,51,57,38,4300,4500,4392,6.92,39,22.44,0x0000000000000001
2026-10-07_04:22:30,74,52,56,38,4800,4800,3956,7.55,21,19.93,0x0000000000000001
2026-10-07_04:23:00,73,52,55,38,4800,4800,3910,6.00,7,27.55,0x0000000000000001
2026-10-07_04:23:30,79,52,59,38,4300,4600,4416,6.15,29,26.10,0x0000000000000001
2026-10-07_04:24:00,75,51,58,38,4200,4500,4415,4.64,27,25.54,0x0000000000000001
2026-10-07_04:24:30,74,51,57,38,4200,4500,4416,5.10,32,25.24,0x0000000000000001
2026-10-07_04:25:00,73,51,55,38,4800,4800,4019,6.54,37,19.18,0x0000000000000001
2026-10-07_04:25:30,73,51,55,38,4700,4800,4098,6.14,34,18.66,0x0000000000000001
2026-10-07_04:26:01,70,52,55,38,4200,4500,4333,5.19,19,31.44,0x0000000000000001
2026-10-07_04:26:31,76,52,59,38,4700,4800,4416,4.86,23,25.59,0x0000000000000001
2026-10-07_04:27:01,75,52,57,38,4300,4500,4425,6.40,23,25.60,0x0000000000000001
2026-10-07_04:27:31,75,51,58,38,4200,4500,4088,5.49,38,23.32,0x0000000000000001
2026-10-07_04:28:01,74,52,56,38,4800,4800,4154,7.30,34,19.64,0x0000000000000001
2026-10-07_04:28:31,72,53,55,38,4600,4800,3827,5.73,7,34.54,0x0000000000000001
2026-10-07_04:29:01,79,52,59,38,4800,4800,4416,4.75,32,25.40,0x0000000000000001
2026-10-07_04:29:32,75,52,58,38,4200,4500,4415,5.45,26,24.68,0x0000000000000001
2026-10-07_04:30:02,75,52,57,38,4200,4500,4416,5.20,23,23.78,0x0000000000000001
2026-10-07_04:30:32,72,53,55,38,4800,4800,4451,6.47,7,34.57,0x0000000000000001
2026-10-07_04:31:02,72,52,55,38,4800,4800,4284,5.79,7,31.74,0x0000000000000001
2026-10-07_04:31:32,76,52,59,38,4600,4800,4416,6.20,26,25.77,0x0000000000000001
2026-10-07_04:32:02,76,52,58,38,4200,4500,4394,4.71,26,25.57,0x0000000000000001
2026-10-07_04:32:32,72,52,55,38,4800,4800,4144,6.30,8,27.55,0x0000000000000001
2026-10-07_04:33:03,70,51,55,38,4700,4800,4466,6.61,35,19.53,0x0000000000000001
2026-10-07_04:33:33,79,52,59,38,4600,4800,4399,6.51,40,23.78,0x0000000000000001
2026-10-07_04:34:03,75,52,58,38,4200,4500,4401,7.43,21,26.14,0x0000000000000001
2026-10-07_04:34:33,76,52,58,38,4200,4500,4428,6.16,26,25.83,0x0000000000000001
2026-10-07_04:35:03,71,52,54,38,4800,4800,4454,5.47,21,27.84,0x0000000000000001
2026-10-07_04:35:33,71,52,55,38,4800,4800,4273,5.66,21,25.14,0x0000000000000001
2026-10-07_04:36:03,76,52,58,38,4800,4800,4416,6.27,30,26.03,0x0000000000000001
2026-10-07_04:36:34,75,52,58,38,4200,4500,4416,5.05,30,25.74,0x0000000000000001
2026-10-07_04:37:04,75,52,58,38,4200,4500,4416,5.17,48,25.40,0x0000000000000001
2026-10-07_04:37:34,72,52,56,38,4800,4800,4281,6.37,35,19.64,0x0000000000000001
2026-10-07_04:38:04,71,53,55,38,4200,4500,4466,5.62,7,34.63,0x0000000000000001
2026-10-07_04:38:34,76,52,58,38,4800,4800,4416,5.51,22,25.85,0x0000000000000001
2026-10-07_04:39:04,76,52,57,38,4500,4600,4441,4.53,30,22.99,0x0000000000000001
2026-10-07_04:39:34,75,52,58,38,4200,4500,4428,4.38,24,24.83,0x0000000000000001
2026-10-07_04:40:04,74,52,55,38,4800,4800,4148,5.39,24,19.92,0x0000000000000001
2026-10-07_04:40:35,73,53,56,38,4500,4800,4074,3.67,7,34.04,0x0000000000000001
2026-10-07_04:41:05,76,53,58,38,4600,4800,4416,3.72,29,25.76,0x0000000000000001
2026-10-07_04:41:35,73,52,57,38,4700,4800,4401,3.99,38,22.63,0x0000000000000001
2026-10-07_04:42:05,75,52,57,38,4200,4500,4241,5.74,30,25.32,0x0000000000000001
2026-10-07_04:42:35,76,52,56,38,4800,4800,4020,4.99,20,20.50,0x0000000000000001
2026-10-07_04:43:05,73,51,55,38,4500,4800,4465,5.68,34,19.27,0x0000000000000001
2026-10-07_04:43:35,76,52,59,38,4700,4800,4414,4.51,27,25.91,0x0000000000000001
2026-10-07_04:44:06,72,51,57,38,4600,4800,4200,3.81,40,22.58,0x0000000000000001
2026-10-07_04:44:36,75,51,57,38,4200,4500,4416,7.11,38,23.31,0x0000000000000001
2026-10-07_04:45:06,76,52,59,38,4800,4800,4416,6.81,38,23.62,0x0000000000000001
2026-10-07_04:45:36,74,51,56,38,4300,4600,3971,5.18,36,18.81,0x0000000000000001
2026-10-07_04:46:06,76,52,59,38,4600,4800,4416,5.74,39,23.81,0x0000000000000001
2026-10-07_04:46:36,71,51,57,38,4600,4800,4416,4.37,51,20.15,0x0000000000000001
2026-10-07_04:47:06,75,51,57,38,4200,4500,4366,5.29,26,25.75,0x0000000000000001
2026-10-07_04:47:37,76,53,59,38,4800,4800,4416,6.82,29,26.15,0x0000000000000001
2026-10-07_04:48:07,73,52,55,38,4300,4600,4099,8.86,41,19.77,0x0000000000000001
2026-10-07_04:48:37,77,52,59,38,4600,4800,4416,8.07,26,25.46,0x0000000000000001
2026-10-07_04:49:07,71,52,55,38,4800,4800,3851,7.08,34,19.52,0x0000000000000001
2026-10-07_04:49:37,75,51,57,38,4300,4500,4391,6.37,36,22.18,0x0000000000000001
2026-10-07_04:50:07,76,52,58,38,4800,4800,4416,7.70,39,23.41,0x0000000000000001
2026-10-07_04:50:37,75,52,56,38,4200,4500,3909,7.42,19,22.07,0x0000000000000001
2026-10-07_04:51:08,76,52,59,38,4500,4700,4416,6.81,24,25.72,0x0000000000000001
2026-10-07_04:51:38,71,52,56,38,4800,4800,3980,6.58,37,19.82,0x0000000000000001
2026-10-07_04:52:08,72,51,56,38,4500,4600,4441,5.02,38,22.44,0x0000000000000001
2026-10-07_04:52:38,76,53,59,38,4800,4800,4416,5.04,25,25.91,0x0000000000000001
2026-10-07_04:53:08,74,52,57,38,4200,4500,4466,4.09,20,20.34,0x0000000000000001
2026-10-07_04:53:38,76,52,60,38,4300,4600,4416,4.11,29,25.57,0x0000000000000001
2026-10-07_04:54:08,72,52,56,38,4800,4800,4134,5.69,21,27.63,0x0000000000000001
2026-10-07_04:54:39,71,52,56,38,4200,4500,4313,4.00,24,24.11,0x0000000000000001
2026-10-07_04:55:09,76,53,60,38,4800,4800,4416,5.83,31,26.01,0x0000000000000001
2026-10-07_04:55:39,76,52,58,38,4200,4500,4271,5.93,25,25.09,0x0000000000000001
2026-10-07_04:56:09,75,52,60,38,4100,4500,4395,7.34,31,25.96,0x0000000000000001
2026-10-07_04:56:39,73,53,56,38,4800,4800,4394,5.93,7,34.86,0x0000000000000001
2026-10-07_04:57:09,69,51,55,38,4500,4600,3975,6.68,35,19.21,0x0000000000000001
2026-10-07_04:57:39,76,53,58,38,4800,4800,4416,6.23,28,25.52,0x0000000000000001
2026-10-07_04:58:09,75,52,58,38,4200,4500,4217,7.22,39,23.35,0x0000000000000001
2026-10-07_04:58:40,76,52,58,38,4200,4500,4416,5.56,39,23.50,0x0000000000000001
2026-10-07_04:59:10,73,53,55,38,4800,4800,4338,5.07,7,34.59,0x0000000000000001
2026-10-07_04:59:40,69,51,55,38,4200,4500,4466,5.92,37,19.36,0x0000000000000001
2026-10-07_05:00:10,76,52,58,38,4800,4800,4416,5.92,23,25.24,0x0000000000000001
2026-10-07_05:00:40,75,51,57,38,4200,4500,4416,6.56,39,23.23,0x0000000000000001
2026-10-07_05:01:10,75,52,57,38,4200,4500,4416,6.53,47,24.90,0x0000000000000001
2026-10-07_05:01:40,73,52,55,38,4800,4800,4270,6.88,8,27.56,0x0000000000000001
2026-10-07_05:02:11,69,51,54,38,4200,4500,4084,6.67,24,19.93,0x0000000000000001
2026-10-07_05:02:41,76,52,58,38,4800,4800,4416,5.83,25,25.76,0x0000000000000001
2026-10-07_05:03:11,75,51,56,38,4200,4500,4360,5.02,25,25.32,0x0000000000000001
2026-10-07_05:03:41,74,51,58,38,4200,4500,4342,7.40,23,25.41,0x0000000000000001
2026-10-07_05:04:11,73,51,55,38,4800,4800,4025,7.79,35,19.25,0x0000000000000001
2026-10-07_05:04:41,70,51,55,38,4200,4500,4130,5.63,20,29.34,0x0000000000000001
2026-10-07_05:05:11,76,52,58,38,4500,4800,4416,5.31,29,25.49,0x0000000000000001
2026-10-07_05:05:42,75,51,58,38,4200,4500,4203,6.79,47,25.34,0x0000000000000001
2026-10-07_05:06:12,74,52,58,38,4200,4500,4416,6.06,22,25.22,0x0000000000000001
2026-10-07_05:06:42,74,51,56,38,4800,4800,3912,6.73,38,19.58,0x0000000000000001
2026-10-07_05:07:12,70,52,54,38,4200,4500,3878,4.59,7,34.47,0x0000000000000001
2026-10-07_05:07:42,76,52,58,38,4500,4800,4416,6.22,22,25.73,0x0000000000000001
2026-10-07_05:08:12,75,51,56,38,4200,4500,4441,8.02,48,24.78,0x0000000000000001
2026-10-07_05:08:42,74,51,57,38,4200,4500,4415,7.47,44,23.44,0x0000000000000001
2026-10-07_05:09:13,76,52,59,38,4800,4800,4391,8.91,28,25.86,0x0000000000000001
2026-10-07_05:09:43,70,52,54,38,4200,4500,4234,7.23,7,34.02,0x0000000000000001
2026-10-07_05:10:13,76,52,59,38,4200,4500,4416,7.07,30,25.87,0x0000000000000001
2026-10-07_05:10:43,71,51,55,38,4800,4800,4249,8.88,35,19.40,0x0000000000000001
2026-10-07_05:11:13,74,51,57,38,4200,4500,4441,6.58,25,25.68,0x0000000000000001
2026-10-07_05:11:43,76,52,58,38,4800,4800,4416,6.54,31,25.38,0x0000000000000001
2026-10-07_05:12:13,71,50,54,38,4200,4500,4401,5.09,34,19.07,0x0000000000000001
2026-10-07_05:12:43,75,51,58,38,4100,4500,4416,6.17,30,25.85,0x0000000000000001
2026-10-07_05:13:14,71,51,55,38,4800,4800,4441,6.09,34,20.36,0x0000000000000001
2026-10-07_05:13:44,66,49,53,38,3900,4000,4451,5.21,37,18.82,0x0000000000000001
2026-10-07_05:14:14,66,49,52,38,3800,3900,4174,4.08,37,18.98,0x0000000000000001
2026-10-07_05:14:44,64,48,52,38,3300,3100,4368,4.14,39,18.82,0x0000000000000001
2026-10-07_05:15:14,65,48,53,38,3600,3600,4001,3.09,39,18.96,0x0000000000000001
2026-10-07_05:15:44,60,49,48,38,3600,3600,3788,2.52,0,31.72,0x0000000000000001
2026-10-07_05:16:14,73,49,55,38,3700,3700,4441,3.59,50,26.73,0x0000000000000001
2026-10-07_05:16:45,77,52,59,38,4200,4500,4391,5.41,33,28.02,0x0000000000000001
2026-10-07_05:17:15,79,54,61,38,4800,4800,4391,6.22,33,29.60,0x0000000000000001
2026-10-07_05:17:45,79,54,61,38,4800,4800,4391,6.27,32,29.94,0x0000000000000001
2026-10-07_05:18:15,80,54,61,38,4800,4800,4391,6.09,37,28.35,0x0000000000000001
2026-10-07_05:18:45,72,53,57,38,4800,4800,4342,5.35,43,21.18,0x0000000000000001
2026-10-07_05:19:15,76,53,59,38,4200,4500,4327,6.28,33,27.92,0x0000000000000001
2026-10-07_05:19:45,78,54,60,38,4800,4800,4391,6.30,31,29.19,0x0000000000000001
2026-10-07_05:20:16,79,55,61,38,4800,4800,4391,7.10,52,28.14,0x0000000000000001
2026-10-07_05:20:46,80,55,61,38,4800,4900,4391,8.55,35,28.54,0x0000000000000001
2026-10-07_05:21:16,80,55,62,38,4800,4800,4391,7.73,30,28.35,0x0000000000000001
2026-10-07_05:21:46,75,53,57,38,4800,4800,4233,6.89,32,20.32,0x0000000000000001
2026-10-07_05:22:16,77,54,60,38,4800,4800,4416,5.44,29,27.56,0x0000000000000001
2026-10-07_05:22:46,79,54,60,38,4800,4900,4393,7.47,47,28.79,0x0000000000000001
2026-10-07_05:23:16,80,55,61,38,4800,4900,4390,6.37,33,28.20,0x0000000000000001
2026-10-07_05:23:47,80,55,61,38,4800,4900,4391,5.69,36,29.30,0x0000000000000001
2026-10-07_05:24:17,80,55,61,38,4800,4900,4391,7.03,30,28.04,0x0000000000000001
2026-10-07_05:24:47,73,53,55,38,4600,4600,4463,7.09,11,32.42,0x0000000000000001
2026-10-07_05:25:17,78,54,60,38,4800,4900,4416,6.24,29,28.87,0x0000000000000001
2026-10-07_05:25:47,80,55,61,38,4800,4900,4333,7.54,36,29.36,0x0000000000000001
2026-10-07_05:26:17,80,55,62,38,4800,4900,4391,8.77,31,28.75,0x0000000000000001
2026-10-07_05:26:47,80,56,61,38,4800,4900,4391,10.45,32,28.85,0x0000000000000001
2026-10-07_05:27:18,80,55,62,38,4900,5200,4391,10.08,33,28.50,0x0000000000000001
2026-10-07_05:27:48,73,53,55,38,4600,4900,4172,9.84,14,32.45,0x0000000000000001
2026-10-07_05:28:18,77,54,61,38,4800,4800,4391,8.17,34,28.12,0x0000000000000001
2026-10-07_05:28:48,80,55,61,38,4800,4800,4391,9.21,30,28.38,0x0000000000000001
2026-10-07_05:29:18,80,55,62,38,4800,4800,4292,8.43,37,31.64,0x0000000000000001
2026-10-07_05:29:48,80,56,62,38,4800,4800,4391,9.75,35,29.57,0x0000000000000001
2026-10-07_05:30:18,80,56,61,38,4900,5200,4391,10.80,36,29.86,0x0000000000000001
2026-10-07_05:30:49,72,52,56,38,4600,4900,3889,7.85,42,19.75,0x0000000000000001
2026-10-07_05:31:19,78,54,61,38,4800,4800,4404,9.67,29,28.61,0x0000000000000001
2026-10-07_05:31:49,80,55,62,38,4800,4800,4391,8.41,31,29.35,0x0000000000000001
2026-10-07_05:32:19,80,56,62,38,4800,4800,4368,9.51,29,28.59,0x0000000000000001
2026-10-07_05:32:49,80,56,61,38,4900,5200,4391,7.40,29,30.46,0x0000000000000001
2026-10-07_05:33:19,80,55,62,38,4900,5200,4367,8.67,29,29.18,0x0000000000000001
2026-10-07_05:33:49,76,53,58,38,4500,4800,4230,7.96,24,27.11,0x0000000000000001
2026-10-07_05:34:20,78,55,61,38,4800,4800,4416,8.67,38,28.32,0x0000000000000001
2026-10-07_05:34:50,80,55,62,38,4800,4800,4391,8.26,29,28.51,0x0000000000000001
2026-10-07_05:35:20,80,56,62,38,4900,5100,4391,7.36,36,28.56,0x0000000000000001
2026-10-07_05:35:50,80,55,62,38,4900,5200,4389,8.13,37,28.63,0x0000000000000001
2026-10-07_05:36:20,80,55,62,38,4900,5200,4320,7.52,49,28.23,0x0000000000000001
2026-10-07_05:36:50,77,54,59,38,4200,4500,4320,6.16,29,29.17,0x0000000000000001
2026-10-07_05:37:20,80,55,62,38,4800,4800,4391,7.95,30,28.84,0x0000000000000001
2026-10-07_05:37:51,80,56,62,38,4800,4800,4391,8.98,28,29.63,0x0000000000000001
2026-10-07_05:38:21,81,56,62,38,4900,5200,4391,10.93,27,30.91,0x0000000000000001
2026-10-07_05:38:51,80,56,62,38,4900,5200,4391,9.06,33,28.77,0x0000000000000001
2026-10-07_05:39:21,80,56,60,38,4900,5200,4391,9.39,26,33.33,0x0000000000000001
2026-10-07_05:39:51,77,54,60,38,4400,4700,4416,6.34,46,27.85,0x0000000000000001
2026-10-07_05:40:21,80,55,61,38,4800,4800,4391,5.46,37,28.87,0x0000000000000001
2026-10-07_05:40:51,81,56,62,38,4800,4800,4391,7.27,36,28.55,0x0000000000000001
2026-10-07_05:41:22,81,56,61,38,5000,5200,4348,7.61,34,29.53,0x0000000000000001
2026-10-07_05:41:52,80,55,62,38,5000,5200,4391,11.09,37,28.57,0x0000000000000001
2026-10-07_05:42:22,77,55,58,38,5000,5200,4441,9.09,11,32.71,0x0000000000000001
2026-10-07_05:42:52,77,54,59,38,4300,4600,4416,10.45,35,27.82,0x0000000000000001
2026-10-07_05:43:22,80,55,61,38,4800,4800,4391,10.62,30,28.63,0x0000000000000001
2026-10-07_05:43:52,80,56,62,38,4800,4800,4391,11.69,48,28.40,0x0000000000000001
2026-10-07_05:44:22,80,56,62,38,4900,5200,4388,9.86,27,32.19,0x0000000000000001
2026-10-07_05:44:53,80,55,62,38,4900,5200,4366,12.17,29,28.37,0x0000000000000001
2026-10-07_05:45:23,75,54,55,38,4900,5200,3716,9.87,0,30.32,0x0000000000000001
2026-10-07_05:45:53,78,54,60,38,4700,4800,4416,6.88,30,28.21,0x0000000000000001
2026-10-07_05:46:23,80,55,61,38,4800,4800,4391,6.69,28,32.01,0x0000000000000001
2026-10-07_05:46:53,81,56,62,38,4800,4800,4366,6.24,26,32.41,0x0000000000000001
2026-10-07_05:47:23,80,56,62,38,4900,5200,4374,7.84,36,28.53,0x0000000000000001
2026-10-07_05:47:53,80,56,61,38,4900,5200,4391,7.32,31,28.91,0x0000000000000001
2026-10-07_05:48:24,74,54,54,38,4900,5200,4099,8.25,0,32.53,0x0000000000000001
2026-10-07_05:48:54,78,54,60,38,4800,4800,4391,7.81,27,29.39,0x0000000000000001
2026-10-07_05:49:24,80,55,62,38,4800,4800,4391,7.10,35,31.49,0x0000000000000001
2026-10-07_05:49:54,81,56,62,38,4900,4900,4391,8.44,28,32.09,0x0000000000000001
2026-10-07_05:50:24,81,56,61,38,4900,5200,4391,10.18,51,28.09,0x0000000000000001
2026-10-07_05:50:54,80,56,61,38,4900,5200,4391,10.68,55,28.49,0x0000000000000001
2026-10-07_05:51:24,69,53,53,38,4900,5200,4016,10.42,1,15.58,0x0000000000000001
2026-10-07_05:51:55,78,55,61,38,4800,4800,4391,7.79,50,27.74,0x0000000000000001
2026-10-07_05:52:25,80,55,62,38,4800,4800,4391,7.43,32,29.06,0x0000000000000001
2026-10-07_05:52:55,81,56,61,38,4900,5200,4391,6.22,37,28.57,0x0000000000000001
2026-10-07_05:53:25,80,56,62,38,4900,5200,4391,6.45,48,28.67,0x0000000000000001
2026-10-07_05:53:55,80,56,61,38,4900,5200,4391,7.80,38,28.68,0x0000000000000001
2026-10-07_05:54:25,70,53,56,38,4600,4900,4441,6.29,39,29.57,0x0000000000000001
2026-10-07_05:54:55,79,55,61,38,4800,4800,4391,8.53,26,30.24,0x0000000000000001
2026-10-07_05:55:26,81,56,62,38,4800,4800,4391,8.52,32,28.75,0x0000000000000001
2026-10-07_05:55:56,81,56,62,38,5000,5200,4391,7.81,28,29.70,0x0000000000000001
2026-10-07_05:56:26,80,56,62,38,5000,5200,4391,9.24,36,28.52,0x0000000000000001
2026-10-07_05:56:56,80,56,62,38,5000,5200,4391,8.35,27,32.59,0x0000000000000001
2026-10-07_05:57:26,76,53,58,38,4300,4600,4416,7.27,28,28.10,0x0000000000000001
2026-10-07_05:57:56,79,54,60,38,4800,4800,4391,9.46,37,28.35,0x0000000000000001
2026-10-07_05:58:26,80,56,61,38,4800,4800,4391,7.81,31,29.57,0x0000000000000001
2026-10-07_05:58:57,80,56,62,38,4900,5200,4391,7.36,35,29.28,0x0000000000000001
2026-10-07_05:59:27,80,55,62,38,4900,5200,4391,5.94,38,28.65,0x0000000000000001
2026-10-07_05:59:57,80,55,59,38,4900,5200,4441,9.48,23,24.64,0x0000000000000001
2026-10-07_06:00:27,77,54,59,38,4300,4600,4391,7.08,31,28.30,0x0000000000000001
2026-10-07_06:00:57,80,55,61,38,4800,4800,4391,9.07,30,28.68,0x0000000000000001
2026-10-07_06:01:27,80,55,61,38,4800,4800,4391,8.42,50,28.32,0x0000000000000001
2026-10-07_06:01:57,80,55,62,38,4900,5100,4391,9.77,29,28.76,0x0000000000000001
2026-10-07_06:02:28,80,55,62,38,5000,5200,4391,8.83,27,29.55,0x0000000000000001
2026-10-07_06:02:58,77,53,55,38,5000,5200,3388,8.39,0,16.30,0x0000000000000001
2026-10-07_06:03:28,77,54,60,38,4600,4800,4415,8.63,28,32.22,0x0000000000000001
2026-10-07_06:03:58,80,55,61,38,4800,4800,4391,9.10,31,28.58,0x0000000000000001
2026-10-07_06:04:28,80,55,62,38,4800,4800,4391,7.99,37,28.31,0x0000000000000001
2026-10-07_06:04:58,80,55,62,38,4800,4800,4391,8.54,32,28.28,0x0000000000000001
2026-10-07_06:05:28,80,55,62,38,5000,5200,4391,9.52,33,29.14,0x0000000000000001
2026-10-07_06:05:59,71,53,54,38,4900,5200,4091,6.90,6,19.42,0x0000000000000001
2026-10-07_06:06:29,78,54,60,38,4800,4800,4391,6.43,36,28.05,0x0000000000000001
2026-10-07_06:06:59,79,55,60,38,4800,4800,4391,6.33,38,29.17,0x0000000000000001
2026-10-07_06:07:29,80,55,62,38,4800,4800,4391,6.68,41,28.48,0x0000000000000001
2026-10-07_06:07:59,80,55,62,38,4800,4800,4391,9.28,38,28.48,0x0000000000000001
2026-10-07_06:08:29,80,56,61,38,4800,4900,4391,8.26,30,28.84,0x0000000000000001
2026-10-07_06:08:59,69,53,54,38,4900,5100,4207,6.84,23,21.84,0x0000000000000001
2026-10-07_06:09:30,78,54,60,38,4800,4900,4391,6.77,36,28.91,0x0000000000000001
2026-10-07_06:10:00,80,54,61,38,4800,4900,4391,6.34,36,28.23,0x0000000000000001
2026-10-07_06:10:30,80,55,61,38,4800,4900,4410,6.95,36,28.60,0x0000000000000001
2026-10-07_06:11:00,80,55,61,38,4800,4800,4366,8.58,29,32.45,0x0000000000000001
2026-10-07_06:11:30,80,55,63,38,4800,4900,4391,7.73,38,29.04,0x0000000000000001
2026-10-07_06:12:00,73,53,57,38,4500,4500,4392,9.01,30,27.27,0x0000000000000001
2026-10-07_06:12:30,78,54,61,38,4800,4800,4391,8.88,28,28.37,0x0000000000000001
2026-10-07_06:13:01,80,55,61,38,4800,4900,4391,7.11,41,28.35,0x0000000000000001
2026-10-07_06:13:31,80,55,61,38,4800,4900,4391,8.05,38,28.35,0x0000000000000001
2026-10-07_06:14:01,80,55,62,38,4800,4900,4391,8.72,36,28.46,0x0000000000000001
2026-10-07_06:14:31,80,56,62,38,4800,4900,4391,7.14,36,29.57,0x0000000000000001
2026-10-07_06:15:01,76,53,59,38,4300,4600,4391,6.83,38,28.38,0x0000000000000001
2026-10-07_06:15:31,79,55,60,38,4800,4900,4391,6.92,36,32.61,0x0000000000000001
2026-10-07_06:16:01,81,55,63,38,4800,4900,4366,8.38,37,28.22,0x0000000000000001
2026-10-07_06:16:32,80,55,61,38,4800,4900,4391,9.35,29,29.24,0x0000000000000001
2026-10-07_06:17:02,80,55,61,38,5000,5200,4281,8.36,35,29.58,0x0000000000000001
2026-10-07_06:17:32,79,55,61,38,4900,5200,4391,8.11,29,29.40,0x0000000000000001
2026-10-07_06:18:02,76,53,58,38,4200,4400,4415,9.32,51,27.63,0x0000000000000001
2026-10-07_06:18:32,79,54,60,38,4800,4800,4391,7.27,39,28.44,0x0000000000000001
2026-10-07_06:19:02,80,55,61,38,4800,4800,4391,7.45,37,28.48,0x0000000000000001
2026-10-07_06:19:33,80,56,62,38,4800,4800,4391,9.04,28,29.51,0x0000000000000001
2026-10-07_06:20:03,80,56,62,38,4800,4800,4391,10.34,28,29.65,0x0000000000000001
2026-10-07_06:20:33,80,55,61,38,5000,5200,4391,10.60,31,29.13,0x0000000000000001
2026-10-07_06:21:03,77,54,60,38,4500,4800,4394,9.20,32,28.65,0x0000000000000001
2026-10-07_06:21:33,80,55,61,38,4800,4800,4391,7.99,50,28.08,0x0000000000000001
2026-10-07_06:22:03,80,56,62,38,4800,4800,4391,8.41,28,32.47,0x0000000000000001
2026-10-07_06:22:33,80,56,62,38,4900,5000,4391,6.21,36,28.54,0x0000000000000001
2026-10-07_06:23:04,80,55,61,38,4900,5200,4391,5.74,37,28.56,0x0000000000000001
2026-10-07_06:23:34,79,54,59,38,4900,5200,3968,9.77,28,21.09,0x0000000000000001
2026-10-07_06:24:04,76,53,58,38,4500,4600,4416,8.17,46,28.22,0x0000000000000001
2026-10-07_06:24:34,79,55,61,38,4800,4800,4391,8.52,32,28.52,0x0000000000000001
2026-10-07_06:25:04,80,55,61,38,4800,4800,4391,8.70,31,29.34,0x0000000000000001
2026-10-07_06:25:34,80,56,62,38,4800,4800,4391,9.26,34,31.89,0x0000000000000001
2026-10-07_06:26:04,83,56,63,38,4900,5200,4391,7.83,30,29.21,0x0000000000000001
2026-10-07_06:26:35,75,54,58,38,4900,5200,4416,8.08,28,25.95,0x0000000000000001
2026-10-07_06:27:05,77,54,60,38,4800,4900,4416,6.63,35,30.24,0x0000000000000001
2026-10-07_06:27:35,79,55,61,38,4800,4900,4391,6.90,36,31.10,0x0000000000000001
2026-10-07_06:28:05,80,55,62,38,4800,4900,4398,7.94,35,28.56,0x0000000000000001
2026-10-07_06:28:35,80,56,61,38,4800,4900,4391,9.04,29,33.06,0x0000000000000001
2026-10-07_06:29:05,80,55,62,38,4900,5200,4170,10.15,37,28.61,0x0000000000000001
2026-10-07_06:29:35,77,54,59,38,4900,5200,4416,8.78,30,28.53,0x0000000000000001
2026-10-07_06:30:06,77,54,61,38,4600,4800,4402,8.22,36,31.76,0x0000000000000001
2026-10-07_06:30:36,80,55,61,38,4800,4800,4391,7.03,39,28.41,0x0000000000000001
2026-10-07_06:31:06,80,55,62,38,4800,4800,4391,6.63,31,29.04,0x0000000000000001
2026-10-07_06:31:36,80,56,62,38,4900,5200,4263,9.18,35,30.96,0x0000000000000001
2026-10-07_06:32:06,80,56,61,38,4900,5200,4391,7.25,29,28.73,0x0000000000000001
2026-10-07_06:32:36,76,53,57,38,4800,4900,4098,6.48,28,20.61,0x0000000000000001
2026-10-07_06:33:06,77,54,60,38,4800,4800,4416,7.28,36,28.70,0x0000000000000001
2026-10-07_06:33:37,80,55,61,38,4800,4800,4391,6.70,29,29.04,0x0000000000000001
2026-10-07_06:34:07,80,56,61,38,4800,4800,4391,7.59,30,28.86,0x0000000000000001
2026-10-07_06:34:37,80,56,62,38,5000,5200,4391,6.35,27,32.47,0x0000000000000001
2026-10-07_06:35:07,80,55,62,38,5000,5200,4391,8.81,37,30.17,0x0000000000000001
2026-10-07_06:35:37,73,53,53,38,5000,5200,4275,8.73,0,25.07,0x0000000000000001
2026-10-07_06:36:07,78,54,60,38,4800,4800,4392,6.95,33,28.51,0x0000000000000001
2026-10-07_06:36:37,80,55,61,38,4800,4800,4391,5.83,35,28.34,0x0000000000000001
2026-10-07_06:37:08,80,56,63,38,4800,4800,4391,6.97,40,28.84,0x0000000000000001
2026-10-07_06:37:38,80,55,62,38,5000,5200,4331,5.70,39,28.60,0x0000000000000001
2026-10-07_06:38:08,80,55,61,38,5000,5200,4391,6.72,38,28.89,0x0000000000000001
2026-10-07_06:38:38,70,53,52,38,5000,5200,4084,7.24,1,27.53,0x0000000000000001
2026-10-07_06:39:08,78,54,60,38,4800,4800,4391,5.99,29,29.14,0x0000000000000001
2026-10-07_06:39:38,80,55,62,38,4800,4800,4391,5.80,38,28.49,0x0000000000000001
2026-10-07_06:40:08,80,56,62,38,4800,4800,4391,6.05,34,28.48,0x0000000000000001
2026-10-07_06:40:39,81,56,62,38,4900,5200,4391,6.94,37,28.57,0x0000000000000001
2026-10-07_06:41:09,80,56,62,38,4900,5200,4391,7.71,32,28.73,0x0000000000000001
2026-10-07_06:41:39,69,54,54,38,4800,5100,4464,9.53,8,33.67,0x0000000000000001
2026-10-07_06:42:09,78,54,61,38,4800,4800,4405,9.38,29,28.54,0x0000000000000001
2026-10-07_06:42:39,80,55,62,38,4800,4800,4263,10.51,30,28.95,0x0000000000000001
2026-10-07_06:43:09,80,56,62,38,4900,5100,4381,10.61,32,29.20,0x0000000000000001
2026-10-07_06:43:39,80,55,62,38,4900,5200,4391,11.34,33,28.48,0x0000000000000001
2026-10-07_06:44:10,80,55,62,38,4900,5200,4391,10.38,26,28.77,0x0000000000000001
2026-10-07_06:44:40,73,53,57,38,4600,4900,4441,7.67,19,31.36,0x0000000000000001
2026-10-07_06:45:10,78,54,61,38,4800,4800,4394,7.30,32,28.47,0x0000000000000001
2026-10-07_06:45:40,80,55,61,38,4800,4800,4391,8.55,39,28.49,0x0000000000000001
2026-10-07_06:46:10,80,56,62,38,4800,4900,4391,6.35,36,28.57,0x0000000000000001
2026-10-07_06:46:40,80,55,62,38,4900,5200,4391,7.39,32,28.19,0x0000000000000001
2026-10-07_06:47:10,80,55,62,38,4900,5200,4391,7.02,31,28.44,0x0000000000000001
2026-10-07_06:47:41,72,53,57,38,4800,4900,4368,5.66,57,21.94,0x0000000000000001
2026-10-07_06:48:11,78,54,61,38,4800,4900,4391,8.35,34,28.50,0x0000000000000001
2026-10-07_06:48:41,80,55,62,38,4800,4900,4379,10.27,31,29.11,0x0000000000000001
2026-10-07_06:49:11,80,56,62,38,4800,4900,4391,8.97,30,28.70,0x0000000000000001
2026-10-07_06:49:41,80,56,61,38,4900,5200,4391,7.39,28,28.81,0x0000000000000001
2026-10-07_06:50:11,80,55,62,38,4900,5200,4391,8.49,35,28.49,0x0000000000000001
2026-10-07_06:50:41,77,53,59,38,4800,4900,4416,6.74,33,27.84,0x0000000000000001
2026-10-07_06:51:12,79,55,60,38,4800,4900,4391,7.02,33,28.06,0x0000000000000001
2026-10-07_06:51:42,80,55,61,38,4800,4900,4391,6.69,35,29.05,0x0000000000000001
2026-10-07_06:52:12,81,56,62,38,4900,5200,4391,7.27,30,29.66,0x0000000000000001
2026-10-07_06:52:42,80,56,62,38,4900,5200,4391,9.07,30,29.91,0x0000000000000001
2026-10-07_06:53:12,78,54,59,38,4900,5200,4093,8.46,28,21.58,0x0000000000000001
2026-10-07_06:53:42,77,54,61,38,4200,4500,4416,7.42,31,29.04,0x0000000000000001
2026-10-07_06:54:13,79,55,61,38,4800,4800,4391,8.37,34,28.75,0x0000000000000001
2026-10-07_06:54:43,80,55,62,38,4800,4800,4391,7.27,53,28.11,0x0000000000000001
2026-10-07_06:55:13,80,56,62,38,4900,5200,4391,8.75,36,28.49,0x0000000000000001
2026-10-07_06:55:43,80,56,62,38,4900,5200,4390,7.73,50,28.22,0x0000000000000001
2026-10-07_06:56:13,76,56,58,38,4900,5200,4441,7.26,11,33.75,0x0000000000000001
2026-10-07_06:56:43,77,54,61,38,4800,4900,4416,5.78,35,30.71,0x0000000000000001
2026-10-07_06:57:13,80,55,62,38,4800,4900,4379,6.21,35,28.97,0x0000000000000001
2026-10-07_06:57:44,80,56,63,38,4800,4900,4391,8.28,31,29.26,0x0000000000000001
2026-10-07_06:58:14,80,56,62,38,4900,5200,4391,9.26,28,29.77,0x0000000000000001
2026-10-07_06:58:44,80,56,62,38,4900,5200,4391,10.41,29,29.56,0x0000000000000001
2026-10-07_06:59:14,74,54,56,38,4900,5200,4441,9.11,43,21.43,0x0000000000000001
2026-10-07_06:59:44,76,53,58,38,4400,4500,4416,10.41,30,27.99,0x0000000000000001
2026-10-07_07:00:14,79,55,61,38,4800,4800,4366,10.24,33,28.47,0x0000000000000001
2026-10-07_07:00:44,80,55,61,38,4800,4800,4391,9.85,38,28.62,0x0000000000000001
2026-10-07_07:01:15,80,56,62,38,4900,5200,4391,9.60,40,28.46,0x0000000000000001
2026-10-07_07:01:45,80,55,61,38,4900,5200,4391,9.50,52,28.17,0x0000000000000001
2026-10-07_07:02:15,78,54,61,38,4900,5200,4391,6.96,51,27.33,0x0000000000000001
2026-10-07_07:02:45,77,54,60,38,4800,4900,4390,6.57,30,28.01,0x0000000000000001
2026-10-07_07:03:15,80,55,61,38,4800,4900,4391,7.67,30,28.37,0x0000000000000001
2026-10-07_07:03:45,80,55,62,38,4800,4900,4391,8.86,33,28.52,0x0000000000000001
2026-10-07_07:04:15,80,55,62,38,4900,5200,4391,8.06,38,28.65,0x0000000000000001
2026-10-07_07:04:46,80,56,62,38,4900,5200,4391,8.26,26,30.33,0x0000000000000001
2026-10-07_07:05:16,78,55,60,38,4900,5200,4391,6.33,36,32.72,0x0000000000000001
2026-10-07_07:05:46,78,54,60,38,4800,4800,4391,7.33,33,29.37,0x0000000000000001
2026-10-07_07:06:16,80,55,62,38,4800,4800,4391,7.06,31,29.05,0x0000000000000001
2026-10-07_07:06:46,83,56,63,38,4900,5100,4366,7.52,27,30.68,0x0000000000000001
2026-10-07_07:07:16,81,56,62,38,4900,5200,4391,8.18,28,29.78,0x0000000000000001
2026-10-07_07:07:46,80,56,62,38,4900,5200,4391,7.37,39,28.55,0x0000000000000001
2026-10-07_07:08:17,77,54,58,38,4900,5200,4391,7.67,12,26.50,0x0000000000000001
2026-10-07_07:08:47,78,54,60,38,4800,4900,4391,7.25,30,28.68,0x0000000000000001
2026-10-07_07:09:17,80,55,62,38,4800,4900,4391,7.30,30,29.59,0x0000000000000001
2026-10-07_07:09:47,80,56,62,38,4800,4900,4391,9.14,30,29.24,0x0000000000000001
2026-10-07_07:10:17,80,56,61,38,4900,5200,4391,9.77,27,31.75,0x0000000000000001
2026-10-07_07:10:47,80,55,60,38,4900,5200,4137,10.84,26,30.79,0x0000000000000001
2026-10-07_07:11:17,73,54,57,38,4800,4900,4441,7.37,10,32.94,0x0000000000000001
2026-10-07_07:11:48,79,54,60,38,4800,4800,4391,7.18,32,29.20,0x0000000000000001
2026-10-07_07:12:18,80,55,62,38,4800,4800,4391,8.15,27,33.06,0x0000000000000001
2026-10-07_07:12:48,80,55,62,38,4800,4800,4390,9.76,31,29.00,0x0000000000000001
2026-10-07_07:13:18,80,55,62,38,5000,5200,4331,8.25,30,28.94,0x0000000000000001
2026-10-07_07:13:48,80,55,59,38,5000,5200,4416,6.76,21,27.86,0x0000000000000001
2026-10-07_07:14:18,73,54,56,38,5000,5200,4102,6.63,10,32.86,0x0000000000000001
2026-10-07_07:14:48,78,54,60,38,4800,4800,4391,6.21,54,28.10,0x0000000000000001
2026-10-07_07:15:19,79,55,61,38,4800,4800,4390,7.24,31,32.56,0x0000000000000001
2026-10-07_07:15:49,80,55,62,38,4800,4800,4391,7.18,27,30.52,0x0000000000000001
2026-10-07_07:16:19,80,55,62,38,4900,4900,4391,9.46,39,28.71,0x0000000000000001
2026-10-07_07:16:49,77,55,58,38,5000,5200,4294,8.87,11,33.37,0x0000000000000001
2026-10-07_07:17:19,72,52,56,38,4900,5200,4439,8.20,31,21.03,0x0000000000000001
2026-10-07_07:17:49,78,54,61,38,4800,4900,4391,9.24,30,27.99,0x0000000000000001
2026-10-07_07:18:19,79,54,61,38,4800,4900,4360,9.81,42,28.55,0x0000000000000001
2026-10-07_07:18:50,79,55,61,38,4800,4900,4391,10.44,26,28.82,0x0000000000000001
2026-10-07_07:19:20,80,55,61,38,4800,4900,4391,8.66,37,28.52,0x0000000000000001
2026-10-07_07:19:50,79,55,60,38,4800,4900,4389,11.07,37,28.54,0x0000000000000001
2026-10-07_07:20:20,76,52,56,38,4300,4500,4380,7.70,53,26.98,0x0000000000000001
2026-10-07_07:20:50,78,54,61,38,4800,4800,4385,7.69,35,29.07,0x0000000000000001
2026-10-07_07:21:20,79,55,61,38,4800,4800,4412,10.72,29,32.35,0x0000000000000001
2026-10-07_07:21:50,80,55,60,38,4800,4800,4391,9.13,39,28.55,0x0000000000000001
2026-10-07_07:22:21,80,55,62,38,4800,4800,4223,9.98,36,30.54,0x0000000000000001
2026-10-07_07:22:51,79,55,59,38,4800,4800,4244,8.53,24,21.80,0x0000000000000001
2026-10-07_07:23:21,76,53,60,38,4200,4500,4391,7.80,47,28.17,0x0000000000000001
2026-10-07_07:23:51,79,54,61,38,4800,4800,4391,7.78,32,28.51,0x0000000000000001
2026-10-07_07:24:21,80,55,61,38,4800,4900,4391,7.62,31,28.19,0x0000000000000001
2026-10-07_07:24:51,80,55,62,38,4800,4800,4391,8.35,37,28.84,0x0000000000000001
2026-10-07_07:25:21,80,55,62,38,4800,4900,4391,7.72,36,28.54,0x0000000000000001
2026-10-07_07:25:52,77,55,58,38,5000,5200,4279,7.27,11,33.54,0x0000000000000001
2026-10-07_07:26:22,77,54,59,38,4400,4600,4402,5.62,32,29.96,0x0000000000000001
2026-10-07_07:26:52,79,55,60,38,4800,4900,4391,7.64,29,28.85,0x0000000000000001
2026-10-07_07:27:22,80,55,62,38,4800,4900,4273,8.93,29,30.74,0x0000000000000001
2026-10-07_07:27:52,80,55,61,38,4800,4900,4391,8.59,35,28.41,0x0000000000000001
2026-10-07_07:28:22,80,56,62,38,4800,4900,4391,10.25,35,28.58,0x0000000000000001
2026-10-07_07:28:52,74,53,55,38,4900,5200,4179,11.67,4,16.08,0x0000000000000001
2026-10-07_07:29:23,78,54,60,38,4800,4900,4391,10.58,27,32.01,0x0000000000000001
2026-10-07_07:29:53,80,55,62,38,4800,4800,4405,9.77,30,29.39,0x0000000000000001
2026-10-07_07:30:23,80,55,62,38,4800,4900,4391,9.30,31,29.76,0x0000000000000001
2026-10-07_07:30:53,80,56,62,38,4900,5200,4391,8.00,36,31.12,0x0000000000000001
2026-10-07_07:31:23,80,55,61,38,4900,5200,4389,7.99,37,28.90,0x0000000000000001
2026-10-07_07:31:53,74,53,57,38,4800,5100,4416,7.85,4,31.60,0x0000000000000001
2026-10-07_07:32:23,78,54,61,38,4800,4800,4391,7.24,30,28.44,0x0000000000000001
2026-10-07_07:32:54,80,55,61,38,4800,4800,4391,7.53,30,29.34,0x0000000000000001
2026-10-07_07:33:24,80,55,61,38,4800,4800,4391,8.77,39,28.51,0x0000000000000001
2026-10-07_07:33:54,80,56,61,38,4900,4900,4391,9.76,36,29.47,0x0000000000000001
2026-10-07_07:34:24,80,55,61,38,5000,5200,4391,8.41,39,28.79,0x0000000000000001
2026-10-07_07:34:54,71,52,55,38,4700,4800,4441,6.83,30,20.99,0x0000000000000001
2026-10-07_07:35:24,78,54,61,38,4800,4800,4391,7.14,31,28.24,0x0000000000000001
2026-10-07_07:35:55,80,55,61,38,4800,4800,4391,7.69,32,28.45,0x0000000000000001
2026-10-07_07:36:25,80,56,61,38,4800,4800,4391,7.33,30,30.35,0x0000000000000001
2026-10-07_07:36:55,80,56,61,38,5000,5200,4391,9.98,26,30.51,0x0000000000000001
2026-10-07_07:37:25,80,55,62,38,5000,5200,4391,10.21,36,28.44,0x0000000000000001
2026-10-07_07:37:55,76,53,59,38,4600,4800,4416,8.22,49,27.02,0x0000000000000001
2026-10-07_07:38:25,77,54,58,38,4800,4800,4441,8.23,14,25.61,0x0000000000000001
2026-10-07_07:38:55,78,54,61,38,4800,4800,4396,7.30,29,28.75,0x0000000000000001
2026-10-07_07:39:26,80,55,61,38,4800,4800,4391,8.49,29,29.05,0x0000000000000001
2026-10-07_07:39:56,80,56,62,38,4800,4800,4391,6.66,27,29.85,0x0000000000000001
2026-10-07_07:40:26,80,56,62,38,4900,5200,4391,7.58,31,28.32,0x0000000000000001
2026-10-07_07:40:56,78,54,60,38,4900,5200,4320,8.67,35,28.39,0x0000000000000001
2026-10-07_07:41:26,73,53,57,38,4900,5200,4428,8.01,29,21.35,0x0000000000000001
2026-10-07_07:41:56,79,54,61,38,4800,4900,4408,7.62,49,27.93,0x0000000000000001
2026-10-07_07:42:26,80,55,62,38,4800,4900,4391,10.46,38,28.60,0x0000000000000001
2026-10-07_07:42:57,80,56,62,38,4800,4900,4391,8.21,34,28.61,0x0000000000000001
2026-10-07_07:43:27,80,55,62,38,5000,5200,4391,9.35,39,28.40,0x0000000000000001
2026-10-07_07:43:57,74,54,57,38,5000,5200,4130,7.05,33,21.58,0x0000000000000001
2026-10-07_07:44:27,74,53,58,38,4800,5000,4441,8.78,45,26.48,0x0000000000000001
2026-10-07_07:44:57,79,54,61,38,4800,4900,4391,7.49,35,28.08,0x0000000000000001
2026-10-07_07:45:27,80,55,62,38,4800,4900,4391,8.79,30,32.04,0x0000000000000001
2026-10-07_07:45:57,81,56,62,38,4900,5100,4391,9.29,29,29.63,0x0000000000000001
2026-10-07_07:46:28,80,56,62,38,4900,5200,4391,10.99,36,31.17,0x0000000000000001
2026-10-07_07:46:58,79,54,60,38,4900,5200,4391,9.40,30,27.30,0x0000000000000001
2026-10-07_07:47:28,77,54,59,38,4800,4900,4391,9.46,37,28.16,0x0000000000000001
2026-10-07_07:47:58,79,55,62,38,4800,4900,4391,10.41,36,28.30,0x0000000000000001
2026-10-07_07:48:28,80,56,62,38,4800,4900,4391,8.43,37,29.00,0x0000000000000001
2026-10-07_07:48:58,80,56,62,38,4900,5200,4391,10.56,30,29.68,0x0000000000000001
2026-10-07_07:49:28,80,56,62,38,4900,5200,4391,9.75,31,32.61,0x0000000000000001
2026-10-07_07:49:59,78,54,58,38,4900,5200,4441,9.34,23,23.74,0x0000000000000001
2026-10-07_07:50:29,78,54,60,38,4800,4900,4391,6.47,34,30.61,0x0000000000000001
2026-10-07_07:50:59,80,55,62,38,4800,4900,4391,6.76,36,28.30,0x0000000000000001
2026-10-07_07:51:29,80,56,62,38,4800,4900,4390,7.78,34,31.86,0x0000000000000001
2026-10-07_07:51:59,80,56,61,38,4900,5200,4391,7.40,28,29.50,0x0000000000000001
2026-10-07_07:52:29,80,56,63,38,4900,5200,4391,9.05,30,29.95,0x0000000000000001
2026-10-07_07:52:59,77,54,57,38,4900,5200,3978,8.05,10,29.06,0x0000000000000001
2026-10-07_07:53:30,78,54,60,38,4800,4900,4391,6.35,34,28.55,0x0000000000000001
2026-10-07_07:54:00,80,55,62,38,4800,4900,4391,6.79,37,28.47,0x0000000000000001
2026-10-07_07:54:30,80,56,62,38,4800,4900,4391,8.13,34,31.43,0x0000000000000001
2026-10-07_07:55:00,80,56,62,38,4900,5200,4391,8.41,26,32.78,0x0000000000000001
2026-10-07_07:55:30,79,55,59,38,4900,5200,4441,9.29,25,28.67,0x0000000000000001
2026-10-07_07:56:00,72,53,56,38,4900,5200,4308,7.10,28,21.13,0x0000000000000001
2026-10-07_07:56:30,79,55,60,38,4800,4900,4382,5.93,29,28.68,0x0000000000000001
2026-10-07_07:57:01,80,55,61,38,4800,4900,4391,8.50,31,28.92,0x0000000000000001
2026-10-07_07:57:31,80,56,62,38,4800,4900,4391,8.81,35,28.72,0x0000000000000001
2026-10-07_07:58:01,80,56,63,38,4900,5200,4391,7.76,33,28.42,0x0000000000000001
2026-10-07_07:58:31,77,55,58,38,4900,5200,4416,7.95,11,33.64,0x0000000000000001
2026-10-07_07:59:01,74,53,57,38,4800,5100,4416,9.50,45,26.92,0x0000000000000001
2026-10-07_07:59:31,79,55,61,38,4800,4900,4391,7.28,33,29.12,0x0000000000000001
2026-10-07_08:00:01,80,55,63,38,4800,4900,4391,8.87,35,28.40,0x0000000000000001
2026-10-07_08:00:32,81,56,62,38,4900,5200,4391,9.51,31,28.51,0x0000000000000001
2026-10-07_08:01:02,80,56,62,38,4900,5200,4391,9.04,38,28.65,0x0000000000000001
2026-10-07_08:01:32,80,56,62,38,4900,5200,4391,7.71,36,28.61,0x0000000000000001
2026-10-07_08:02:02,77,53,60,38,4200,4500,4391,6.18,38,28.17,0x0000000000000001
2026-10-07_08:02:32,79,55,61,38,4800,4800,4391,9.26,29,32.04,0x0000000000000001
2026-10-07_08:03:02,81,56,62,38,4800,4800,4366,8.99,39,28.64,0x0000000000000001
2026-10-07_08:03:33,81,56,62,38,4900,5200,4391,9.89,38,28.43,0x0000000000000001
2026-10-07_08:04:03,81,56,62,38,4900,5200,4391,9.37,36,28.73,0x0000000000000001
2026-10-07_08:04:33,80,56,59,38,4900,5200,4340,9.27,12,29.25,0x0000000000000001
2026-10-07_08:05:03,78,54,60,38,4300,4600,4399,8.00,26,31.88,0x0000000000000001
2026-10-07_08:05:33,80,56,62,38,4800,4800,4349,7.26,26,31.69,0x0000000000000001
2026-10-07_08:06:03,81,56,62,38,4900,5200,4391,9.05,41,28.61,0x0000000000000001
2026-10-07_08:06:33,80,56,63,38,4900,5200,4391,9.26,35,28.49,0x0000000000000001
2026-10-07_08:07:04,80,56,62,38,4900,5200,4391,9.94,32,29.36,0x0000000000000001
2026-10-07_08:07:34,77,56,58,38,4900,5200,4275,10.56,11,33.47,0x0000000000000001
2026-10-07_08:08:04,78,55,61,38,4800,4800,4391,7.33,27,32.04,0x0000000000000001
2026-10-07_08:08:34,80,56,62,38,4800,4800,4391,8.60,29,30.26,0x0000000000000001
2026-10-07_08:09:04,81,56,63,38,4900,5200,4391,8.01,31,29.01,0x0000000000000001
2026-10-07_08:09:34,80,56,62,38,4900,5200,4391,8.33,50,28.82,0x0000000000000001
2026-10-07_08:10:04,81,56,62,38,4900,5200,4391,7.90,31,29.04,0x0000000000000001
2026-10-07_08:10:35,75,55,57,38,4900,5200,4009,9.26,7,33.34,0x0000000000000001
2026-10-07_08:11:05,79,55,61,38,4800,4800,4391,9.65,35,28.14,0x0000000000000001
2026-10-07_08:11:35,81,56,62,38,4800,4800,4391,11.21,32,29.28,0x0000000000000001
2026-10-07_08:12:05,81,56,61,38,4900,5200,4391,11.01,29,29.59,0x0000000000000001
2026-10-07_08:12:35,81,56,62,38,4900,5200,4222,9.80,38,28.54,0x0000000000000001
2026-10-07_08:13:05,81,56,62,38,4900,5200,4391,10.72,37,29.83,0x0000000000000001
2026-10-07_08:13:35,69,53,54,38,4900,5200,3962,8.32,1,15.87,0x0000000000000001
2026-10-07_08:14:06,79,55,60,38,4800,4800,4391,7.08,35,29.06,0x0000000000000001
2026-10-07_08:14:36,81,56,63,38,4800,4800,4391,7.25,34,32.15,0x0000000000000001
2026-10-07_08:15:06,81,56,63,38,4900,5200,4391,8.30,28,28.73,0x0000000000000001
2026-10-07_08:15:36,81,56,62,38,4900,5200,4391,6.20,28,30.64,0x0000000000000001
2026-10-07_08:16:06,81,56,62,38,4900,5200,4391,6.67,30,28.97,0x0000000000000001
2026-10-07_08:16:36,74,53,58,38,4600,5000,4412,7.22,32,23.40,0x0000000000000001
2026-10-07_08:17:06,79,55,61,38,4800,4800,4391,7.03,30,29.45,0x0000000000000001
2026-10-07_08:17:37,81,56,63,38,4900,5200,4373,8.02,33,28.67,0x0000000000000001
2026-10-07_08:18:07,81,56,62,38,4900,5200,4391,10.16,40,28.74,0x0000000000000001
2026-10-07_08:18:37,81,56,62,38,4900,5200,4391,8.67,39,28.63,0x0000000000000001
2026-10-07_08:19:07,81,56,62,38,4900,5200,4391,10.03,38,28.60,0x0000000000000001
2026-10-07_08:19:37,77,53,59,38,4300,4600,4391,8.63,33,28.55,0x0000000000000001
2026-10-07_08:20:07,79,55,61,38,4800,4800,4391,8.65,39,28.40,0x0000000000000001
2026-10-07_08:20:37,81,56,62,38,4900,5100,4391,8.98,32,28.48,0x0000000000000001
2026-10-07_08:21:08,81,56,63,38,4900,5200,4391,8.80,27,29.87,0x0000000000000001
2026-10-07_08:21:38,81,56,63,38,4900,5200,4391,8.48,51,28.25,0x0000000000000001
2026-10-07_08:22:08,81,56,62,38,4900,5200,4383,9.10,35,28.58,0x0000000000000001
2026-10-07_08:22:38,77,54,60,38,4200,4500,4411,8.09,35,28.64,0x0000000000000001
2026-10-07_08:23:08,80,55,61,38,4800,4800,4370,7.75,28,32.68,0x0000000000000001
2026-10-07_08:23:38,81,56,62,38,4900,5200,4391,7.09,33,32.43,0x0000000000000001
2026-10-07_08:24:09,80,55,62,38,4900,5200,4391,6.58,38,28.63,0x0000000000000001
2026-10-07_08:24:39,80,56,62,38,4900,5200,4374,7.23,29,29.81,0x0000000000000001
2026-10-07_08:25:09,80,55,60,38,4900,5200,4441,10.53,20,27.32,0x0000000000000001
2026-10-07_08:25:39,77,54,60,38,4300,4600,4391,7.81,32,28.59,0x0000000000000001
2026-10-07_08:26:09,80,55,61,38,4800,4800,4391,7.35,26,33.12,0x0000000000000001
2026-10-07_08:26:39,80,56,62,38,4900,4900,4281,6.09,31,29.09,0x0000000000000001
2026-10-07_08:27:09,80,55,62,38,5000,5200,4391,5.51,34,29.37,0x0000000000000001
2026-10-07_08:27:40,80,55,62,38,5000,5200,4391,7.38,36,28.31,0x0000000000000001
2026-10-07_08:28:10,77,55,58,38,5000,5200,4284,6.57,10,30.93,0x0000000000000001
2026-10-07_08:28:40,77,54,61,38,4600,4800,4391,7.43,51,27.98,0x0000000000000001
2026-10-07_08:29:10,80,55,61,38,4800,4800,4391,9.09,52,28.09,0x0000000000000001
2026-10-07_08:29:40,80,55,62,38,4800,4800,4277,9.90,33,28.95,0x0000000000000001
2026-10-07_08:30:10,80,55,62,38,5000,5200,4391,9.16,39,28.54,0x0000000000000001
2026-10-07_08:30:40,80,55,62,38,4900,5200,4391,11.17,30,28.99,0x0000000000000001
2026-10-07_08:31:11,74,53,54,38,5000,5200,3805,8.27,1,15.65,0x0000000000000001
2026-10-07_08:31:41,78,54,60,38,4800,4800,4391,6.96,29,28.56,0x0000000000000001
2026-10-07_08:32:11,80,55,61,38,4800,4800,4391,6.88,30,29.46,0x0000000000000001
2026-10-07_08:32:41,80,55,62,38,4800,4800,4391,8.15,34,28.51,0x0000000000000001
2026-10-07_08:33:11,80,55,62,38,4900,5200,4391,8.20,39,28.71,0x0000000000000001
2026-10-07_08:33:41,80,55,62,38,5000,5200,4391,10.99,29,29.82,0x0000000000000001
2026-10-07_08:34:11,70,53,56,38,4900,5200,4386,8.05,23,21.27,0x0000000000000001
2026-10-07_08:34:42,78,54,60,38,4800,4900,4391,8.49,37,28.91,0x0000000000000001
2026-10-07_08:35:12,79,55,62,38,4800,4900,4391,7.51,26,33.12,0x0000000000000001
2026-10-07_08:35:42,80,55,61,38,4800,4800,4391,8.73,35,28.48,0x0000000000000001
2026-10-07_08:36:12,80,55,61,38,4800,4800,4391,8.36,32,28.98,0x0000000000000001
2026-10-07_08:36:42,80,55,62,38,4900,5200,4391,6.37,56,28.23,0x0000000000000001
2026-10-07_08:37:12,73,53,58,38,4600,4900,4441,8.12,29,27.39,0x0000000000000001
2026-10-07_08:37:42,78,54,61,38,4800,4800,4415,7.13,34,28.48,0x0000000000000001
2026-10-07_08:38:13,80,55,61,38,4800,4800,4391,11.23,36,29.22,0x0000000000000001
2026-10-07_08:38:43,80,55,61,38,4800,4900,4391,10.32,36,28.46,0x0000000000000001
2026-10-07_08:39:13,80,56,63,38,4800,4800,4391,10.39,28,32.17,0x0000000000000001
2026-10-07_08:39:43,80,55,61,38,5000,5200,4391,10.54,39,28.54,0x0000000000000001
2026-10-07_08:40:13,76,53,58,38,4300,4500,4391,9.21,33,28.64,0x0000000000000001
2026-10-07_08:40:43,79,54,62,38,4800,4900,4391,8.54,34,28.72,0x0000000000000001
2026-10-07_08:41:13,80,55,62,38,4800,4900,4391,8.64,28,30.97,0x0000000000000001
2026-10-07_08:41:44,81,56,62,38,4800,4900,4391,10.83,35,28.51,0x0000000000000001
2026-10-07_08:42:14,81,55,62,38,4900,5200,4391,10.25,39,28.58,0x0000000000000001
2026-10-07_08:42:44,80,55,63,38,4900,5200,4391,8.71,39,28.38,0x0000000000000001
2026-10-07_08:43:14,77,54,60,38,4300,4600,4391,7.68,29,29.27,0x0000000000000001
2026-10-07_08:43:44,80,55,62,38,4800,4800,4391,8.08,27,31.05,0x0000000000000001
2026-10-07_08:44:14,81,56,62,38,4800,4800,4391,7.20,34,32.29,0x0000000000000001
2026-10-07_08:44:44,81,56,62,38,4900,5200,4372,9.55,31,29.25,0x0000000000000001
2026-10-07_08:45:15,81,56,62,38,5000,5200,4391,8.83,29,29.19,0x0000000000000001
2026-10-07_08:45:45,80,54,57,38,5000,5200,3390,8.67,1,20.14,0x0000000000000001
2026-10-07_08:46:15,78,54,61,38,4600,4800,4397,7.91,26,31.92,0x0000000000000001
2026-10-07_08:46:45,80,55,62,38,4800,4800,4391,8.39,25,32.52,0x0000000000000001
2026-10-07_08:47:15,81,56,63,38,5000,5000,4391,10.54,36,31.39,0x0000000000000001
2026-10-07_08:47:45,81,55,62,38,5000,5200,4391,9.83,34,28.46,0x0000000000000001
2026-10-07_08:48:16,81,56,62,38,5000,5200,4391,9.51,35,28.76,0x0000000000000001
2026-10-07_08:48:46,76,54,55,38,5000,5200,3830,8.54,6,22.01,0x0000000000000001
2026-10-07_08:49:16,78,54,61,38,4800,4800,4288,8.73,25,31.99,0x0000000000000001
2026-10-07_08:49:46,81,56,62,38,4800,4800,4391,8.05,27,32.08,0x0000000000000001
2026-10-07_08:50:16,81,56,62,38,5000,5200,4391,8.68,28,33.09,0x0000000000000001
2026-10-07_08:50:46,81,56,62,38,5000,5200,4391,7.81,28,32.13,0x0000000000000001
2026-10-07_08:51:16,81,56,63,38,5000,5200,4391,7.73,36,28.57,0x0000000000000001
2026-10-07_08:51:47,71,55,54,38,5000,5200,4086,8.23,0,33.19,0x0000000000000001
2026-10-07_08:52:17,79,55,61,38,4800,4800,4391,6.45,29,32.14,0x0000000000000001
2026-10-07_08:52:47,81,56,62,38,4800,4800,4391,5.97,35,29.48,0x0000000000000001
2026-10-07_08:53:17,81,56,62,38,4900,5200,4391,6.12,36,28.59,0x0000000000000001
2026-10-07_08:53:47,81,56,63,38,4900,5200,4391,6.08,37,28.44,0x0000000000000001
2026-10-07_08:54:17,81,56,62,38,4900,5200,4326,8.86,26,30.86,0x0000000000000001
2026-10-07_08:54:47,70,53,57,38,4800,5100,4441,7.32,43,22.42,0x0000000000000001
2026-10-07_08:55:18,79,55,62,38,4800,4800,4391,7.53,33,28.01,0x0000000000000001
2026-10-07_08:55:48,81,56,62,38,4800,4800,4391,7.48,36,28.76,0x0000000000000001
2026-10-07_08:56:18,81,56,63,38,4900,5200,4371,7.60,34,30.28,0x0000000000000001
2026-10-07_08:56:48,81,56,64,38,4900,5200,4391,8.36,36,28.67,0x0000000000000001
2026-10-07_08:57:18,81,56,63,38,4900,5200,4391,7.50,40,28.69,0x0000000000000001
2026-10-07_08:57:48,69,52,55,38,4600,4900,4391,5.77,52,21.02,0x0000000000000001
2026-10-07_08:58:18,79,55,61,38,4800,4800,4391,7.42,31,29.23,0x0000000000000001
2026-10-07_08:58:49,81,55,62,38,4800,4800,4391,8.73,36,29.67,0x0000000000000001
2026-10-07_08:59:19,81,56,63,38,4900,5200,4391,7.93,28,32.50,0x0000000000000001
2026-10-07_08:59:49,81,56,62,38,4900,5200,4391,7.71,35,28.54,0x0000000000000001
2026-10-07_09:00:19,81,56,62,38,4900,5200,4391,7.39,36,31.81,0x0000000000000001
2026-10-07_09:00:49,77,53,59,38,4500,4800,4391,7.46,32,27.71,0x0000000000000001
2026-10-07_09:01:19,79,55,61,38,4800,4800,4391,7.22,37,28.30,0x0000000000000001
2026-10-07_09:01:49,81,56,62,38,4900,5100,4381,10.42,27,32.37,0x0000000000000001
2026-10-07_09:02:20,81,56,62,38,4900,5200,4391,9.10,28,32.38,0x0000000000000001
2026-10-07_09:02:50,81,56,62,38,4900,5200,4391,9.93,28,29.48,0x0000000000000001
2026-10-07_09:03:20,81,56,63,38,4900,5200,4391,9.99,34,30.94,0x0000000000000001
2026-10-07_09:03:50,78,54,60,38,4300,4600,4391,8.68,28,30.11,0x0000000000000001
2026-10-07_09:04:20,80,55,62,38,4800,4800,4391,8.36,34,31.44,0x0000000000000001
2026-10-07_09:04:50,81,56,63,38,4900,5200,4389,6.95,36,28.63,0x0000000000000001
2026-10-07_09:05:20,81,56,63,38,4900,5200,4386,8.82,27,32.68,0x0000000000000001
2026-10-07_09:05:51,81,56,62,38,4900,5200,4391,9.44,30,31.99,0x0000000000000001
2026-10-07_09:06:21,81,56,62,38,4900,5200,4378,8.14,29,32.73,0x0000000000000001
2026-10-07_09:06:51,78,54,60,38,4300,4600,4397,7.79,51,27.71,0x0000000000000001
2026-10-07_09:07:21,81,55,62,38,4800,4800,4391,6.70,34,28.88,0x0000000000000001
2026-10-07_09:07:51,81,56,63,38,4900,5200,4391,8.48,30,29.49,0x0000000000000001
2026-10-07_09:08:21,81,56,63,38,4900,5200,4337,6.51,29,32.50,0x0000000000000001
2026-10-07_09:08:51,81,56,63,38,4900,5200,4391,6.84,30,31.43,0x0000000000000001
2026-10-07_09:09:22,80,55,62,38,4900,5200,4416,7.99,25,21.77,0x0000000000000001
2026-10-07_09:09:52,78,54,61,38,4300,4600,4391,7.46,38,28.13,0x0000000000000001
2026-10-07_09:10:22,80,56,62,38,4800,4800,4391,8.44,40,28.51,0x0000000000000001
2026-10-07_09:10:52,81,56,62,38,5000,5200,4390,8.99,37,28.56,0x0000000000000001
2026-10-07_09:11:22,81,56,61,38,5000,5200,4391,9.72,38,28.49,0x0000000000000001
2026-10-07_09:11:52,81,56,63,38,5000,5200,4391,9.37,37,28.71,0x0000000000000001
2026-10-07_09:12:22,80,55,61,38,5000,5200,4417,8.83,22,25.12,0x0000000000000001
2026-10-07_09:12:53,78,54,61,38,4500,4800,4391,7.61,33,28.78,0x0000000000000001
2026-10-07_09:13:23,81,56,62,38,4800,4800,4391,8.45,29,31.70,0x0000000000000001
2026-10-07_09:13:53,81,56,62,38,4900,5200,4391,9.21,53,28.24,0x0000000000000001
2026-10-07_09:14:23,81,56,62,38,4900,5200,4390,9.63,31,29.25,0x0000000000000001
2026-10-07_09:14:53,81,56,62,38,4900,5200,4391,8.89,32,29.47,0x0000000000000001
2026-10-07_09:15:23,77,54,55,38,4900,5200,3478,7.21,0,15.33,0x0000000000000001
2026-10-07_09:15:53,79,55,60,38,4800,4800,4391,5.59,31,28.63,0x0000000000000001
2026-10-07_09:16:24,81,56,63,38,4800,4800,4391,5.66,35,28.65,0x0000000000000001
2026-10-07_09:16:54,81,56,61,38,4900,5200,4391,8.13,31,28.98,0x0000000000000001
2026-10-07_09:17:24,81,56,63,38,4900,5200,4391,8.86,37,28.57,0x0000000000000001
2026-10-07_09:17:54,82,56,63,38,4900,5200,4366,8.78,30,29.00,0x0000000000000001
2026-10-07_09:18:24,73,55,55,38,4900,5200,4330,8.37,0,33.28,0x0000000000000001
2026-10-07_09:18:54,79,55,61,38,4800,4800,4391,8.47,29,28.49,0x0000000000000001
2026-10-07_09:19:24,81,56,62,38,4900,5000,4375,9.39,36,28.72,0x0000000000000001
2026-10-07_09:19:55,81,56,63,38,4900,5200,4302,9.28,27,30.67,0x0000000000000001
2026-10-07_09:20:25,82,56,63,38,4900,5200,4391,9.79,27,30.38,0x0000000000000001
2026-10-07_09:20:55,82,56,64,38,4900,5200,4391,10.71,29,30.38,0x0000000000000001
2026-10-07_09:21:25,70,53,56,38,4900,5200,4350,8.63,39,19.61,0x0000000000000001
2026-10-07_09:21:55,79,55,61,38,4800,4800,4391,6.92,36,28.34,0x0000000000000001
2026-10-07_09:22:25,81,56,62,38,4900,5200,4391,7.66,25,33.16,0x0000000000000001
2026-10-07_09:22:56,81,56,63,38,4900,5200,4391,7.99,34,29.91,0x0000000000000001
2026-10-07_09:23:26,82,56,63,38,4900,5200,4391,6.67,35,29.17,0x0000000000000001
2026-10-07_09:23:56,81,56,63,38,4900,5200,4391,8.86,39,31.17,0x0000000000000001
2026-10-07_09:24:26,77,54,59,38,4300,4600,4416,8.90,26,28.74,0x0000000000000001
2026-10-07_09:24:56,79,55,62,38,4800,4800,4391,11.96,36,29.51,0x0000000000000001
2026-10-07_09:25:26,81,56,62,38,4900,5200,4391,10.63,29,29.56,0x0000000000000001
2026-10-07_09:25:56,81,56,62,38,4900,5200,4391,10.89,31,29.35,0x0000000000000001
2026-10-07_09:26:27,81,56,62,38,4900,5200,4391,9.67,51,28.54,0x0000000000000001
2026-10-07_09:26:57,81,56,63,38,4900,5200,4391,8.98,51,28.59,0x0000000000000001
2026-10-07_09:27:27,78,54,60,38,4300,4600,4400,6.91,36,31.20,0x0000000000000001
2026-10-07_09:27:57,80,55,61,38,4800,4800,4391,8.05,38,28.39,0x0000000000000001
2026-10-07_09:28:27,81,56,61,38,4900,5200,4391,8.42,35,28.38,0x0000000000000001
2026-10-07_09:28:57,81,56,62,38,5000,5200,4391,9.15,28,28.67,0x0000000000000001
2026-10-07_09:29:27,81,56,62,38,5000,5200,4391,10.07,36,29.25,0x0000000000000001
2026-10-07_09:29:58,78,55,59,38,5000,5200,4441,8.66,30,23.48,0x0000000000000001
2026-10-07_09:30:28,78,54,60,38,4500,4800,4415,6.73,47,28.12,0x0000000000000001
2026-10-07_09:30:58,80,55,61,38,4800,4800,4181,7.87,34,28.70,0x0000000000000001
2026-10-07_09:31:28,81,56,63,38,5000,5100,4319,9.58,33,29.13,0x0000000000000001
2026-10-07_09:31:58,81,56,62,38,5000,5200,4387,10.40,27,32.85,0x0000000000000001
2026-10-07_09:32:28,81,56,62,38,5000,5200,4391,15.81,33,31.66,0x0000000000000001
2026-10-07_09:32:58,76,54,58,38,5000,5200,3754,11.58,0,24.89,0x0000000000000001
2026-10-07_09:33:29,78,54,60,38,4800,4800,4391,11.25,27,29.03,0x0000000000000001
2026-10-07_09:33:59,80,55,61,38,4800,4800,4391,9.00,37,29.18,0x0000000000000001
2026-10-07_09:34:29,80,55,62,38,4800,4800,4391,8.16,38,28.63,0x0000000000000001
2026-10-07_09:34:59,80,55,61,38,4900,5200,4391,8.94,36,28.62,0x0000000000000001
2026-10-07_09:35:29,80,55,62,38,5000,5200,4391,8.12,51,28.67,0x0000000000000001
2026-10-07_09:35:59,69,52,55,38,4900,5100,4188,6.94,48,16.56,0x0000000000000001
2026-10-07_09:36:29,79,54,60,38,4800,4800,4391,7.58,26,30.13,0x0000000000000001
2026-10-07_09:37:00,80,55,62,38,4800,4800,4391,10.61,31,30.18,0x0000000000000001
2026-10-07_09:37:30,81,56,62,38,4800,4800,4391,12.17,30,32.13,0x0000000000000001
2026-10-07_09:38:00,81,55,62,38,5000,5200,4391,10.03,37,28.50,0x0000000000000001
2026-10-07_09:38:30,80,56,62,38,5000,5200,4391,8.67,28,31.91,0x0000000000000001
2026-10-07_09:39:00,75,53,57,38,4600,4900,4391,7.25,23,26.74,0x0000000000000001
2026-10-07_09:39:30,78,54,61,38,4800,4800,4407,8.02,32,27.95,0x0000000000000001
2026-10-07_09:40:01,81,55,61,38,4800,4800,4391,10.53,34,31.01,0x0000000000000001
2026-10-07_09:40:31,81,56,62,38,4900,5200,4391,12.12,32,29.15,0x0000000000000001
2026-10-07_09:41:01,81,56,62,38,5000,5200,4391,10.67,27,29.72,0x0000000000000001
2026-10-07_09:41:31,81,55,62,38,5000,5200,4391,9.96,39,28.51,0x0000000000000001
2026-10-07_09:42:01,77,53,59,38,4300,4600,4404,9.54,30,27.96,0x0000000000000001
2026-10-07_09:42:31,79,55,61,38,4800,4800,4391,8.29,26,30.71,0x0000000000000001
2026-10-07_09:43:01,81,56,62,38,4800,4800,4391,7.69,30,30.87,0x0000000000000001
2026-10-07_09:43:32,81,56,62,38,5000,5200,4391,7.58,51,28.15,0x0000000000000001
2026-10-07_09:44:02,81,55,63,38,5000,5200,4391,9.33,32,28.15,0x0000000000000001
2026-10-07_09:44:32,80,55,61,38,5000,5200,4391,7.69,39,28.55,0x0000000000000001
2026-10-07_09:45:02,77,54,59,38,4200,4500,4391,6.04,31,28.31,0x0000000000000001
2026-10-07_09:45:32,79,55,62,38,4800,4800,4391,6.28,51,28.06,0x0000000000000001
2026-10-07_09:46:02,80,56,62,38,4800,4800,4391,8.05,34,29.56,0x0000000000000001
2026-10-07_09:46:32,80,56,61,38,4900,5200,4391,8.49,29,32.21,0x0000000000000001
2026-10-07_09:47:03,80,56,62,38,4900,5200,4391,8.29,50,28.23,0x0000000000000001
2026-10-07_09:47:33,80,55,60,38,4900,5200,4440,7.98,20,28.22,0x0000000000000001
2026-10-07_09:48:03,78,54,60,38,4400,4600,4412,7.90,52,27.94,0x0000000000000001
2026-10-07_09:48:33,81,55,61,38,4800,4800,4391,6.77,31,29.00,0x0000000000000001
2026-10-07_09:49:03,81,56,62,38,4900,4900,4369,5.83,32,29.32,0x0000000000000001
2026-10-07_09:49:33,81,56,63,38,5000,5200,4373,6.70,36,32.04,0x0000000000000001
2026-10-07_09:50:03,81,56,62,38,5000,5200,4391,9.24,35,28.67,0x0000000000000001
2026-10-07_09:50:34,79,55,58,38,5000,5200,3952,7.57,11,18.42,0x0000000000000001
2026-10-07_09:51:04,78,54,61,38,4700,4800,4391,7.45,30,28.03,0x0000000000000001
2026-10-07_09:51:34,81,55,63,38,4800,4800,4391,8.39,36,29.23,0x0000000000000001
2026-10-07_09:52:04,81,56,62,38,4900,5200,4391,9.47,27,32.80,0x0000000000000001
2026-10-07_09:52:34,81,56,62,38,4900,5200,4391,8.67,27,29.79,0x0000000000000001
2026-10-07_09:53:04,82,56,62,38,4900,5200,4391,7.93,52,28.96,0x0000000000000001
2026-10-07_09:53:34,72,54,55,38,4900,5200,4055,7.91,0,33.11,0x0000000000000001
2026-10-07_09:54:05,79,55,61,38,4800,4800,4391,8.46,30,29.16,0x0000000000000001
2026-10-07_09:54:35,81,56,62,38,4800,4800,4391,11.11,35,31.30,0x0000000000000001
2026-10-07_09:55:05,81,56,62,38,4900,5200,4391,9.56,28,32.25,0x0000000000000001
2026-10-07_09:55:35,81,56,62,38,4900,5200,4391,10.14,32,29.24,0x0000000000000001
2026-10-07_09:56:05,81,56,63,38,4900,5200,4391,9.48,28,28.94,0x0000000000000001
2026-10-07_09:56:35,74,53,57,38,4900,5100,4348,8.58,43,20.25,0x0000000000000001
2026-10-07_09:57:05,79,55,61,38,4800,4900,4391,9.91,31,28.46,0x0000000000000001
2026-10-07_09:57:36,81,56,62,38,4800,4900,4391,9.75,36,30.68,0x0000000000000001
2026-10-07_09:58:06,81,56,62,38,4900,5200,4391,10.23,33,29.06,0x0000000000000001
2026-10-07_09:58:36,81,56,62,38,4900,5200,4391,10.75,26,33.35,0x0000000000000001
2026-10-07_09:59:06,81,56,63,38,4900,5200,4381,8.97,28,32.86,0x0000000000000001
2026-10-07_09:59:36,75,54,59,38,4800,4900,4391,8.35,29,26.31,0x0000000000000001
2026-10-07_10:00:06,79,55,62,38,4800,4900,4391,7.38,34,28.42,0x0000000000000001
2026-10-07_10:00:36,81,56,63,38,4900,5100,4391,8.20,36,29.09,0x0000000000000001
2026-10-07_10:01:07,81,56,62,38,4900,5200,4391,6.99,32,29.85,0x0000000000000001
2026-10-07_10:01:37,81,56,63,38,4900,5200,4366,8.06,30,32.81,0x0000000000000001
2026-10-07_10:02:07,81,56,63,38,4900,5200,4391,7.64,28,29.60,0x0000000000000001
2026-10-07_10:02:37,77,53,60,38,4200,4500,4395,6.60,31,28.59,0x0000000000000001
2026-10-07_10:03:07,80,55,61,38,4800,4800,4391,8.30,27,31.94,0x0000000000000001
2026-10-07_10:03:37,82,56,63,38,4900,5200,4391,8.05,31,28.90,0x0000000000000001
2026-10-07_10:04:08,82,56,63,38,4900,5200,4311,9.84,32,32.17,0x0000000000000001
2026-10-07_10:04:38,82,56,64,38,4900,5200,4391,9.61,28,30.25,0x0000000000000001
2026-10-07_10:05:08,81,56,61,38,4900,5200,4390,7.21,34,29.25,0x0000000000000001
2026-10-07_10:05:38,78,54,61,38,4400,4700,4341,7.05,30,27.67,0x0000000000000001
2026-10-07_10:06:08,81,55,62,38,4800,4800,4391,9.46,47,31.30,0x0000000000000001
2026-10-07_10:06:38,81,56,63,38,4900,5200,4366,10.25,38,28.71,0x0000000000000001
2026-10-07_10:07:08,81,56,63,38,4900,5200,4391,7.93,28,29.55,0x0000000000000001
2026-10-07_10:07:39,81,56,62,38,4900,5200,4391,9.53,36,28.63,0x0000000000000001
2026-10-07_10:08:09,80,56,60,38,4900,5200,4391,8.68,12,27.67,0x0000000000000001
2026-10-07_10:08:39,79,54,61,38,4800,4800,4416,6.80,48,28.20,0x0000000000000001
2026-10-07_10:09:09,81,56,62,38,4800,4800,4391,7.68,26,30.83,0x0000000000000001
2026-10-07_10:09:39,81,56,62,38,4900,5200,4391,7.34,39,28.63,0x0000000000000001
2026-10-07_10:10:09,81,56,63,38,4900,5200,4391,9.39,38,28.49,0x0000000000000001
2026-10-07_10:10:39,81,56,62,38,4900,5200,4391,7.68,36,28.55,0x0000000000000001
2026-10-07_10:11:10,76,55,55,38,4900,5200,4117,6.06,0,33.33,0x0000000000000001
2026-10-07_10:11:40,79,55,61,38,4800,4800,4391,4.59,27,32.42,0x0000000000000001
2026-10-07_10:12:10,81,56,63,38,4800,4800,4379,6.13,26,32.77,0x0000000000000001
2026-10-07_10:12:40,82,56,63,38,4900,5200,4391,9.66,28,29.54,0x0000000000000001
2026-10-07_10:13:10,82,56,63,38,4900,5200,4391,7.89,28,31.98,0x0000000000000001
2026-10-07_10:13:40,82,56,63,38,4900,5200,4391,10.34,31,28.83,0x0000000000000001
2026-10-07_10:14:10,72,55,55,38,4900,5200,4124,7.36,0,27.10,0x0000000000000001
2026-10-07_10:14:41,79,55,61,38,4800,4800,4410,5.81,26,32.00,0x0000000000000001
2026-10-07_10:15:11,81,56,63,38,4900,5200,4391,8.10,31,29.64,0x0000000000000001
2026-10-07_10:15:41,81,56,63,38,4900,5200,4366,10.44,49,28.28,0x0000000000000001
2026-10-07_10:16:11,82,56,63,38,4900,5200,4390,10.43,30,28.83,0x0000000000000001
2026-10-07_10:16:41,82,56,63,38,4900,5200,4372,10.72,35,31.04,0x0000000000000001
2026-10-07_10:17:11,71,54,56,38,4900,5200,4349,7.65,31,19.98,0x0000000000000001
2026-10-07_10:17:41,79,56,62,38,4800,4800,4391,6.82,28,32.03,0x0000000000000001
2026-10-07_10:18:12,81,56,63,38,4900,5200,4391,8.12,28,32.87,0x0000000000000001
2026-10-07_10:18:42,81,56,63,38,4900,5200,4391,8.83,27,32.49,0x0000000000000001
2026-10-07_10:19:12,81,57,63,38,4900,5200,4371,8.59,30,32.55,0x0000000000000001
2026-10-07_10:19:42,81,57,63,38,4900,5200,4291,6.71,30,32.94,0x0000000000000001
2026-10-07_10:20:12,75,54,59,38,4800,4900,4275,7.53,48,26.86,0x0000000000000001
2026-10-07_10:20:42,79,56,63,38,4800,4900,4391,7.68,27,30.26,0x0000000000000001
2026-10-07_10:21:12,81,56,63,38,4900,5200,4340,7.47,30,32.72,0x0000000000000001
2026-10-07_10:21:43,81,56,62,38,4900,5200,4391,7.80,29,29.96,0x0000000000000001
2026-10-07_10:22:13,82,56,63,38,4900,5200,4391,8.66,32,29.41,0x0000000000000001
2026-10-07_10:22:43,81,56,60,38,4900,5200,4391,9.51,25,23.23,0x0000000000000001
2026-10-07_10:23:13,78,54,60,38,4800,4900,4391,8.09,31,27.72,0x0000000000000001
2026-10-07_10:23:43,80,55,62,38,4800,4900,4391,9.11,33,29.17,0x0000000000000001
2026-10-07_10:24:13,81,56,62,38,4900,5200,4391,7.62,30,29.15,0x0000000000000001
2026-10-07_10:24:44,81,56,63,38,4900,5200,4391,7.58,29,28.62,0x0000000000000001
2026-10-07_10:25:14,81,56,64,38,4900,5200,4374,9.15,34,29.01,0x0000000000000001
2026-10-07_10:25:44,79,56,61,38,4900,5200,4416,8.82,10,25.13,0x0000000000000001
2026-10-07_10:26:14,78,55,61,38,4800,4900,4391,8.80,36,30.47,0x0000000000000001
2026-10-07_10:26:44,81,56,62,38,4900,5100,4391,7.07,38,30.02,0x0000000000000001
2026-10-07_10:27:14,81,56,63,38,4900,5200,4386,8.51,33,31.64,0x0000000000000001
2026-10-07_10:27:44,81,56,63,38,4900,5200,4391,8.48,28,32.91,0x0000000000000001
2026-10-07_10:28:15,82,56,64,38,4900,5200,4391,6.56,37,28.70,0x0000000000000001
2026-10-07_10:28:45,74,55,58,38,4900,5200,4137,5.68,1,18.28,0x0000000000000001
2026-10-07_10:29:15,79,55,61,38,4800,4800,4391,6.89,35,28.21,0x0000000000000001
2026-10-07_10:29:45,81,56,62,38,4900,5200,4391,6.00,39,29.06,0x0000000000000001
2026-10-07_10:30:15,81,56,62,38,4900,5200,4391,6.55,28,29.44,0x0000000000000001
2026-10-07_10:30:45,81,56,63,38,4900,5200,4391,10.20,35,28.98,0x0000000000000001
2026-10-07_10:31:15,81,56,63,38,4900,5200,4391,8.01,32,29.46,0x0000000000000001
2026-10-07_10:31:46,69,53,53,38,4900,5200,4145,7.88,1,15.64,0x0000000000000001
2026-10-07_10:32:16,79,55,61,38,4800,4800,4391,9.10,28,29.23,0x0000000000000001
2026-10-07_10:32:46,82,56,62,38,4900,5200,4368,9.94,28,29.39,0x0000000000000001
2026-10-07_10:33:16,82,56,62,38,4900,5200,4391,9.92,38,30.69,0x0000000000000001
2026-10-07_10:33:46,82,56,62,38,4900,5200,4373,8.69,33,30.64,0x0000000000000001
2026-10-07_10:34:16,82,56,63,38,4900,5200,4366,7.81,39,28.61,0x0000000000000001
2026-10-07_10:34:46,70,54,56,38,4800,5100,4374,6.22,25,20.58,0x0000000000000001
2026-10-07_10:35:17,80,55,61,38,4800,4800,4391,6.04,33,28.38,0x0000000000000001
2026-10-07_10:35:47,81,56,63,38,4900,5200,4391,8.04,37,28.71,0x0000000000000001
2026-10-07_10:36:17,82,56,62,38,4900,5200,4391,10.05,37,28.63,0x0000000000000001
2026-10-07_10:36:47,82,56,62,38,4900,5200,4365,9.67,39,28.62,0x0000000000000001
2026-10-07_10:37:17,82,56,63,38,4900,5200,4266,9.20,41,28.70,0x0000000000000001
2026-10-07_10:37:47,66,52,55,38,4500,4800,4136,7.14,40,19.09,0x0000000000000001
2026-10-07_10:38:17,70,52,56,38,3900,3900,4441,6.39,29,20.85,0x0000000000000001
2026-10-07_10:38:48,71,52,56,38,4200,4500,4066,4.59,32,20.78,0x0000000000000001
2026-10-07_10:39:18,70,51,56,38,4200,4500,4416,5.39,34,20.64,0x0000000000000001
2026-10-07_10:39:48,70,51,55,38,4200,4500,4439,4.05,42,20.84,0x0000000000000001
2026-10-07_10:40:18,70,50,54,38,4200,4500,4441,3.13,31,20.78,0x0000000000000001
2026-10-07_10:40:48,68,49,53,38,3600,3600,4466,2.46,42,20.57,0x0000000000000001
2026-10-07_10:41:18,68,50,55,38,3900,3900,4233,4.76,31,20.83,0x0000000000000001
2026-10-07_10:41:48,70,50,55,38,3900,3900,4398,4.95,30,20.82,0x0000000000000001
2026-10-07_10:42:19,70,51,56,38,3900,3900,4466,5.65,33,20.91,0x0000000000000001
2026-10-07_10:42:49,70,51,55,38,3900,3900,4416,4.75,33,20.84,0x0000000000000001
2026-10-07_10:43:19,70,51,55,38,3900,3900,4353,5.37,42,20.67,0x0000000000000001
2026-10-07_10:43:49,71,50,55,38,3600,3600,4202,3.80,41,19.73,0x0000000000000001
2026-10-07_10:44:19,78,54,61,38,4600,4800,4391,6.03,28,29.76,0x0000000000000001
2026-10-07_10:44:49,79,55,61,38,4800,4800,4391,8.49,31,29.24,0x0000000000000001
2026-10-07_10:45:19,81,56,62,38,4800,4900,4391,9.73,54,28.26,0x0000000000000001
2026-10-07_10:45:50,81,56,62,38,4900,5200,4391,8.04,39,28.60,0x0000000000000001
2026-10-07_10:46:20,81,56,62,38,4900,5200,4369,7.19,39,28.59,0x0000000000000001
2026-10-07_10:46:50,76,55,59,38,4900,5200,4416,5.75,28,24.92,0x0000000000000001
2026-10-07_10:47:20,78,54,60,38,4800,4900,4391,5.99,33,28.52,0x0000000000000001
2026-10-07_10:47:50,79,55,61,38,4800,4900,4391,7.52,33,28.56,0x0000000000000001
2026-10-07_10:48:20,81,56,63,38,4900,5200,4391,7.27,33,29.55,0x0000000000000001
2026-10-07_10:48:50,81,56,63,38,4900,5200,4391,7.23,48,28.23,0x0000000000000001
2026-10-07_10:49:21,81,56,63,38,4900,5200,4390,9.25,35,29.48,0x0000000000000001
2026-10-07_10:49:51,81,55,60,38,4900,5200,4324,8.81,27,22.98,0x0000000000000001
2026-10-07_10:50:21,76,54,58,38,4900,5200,4002,7.04,24,26.76,0x0000000000000001
2026-10-07_10:50:51,79,55,62,38,4900,5200,4391,7.80,29,29.49,0x0000000000000001
2026-10-07_10:51:21,80,55,62,38,4900,5200,4341,9.39,37,28.78,0x0000000000000001
2026-10-07_10:51:51,81,56,62,38,4900,5200,4391,8.45,36,29.48,0x0000000000000001
2026-10-07_10:52:21,81,56,62,38,4900,5200,4375,9.84,30,29.80,0x0000000000000001
2026-10-07_10:52:52,81,56,63,38,4900,5200,4391,9.30,35,29.86,0x0000000000000001
2026-10-07_10:53:22,79,55,61,38,4900,5200,4391,7.84,26,32.18,0x0000000000000001
2026-10-07_10:53:52,79,55,60,38,4900,5200,4391,7.13,35,30.93,0x0000000000000001
2026-10-07_10:54:22,80,55,61,38,4900,5200,4391,6.89,31,29.08,0x0000000000000001
2026-10-07_10:54:52,81,56,63,38,4900,5200,4391,6.97,32,29.19,0x0000000000000001
2026-10-07_10:55:22,81,56,62,38,4900,5200,4370,8.98,29,28.90,0x0000000000000001
2026-10-07_10:55:52,82,56,64,38,4900,5200,4391,9.84,35,30.25,0x0000000000000001
2026-10-07_10:56:23,76,55,60,38,4900,5200,4416,9.27,31,25.53,0x0000000000000001
2026-10-07_10:56:53,78,54,60,38,4900,5200,4391,8.08,33,28.43,0x0000000000000001
2026-10-07_10:57:23,79,55,62,38,4900,5200,4391,8.80,27,29.45,0x0000000000000001
2026-10-07_10:57:53,81,56,62,38,4900,5200,4391,8.57,35,30.39,0x0000000000000001
2026-10-07_10:58:23,81,56,63,38,4900,5200,4391,8.79,31,29.49,0x0000000000000001
2026-10-07_10:58:53,81,56,63,38,4900,5200,4366,9.83,31,28.82,0x0000000000000001
2026-10-07_10:59:24,81,55,60,38,4900,5200,4441,8.54,27,22.34,0x0000000000000001
2026-10-07_10:59:54,75,54,59,38,4900,5200,4439,7.78,26,21.58,0x0000000000000001
2026-10-07_11:00:24,79,55,61,38,4900,5200,4391,7.57,28,30.26,0x0000000000000001
2026-10-07_11:00:54,81,56,63,38,4900,5200,4391,9.10,32,29.56,0x0000000000000001
2026-10-07_11:01:24,81,56,63,38,4900,5200,4377,9.50,29,30.22,0x0000000000000001
2026-10-07_11:01:54,81,56,62,38,4900,5200,4391,9.38,36,29.55,0x0000000000000001
2026-10-07_11:02:24,82,57,63,38,4900,5200,4366,9.23,37,31.30,0x0000000000000001
2026-10-07_11:02:54,79,55,61,38,4900,5200,4307,8.59,38,28.38,0x0000000000000001
2026-10-07_11:03:25,78,54,61,38,4800,4900,4391,9.60,34,27.86,0x0000000000000001
2026-10-07_11:03:55,80,56,62,38,4900,5100,4388,9.20,29,29.37,0x0000000000000001
2026-10-07_11:04:25,81,56,62,38,4900,5200,4391,8.21,27,29.00,0x0000000000000001
2026-10-07_11:04:55,81,56,63,38,4900,5200,4391,8.68,30,30.73,0x0000000000000001
2026-10-07_11:05:25,81,57,63,38,4900,5200,4391,9.33,29,33.30,0x0000000000000001
2026-10-07_11:05:55,79,55,62,38,4900,5200,4391,7.93,27,31.49,0x0000000000000001
2026-10-07_11:06:26,75,54,59,38,4900,5200,4293,7.76,29,26.69,0x0000000000000001
2026-10-07_11:06:56,80,56,61,38,4900,5200,4391,10.08,28,31.59,0x0000000000000001
2026-10-07_11:07:26,81,56,63,38,4900,5200,4378,9.53,38,28.60,0x0000000000000001
2026-10-07_11:07:56,81,56,63,38,4900,5200,4383,9.67,36,30.80,0x0000000000000001
2026-10-07_11:08:26,81,57,64,38,4900,5200,4391,8.59,29,30.24,0x0000000000000001
2026-10-07_11:08:56,79,55,61,38,4900,5200,4392,9.23,27,29.38,0x0000000000000001
2026-10-07_11:09:26,75,54,59,38,4900,5200,4438,7.39,27,24.02,0x0000000000000001
2026-10-07_11:09:57,79,55,61,38,4900,5200,4391,8.53,27,29.30,0x0000000000000001
2026-10-07_11:10:27,81,56,63,38,4900,5200,4378,9.61,27,32.01,0x0000000000000001
2026-10-07_11:10:57,82,56,63,38,4900,5200,4391,9.29,30,29.25,0x0000000000000001
2026-10-07_11:11:27,82,56,63,38,4900,5200,4391,9.44,29,29.65,0x0000000000000001
2026-10-07_11:11:57,78,56,60,38,4900,5200,4219,10.00,23,27.15,0x0000000000000001
2026-10-07_11:12:27,80,56,62,38,4900,5200,4391,9.43,26,31.96,0x0000000000000001
2026-10-07_11:12:57,79,55,61,38,4900,5200,4302,8.30,34,28.35,0x0000000000000001
2026-10-07_11:13:28,80,56,63,38,4900,5200,4391,9.29,36,28.32,0x0000000000000001
2026-10-07_11:13:58,81,56,62,38,4900,5200,4391,8.35,28,32.11,0x0000000000000001
2026-10-07_11:14:28,81,57,62,38,4900,5200,4380,9.14,31,31.55,0x0000000000000001
2026-10-07_11:14:58,81,57,62,38,4900,5200,4391,8.19,35,29.74,0x0000000000000001
2026-10-07_11:15:28,80,55,62,38,4900,5200,4391,8.59,28,28.72,0x0000000000000001
2026-10-07_11:15:58,78,55,60,38,4900,5200,4391,9.40,31,28.26,0x0000000000000001
2026-10-07_11:16:28,80,55,61,38,4900,5200,4377,10.86,38,28.38,0x0000000000000001
2026-10-07_11:16:59,81,56,62,38,4900,5200,4366,9.09,50,30.48,0x0000000000000001
2026-10-07_11:17:29,82,56,63,38,4900,5200,4378,11.12,38,28.71,0x0000000000000001
2026-10-07_11:17:59,82,56,63,38,4900,5200,4254,10.53,39,28.69,0x0000000000000001
2026-10-07_11:18:29,80,55,62,38,4900,5200,4391,10.81,29,29.03,0x0000000000000001
2026-10-07_11:18:59,76,55,59,38,4900,5200,4226,9.41,24,26.93,0x0000000000000001
2026-10-07_11:19:29,80,55,62,38,4900,5200,4391,8.55,31,28.92,0x0000000000000001
2026-10-07_11:19:59,81,56,64,38,4900,5200,4378,6.23,29,28.69,0x0000000000000001
2026-10-07_11:20:30,82,56,63,38,4900,5200,4391,7.91,26,33.26,0x0000000000000001
2026-10-07_11:21:00,82,57,62,38,4900,5200,4391,7.05,27,32.38,0x0000000000000001
2026-10-07_11:21:30,78,56,60,38,4900,5200,4416,7.10,26,29.67,0x0000000000000001
2026-10-07_11:22:00,80,56,62,38,4900,5200,4391,9.22,29,30.40,0x0000000000000001
2026-10-07_11:22:30,79,55,61,38,4900,5200,4391,7.99,29,28.37,0x0000000000000001
2026-10-07_11:23:00,80,56,62,38,4900,5200,4391,8.38,53,29.54,0x0000000000000001
2026-10-07_11:23:31,82,56,62,38,4900,5200,4391,9.15,26,30.10,0x0000000000000001
2026-10-07_11:24:01,82,57,63,38,4900,5200,4391,6.87,55,28.81,0x0000000000000001
2026-10-07_11:24:31,81,57,63,38,4900,5200,4382,7.50,27,33.11,0x0000000000000001
2026-10-07_11:25:01,80,56,61,38,4900,5200,4391,7.15,29,29.76,0x0000000000000001
2026-10-07_11:25:31,79,55,60,38,4900,5200,4391,7.25,29,28.58,0x0000000000000001
2026-10-07_11:26:01,80,56,61,38,4900,5200,4391,7.17,29,30.08,0x0000000000000001
2026-10-07_11:26:31,82,56,64,38,4900,5200,4391,6.88,39,30.42,0x0000000000000001
2026-10-07_11:27:02,82,57,63,38,4900,5200,4366,5.90,30,32.41,0x0000000000000001
2026-10-07_11:27:32,82,57,63,38,4900,5200,4391,6.64,49,29.77,0x0000000000000001
2026-10-07_11:28:02,80,56,61,38,4900,5200,4391,6.53,26,31.41,0x0000000000000001
2026-10-07_11:28:32,77,55,59,38,4900,5200,4416,7.28,23,29.75,0x0000000000000001
2026-10-07_11:29:02,80,56,62,38,4900,5200,4391,7.13,28,30.70,0x0000000000000001
2026-10-07_11:29:32,81,56,63,38,4900,5200,4391,6.76,36,28.79,0x0000000000000001
2026-10-07_11:30:02,82,56,63,38,4900,5200,4364,7.01,36,31.86,0x0000000000000001
2026-10-07_11:30:33,82,57,65,38,4900,5200,4391,6.93,29,32.58,0x0000000000000001
2026-10-07_11:31:03,79,55,61,38,4900,5200,4117,6.84,31,21.67,0x0000000000000001
2026-10-07_11:31:33,80,56,63,38,4900,5200,4391,6.17,38,31.13,0x0000000000000001
2026-10-07_11:32:03,79,55,60,38,4900,5200,4391,7.78,33,28.35,0x0000000000000001
2026-10-07_11:32:33,80,56,63,38,4900,5200,4391,9.58,28,32.37,0x0000000000000001
2026-10-07_11:33:03,82,56,63,38,4900,5200,4367,9.30,30,32.36,0x0000000000000001
2026-10-07_11:33:33,82,57,64,38,4900,5200,4367,10.17,28,32.90,0x0000000000000001
2026-10-07_11:34:04,82,57,63,38,4900,5200,4367,10.48,29,33.09,0x0000000000000001
2026-10-07_11:34:34,80,55,61,38,4900,5200,4391,9.16,48,27.96,0x0000000000000001
2026-10-07_11:35:04,75,54,59,38,4900,5200,4416,7.43,56,21.86,0x0000000000000001
2026-10-07_11:35:34,80,55,62,38,4900,5200,4391,7.14,28,31.77,0x0000000000000001
2026-10-07_11:36:04,81,56,62,38,4900,5200,4379,8.81,28,32.31,0x0000000000000001
2026-10-07_11:36:34,82,56,64,38,4900,5200,4391,9.63,35,29.27,0x0000000000000001
2026-10-07_11:37:05,82,57,64,38,4900,5200,4391,10.51,28,32.96,0x0000000000000001
2026-10-07_11:37:35,77,56,60,38,4900,5200,4255,9.77,11,33.59,0x0000000000000001
2026-10-07_11:38:05,79,55,60,38,4900,5200,4431,12.25,24,23.98,0x0000000000000001
2026-10-07_11:38:35,79,55,61,38,4800,4900,4391,8.97,38,28.29,0x0000000000000001
2026-10-07_11:39:05,80,56,63,38,4900,5200,4371,8.84,31,29.31,0x0000000000000001
2026-10-07_11:39:35,81,56,62,38,4900,5200,4391,9.79,39,28.72,0x0000000000000001
2026-10-07_11:40:05,81,56,63,38,4900,5200,4366,9.87,39,28.73,0x0000000000000001
2026-10-07_11:40:36,81,56,63,38,4900,5200,4386,9.08,39,28.61,0x0000000000000001
2026-10-07_11:41:06,80,56,61,38,4900,5200,4391,9.64,28,32.76,0x0000000000000001
2026-10-07_11:41:36,79,55,61,38,4900,5200,4391,8.56,25,28.79,0x0000000000000001
2026-10-07_11:42:06,80,55,62,38,4900,5200,4391,8.09,29,28.17,0x0000000000000001
2026-10-07_11:42:36,82,56,63,38,4900,5200,4391,8.89,29,29.53,0x0000000000000001
2026-10-07_11:43:06,82,56,63,38,4900,5200,4391,8.42,37,28.64,0x0000000000000001
2026-10-07_11:43:36,82,56,63,38,4900,5200,4391,8.53,33,29.58,0x0000000000000001
2026-10-07_11:44:07,80,55,61,38,4900,5200,4391,7.74,34,28.31,0x0000000000000001
2026-10-07_11:44:37,79,55,60,38,4900,5200,4205,6.90,20,20.85,0x0000000000000001
2026-10-07_11:45:07,80,55,61,38,4900,5200,4391,7.74,27,31.46,0x0000000000000001
2026-10-07_11:45:37,80,56,64,38,4900,5200,4391,9.28,29,28.58,0x0000000000000001
2026-10-07_11:46:07,82,56,63,38,4900,5200,4391,9.18,27,28.74,0x0000000000000001
2026-10-07_11:46:37,82,56,64,38,4900,5200,4291,8.11,38,28.74,0x0000000000000001
2026-10-07_11:47:07,79,57,60,38,4900,5200,4415,8.50,11,33.58,0x0000000000000001
2026-10-07_11:47:38,81,56,63,38,4900,5200,4391,8.63,29,27.94,0x0000000000000001
2026-10-07_11:48:08,79,55,62,38,4900,5200,4391,9.97,28,32.25,0x0000000000000001
2026-10-07_11:48:38,80,56,63,38,4900,5200,4391,8.12,29,32.06,0x0000000000000001
2026-10-07_11:49:08,81,57,62,38,4900,5200,4369,8.15,30,32.86,0x0000000000000001
2026-10-07_11:49:38,82,57,64,38,4900,5200,4384,9.76,29,29.67,0x0000000000000001
2026-10-07_11:50:08,82,57,63,38,4900,5200,4366,9.76,32,28.92,0x0000000000000001
2026-10-07_11:50:38,80,56,62,38,4900,5200,4370,9.56,38,28.51,0x0000000000000001
2026-10-07_11:51:09,75,56,59,38,4900,5200,4441,8.83,10,33.19,0x0000000000000001
2026-10-07_11:51:39,80,56,62,38,4900,5200,4391,7.40,37,30.12,0x0000000000000001
2026-10-07_11:52:09,81,56,62,38,4900,5200,4376,7.78,52,28.19,0x0000000000000001
2026-10-07_11:52:39,82,57,63,38,4900,5200,4370,9.01,28,30.40,0x0000000000000001
2026-10-07_11:53:09,82,57,63,38,4900,5200,4386,7.62,30,29.62,0x0000000000000001
2026-10-07_11:53:39,75,55,59,38,4900,5200,4391,7.33,28,21.35,0x0000000000000001
2026-10-07_11:54:09,80,56,62,38,4900,5200,4391,8.42,25,32.49,0x0000000000000001
2026-10-07_11:54:40,79,55,62,38,4900,5200,4391,8.98,27,31.59,0x0000000000000001
2026-10-07_11:55:10,81,56,63,38,4900,5200,4391,8.05,31,29.02,0x0000000000000001
2026-10-07_11:55:40,82,56,63,38,4900,5200,4391,8.35,49,28.27,0x0000000000000001
2026-10-07_11:56:10,82,57,63,38,4900,5200,4387,7.06,30,33.00,0x0000000000000001
2026-10-07_11:56:40,81,56,61,38,4900,5200,4281,7.68,22,24.28,0x0000000000000001
2026-10-07_11:57:10,81,56,62,38,4900,5200,4386,6.49,30,28.82,0x0000000000000001
2026-10-07_11:57:41,75,54,59,38,4900,5200,4416,7.98,43,23.38,0x0000000000000001
2026-10-07_11:58:11,81,56,62,38,4900,5200,4365,8.30,28,29.73,0x0000000000000001
2026-10-07_11:58:41,82,56,63,38,4900,5200,4366,9.21,36,28.86,0x0000000000000001
2026-10-07_11:59:11,82,57,63,38,4900,5200,4370,8.33,30,33.35,0x0000000000000001
2026-10-07_11:59:41,82,57,65,38,4900,5200,4388,7.69,31,32.53,0x0000000000000001
2026-10-07_12:00:11,80,56,62,38,4900,5200,4391,8.03,37,28.41,0x0000000000000001
2026-10-07_12:00:41,81,55,60,38,4900,5200,4440,7.85,27,20.97,0x0000000000000001
2026-10-07_12:01:12,80,55,62,38,4900,5200,4391,6.56,35,28.38,0x0000000000000001
2026-10-07_12:01:42,81,56,63,38,4900,5200,4379,6.68,37,29.57,0x0000000000000001
2026-10-07_12:02:12,82,57,63,38,4900,5200,4391,6.69,30,30.79,0x0000000000000001
2026-10-07_12:02:42,82,57,63,38,4900,5200,4369,8.23,49,28.48,0x0000000000000001
2026-10-07_12:03:12,77,55,60,38,4900,5200,4440,8.51,42,21.45,0x0000000000000001
2026-10-07_12:03:42,81,56,63,38,4900,5200,4368,8.97,30,28.83,0x0000000000000001
2026-10-07_12:04:12,79,55,61,38,4900,5200,4406,8.43,30,32.03,0x0000000000000001
2026-10-07_12:04:43,80,56,62,38,4900,5200,4391,9.74,34,28.19,0x0000000000000001
2026-10-07_12:05:13,82,57,63,38,4900,5200,4366,12.30,30,33.26,0x0000000000000001
2026-10-07_12:05:43,82,57,64,38,4900,5200,4391,10.63,31,31.49,0x0000000000000001
2026-10-07_12:06:13,81,57,62,38,4900,5200,4416,8.19,26,28.14,0x0000000000000001
2026-10-07_12:06:43,80,56,63,38,4900,5200,4390,6.66,32,29.07,0x0000000000000001
2026-10-07_12:07:13,77,56,60,38,4900,5200,4268,6.47,20,31.93,0x0000000000000001
2026-10-07_12:07:43,80,56,63,38,4900,5200,4386,6.42,26,30.27,0x0000000000000001
2026-10-07_12:08:14,81,56,62,38,4900,5200,4391,7.06,32,28.70,0x0000000000000001
2026-10-07_12:08:44,82,57,63,38,4900,5200,4391,11.30,29,30.15,0x0000000000000001
2026-10-07_12:09:14,82,57,64,38,4900,5200,4365,12.68,30,28.85,0x0000000000000001
2026-10-07_12:09:44,80,56,63,38,4900,5200,4391,10.61,28,29.31,0x0000000000000001
2026-10-07_12:10:14,80,56,62,38,4900,5200,4388,10.33,32,28.25,0x0000000000000001
2026-10-07_12:10:44,79,55,62,38,4900,5200,4391,7.36,54,28.25,0x0000000000000001
2026-10-07_12:11:15,81,56,62,38,4900,5200,4391,7.42,28,32.75,0x0000000000000001
2026-10-07_12:11:45,82,57,63,38,4900,5200,4389,6.52,28,29.29,0x0000000000000001
2026-10-07_12:12:15,82,57,64,38,4900,5200,4366,7.47,29,29.72,0x0000000000000001
2026-10-07_12:12:45,78,56,60,38,4900,5200,4415,9.17,12,33.68,0x0000000000000001
2026-10-07_12:13:15,80,56,62,38,4900,5200,4391,9.77,37,28.34,0x0000000000000001
2026-10-07_12:13:45,76,55,61,38,4900,5200,4416,7.37,31,24.56,0x0000000000000001
2026-10-07_12:14:15,81,56,63,38,4900,5200,4391,10.61,30,29.45,0x0000000000000001
2026-10-07_12:14:46,82,57,63,38,4900,5200,4388,11.59,28,30.53,0x0000000000000001
2026-10-07_12:15:16,82,57,64,38,4900,5200,4390,10.52,29,32.48,0x0000000000000001
2026-10-07_12:15:46,82,57,64,38,4900,5200,4366,10.28,38,29.71,0x0000000000000001
2026-10-07_12:16:16,81,56,62,38,4900,5200,4391,7.87,27,29.15,0x0000000000000001
2026-10-07_12:16:46,81,56,63,38,4900,5200,4366,9.72,12,21.28,0x0000000000000001
2026-10-07_12:17:16,81,56,63,38,4900,5200,4391,9.65,35,30.81,0x0000000000000001
2026-10-07_12:17:46,81,56,64,38,4900,5200,4366,11.39,34,28.52,0x0000000000000001
2026-10-07_12:18:17,82,57,63,38,4900,5200,4391,10.62,29,32.48,0x0000000000000001
2026-10-07_12:18:47,83,57,65,38,4900,5200,4389,10.33,29,31.67,0x0000000000000001
2026-10-07_12:19:17,76,55,59,38,4900,5200,4416,8.04,31,21.64,0x0000000000000001
2026-10-07_12:19:47,81,57,62,38,4900,5200,4391,8.42,30,33.42,0x0000000000000001
2026-10-07_12:20:17,80,56,62,38,4900,5200,4391,6.89,29,32.11,0x0000000000000001
2026-10-07_12:20:47,81,56,63,38,4900,5200,4391,7.77,28,29.47,0x0000000000000001
2026-10-07_12:21:17,82,57,64,38,4900,5200,4366,8.23,30,29.27,0x0000000000000001
2026-10-07_12:21:48,83,57,64,38,4900,5200,4391,7.83,33,28.71,0x0000000000000001
2026-10-07_12:22:18,83,57,64,38,4900,5200,4199,8.16,27,31.04,0x0000000000000001
2026-10-07_12:22:48,81,57,63,38,4900,5200,4391,9.36,29,31.76,0x0000000000000001
2026-10-07_12:23:18,76,55,61,38,4900,5200,4416,7.13,60,21.73,0x0000000000000001
2026-10-07_12:23:48,80,56,62,38,4900,5200,4391,6.73,34,33.10,0x0000000000000001
2026-10-07_12:24:18,81,57,64,38,4900,5200,4366,9.02,38,28.74,0x0000000000000001
2026-10-07_12:24:48,82,57,63,38,4900,5200,4374,8.98,27,32.89,0x0000000000000001
2026-10-07_12:25:19,82,57,64,38,4900,5200,4368,8.81,30,29.22,0x0000000000000001
2026-10-07_12:25:49,80,56,62,38,4900,5200,4391,10.61,34,28.46,0x0000000000000001
2026-10-07_12:26:19,80,56,62,38,4900,5200,4391,8.50,14,25.44,0x0000000000000001
2026-10-07_12:26:49,80,56,62,38,4900,5200,4391,6.83,29,32.28,0x0000000000000001
2026-10-07_12:27:19,81,56,63,38,4900,5200,4391,8.21,38,28.44,0x0000000000000001
2026-10-07_12:27:49,82,57,63,38,4900,5200,4391,9.25,26,32.67,0x0000000000000001
2026-10-07_12:28:19,82,57,63,38,4900,5200,4366,8.78,33,29.07,0x0000000000000001
2026-10-07_12:28:50,77,56,60,38,4900,5200,4373,9.36,29,21.80,0x0000000000000001
2026-10-07_12:29:20,81,56,64,38,4900,5200,4366,8.94,29,28.17,0x0000000000000001
2026-10-07_12:29:50,80,56,63,38,4900,5200,4391,8.82,34,31.17,0x0000000000000001
2026-10-07_12:30:20,81,57,63,38,4900,5200,4366,8.36,29,32.28,0x0000000000000001
2026-10-07_12:30:50,82,57,62,38,4900,5200,4372,10.04,36,28.69,0x0000000000000001
2026-10-07_12:31:20,83,57,64,38,4900,5200,4366,11.46,31,29.40,0x0000000000000001
2026-10-07_12:31:50,82,57,64,38,4900,5200,4366,10.13,52,28.79,0x0000000000000001
2026-10-07_12:32:21,80,56,63,38,4900,5200,4391,7.80,27,32.25,0x0000000000000001
2026-10-07_12:32:51,76,56,59,38,4900,5200,4416,10.36,11,33.31,0x0000000000000001
2026-10-07_12:33:21,80,56,62,38,4900,5200,4391,10.16,53,28.49,0x0000000000000001
2026-10-07_12:33:51,81,57,63,38,4900,5200,4366,7.72,30,32.29,0x0000000000000001
2026-10-07_12:34:21,82,57,64,38,4900,5200,4385,6.67,31,29.70,0x0000000000000001
2026-10-07_12:34:51,83,57,65,38,4900,5200,4366,6.71,56,28.80,0x0000000000000001
2026-10-07_12:35:22,76,55,59,38,4900,5200,4295,5.34,28,21.91,0x0000000000000001
2026-10-07_12:35:52,81,57,63,38,4900,5200,4391,7.30,28,32.46,0x0000000000000001
2026-10-07_12:36:22,80,55,62,38,4900,5200,4391,7.15,37,28.84,0x0000000000000001
2026-10-07_12:36:52,81,56,63,38,4900,5200,4373,7.56,34,30.14,0x0000000000000001
2026-10-07_12:37:22,82,57,63,38,4900,5200,4366,8.22,36,29.06,0x0000000000000001
2026-10-07_12:37:52,83,57,64,38,4900,5200,4371,7.75,30,30.02,0x0000000000000001
2026-10-07_12:38:22,82,57,64,38,4900,5200,4366,9.15,35,28.83,0x0000000000000001
2026-10-07_12:38:53,81,56,62,38,4900,5200,4370,8.80,38,28.61,0x0000000000000001
2026-10-07_12:39:23,76,56,59,38,4900,5200,4187,9.04,11,33.37,0x0000000000000001
2026-10-07_12:39:53,80,56,63,38,4900,5200,4391,10.16,28,29.18,0x0000000000000001
2026-10-07_12:40:23,81,57,62,38,4900,5200,4391,10.00,29,32.82,0x0000000000000001
2026-10-07_12:40:53,82,57,63,38,4900,5200,4383,9.63,32,29.26,0x0000000000000001
2026-10-07_12:41:23,83,57,65,38,4900,5200,4387,8.86,49,28.64,0x0000000000000001
2026-10-07_12:41:53,78,55,62,38,4900,5200,4323,7.32,28,27.17,0x0000000000000001
2026-10-07_12:42:24,81,56,63,38,4900,5200,4391,8.57,32,28.38,0x0000000000000001
2026-10-07_12:42:54,80,56,63,38,4900,5200,4384,7.30,26,32.70,0x0000000000000001
2026-10-07_12:43:24,81,56,62,38,4900,5200,4391,7.61,29,28.68,0x0000000000000001
2026-10-07_12:43:54,82,57,63,38,4900,5200,4391,7.35,49,29.59,0x0000000000000001
2026-10-07_12:44:24,83,57,65,38,4900,5200,4366,6.88,31,32.53,0x0000000000000001
2026-10-07_12:44:54,80,56,61,38,4900,5200,4193,6.11,28,21.62,0x0000000000000001
2026-10-07_12:45:24,81,56,63,38,4900,5200,4366,8.95,29,28.80,0x0000000000000001
2026-10-07_12:45:55,74,54,57,38,4900,5200,4441,6.85,32,21.39,0x0000000000000001
2026-10-07_12:46:25,81,56,63,38,4900,5200,4366,8.70,28,31.62,0x0000000000000001
2026-10-07_12:46:55,82,57,63,38,4900,5200,4391,9.02,52,28.96,0x0000000000000001
2026-10-07_12:47:25,82,57,64,38,4900,5200,4366,8.88,50,28.40,0x0000000000000001
2026-10-07_12:47:55,82,57,64,38,4900,5200,4379,9.18,53,28.78,0x0000000000000001
2026-10-07_12:48:25,80,56,62,38,4900,5200,4391,7.75,34,28.53,0x0000000000000001
2026-10-07_12:48:56,81,56,61,38,4900,5200,4415,8.20,20,24.93,0x0000000000000001
2026-10-07_12:49:26,81,56,62,38,4900,5200,4384,8.07,34,28.20,0x0000000000000001
2026-10-07_12:49:56,81,57,64,38,4900,5200,4366,8.10,49,28.85,0x0000000000000001
2026-10-07_12:50:26,83,57,64,38,4900,5200,4388,8.64,28,32.31,0x0000000000000001
2026-10-07_12:50:56,83,57,64,38,4900,5200,4391,7.88,30,32.85,0x0000000000000001
2026-10-07_12:51:26,76,55,59,38,4900,5200,4197,7.93,29,21.63,0x0000000000000001
2026-10-07_12:51:56,81,57,63,38,4900,5200,4368,5.83,28,30.53,0x0000000000000001
2026-10-07_12:52:27,80,56,62,38,4900,5200,4391,5.86,53,28.59,0x0000000000000001
2026-10-07_12:52:57,81,57,63,38,4900,5200,4391,8.12,27,32.49,0x0000000000000001
2026-10-07_12:53:27,82,57,64,38,4900,5200,4391,10.84,35,28.66,0x0000000000000001
2026-10-07_12:53:57,83,57,64,38,4900,5200,4390,9.49,35,28.74,0x0000000000000001
2026-10-07_12:54:27,82,58,65,38,4900,5200,4354,9.36,51,28.73,0x0000000000000001
2026-10-07_12:54:57,81,56,64,38,4900,5200,4391,9.15,38,28.58,0x0000000000000001
2026-10-07_12:55:27,77,56,59,38,4900,5200,4416,9.56,11,33.36,0x0000000000000001
2026-10-07_12:55:58,80,56,63,38,4900,5200,4390,7.64,35,28.61,0x0000000000000001
2026-10-07_12:56:28,81,57,64,38,4900,5200,4366,7.03,32,31.16,0x0000000000000001
2026-10-07_12:56:58,82,57,63,38,4900,5200,4373,6.87,31,29.99,0x0000000000000001
2026-10-07_12:57:28,82,57,63,38,4900,5200,4391,10.45,30,32.05,0x0000000000000001
2026-10-07_12:57:58,81,56,63,38,4900,5200,4391,10.83,30,29.51,0x0000000000000001
2026-10-07_12:58:28,81,57,63,38,4900,5200,4366,10.02,36,32.03,0x0000000000000001
2026-10-07_12:58:58,80,56,62,38,4900,5200,4391,7.35,29,28.58,0x0000000000000001
2026-10-07_12:59:29,81,56,64,38,4900,5200,4376,7.55,51,28.99,0x0000000000000001
2026-10-07_12:59:59,82,57,63,38,4900,5200,4383,7.86,28,29.78,0x0000000000000001
2026-10-07_13:00:29,82,57,64,38,4900,5200,4366,9.03,37,28.72,0x0000000000000001
2026-10-07_13:00:59,78,57,60,38,4900,5200,4431,8.92,11,33.70,0x0000000000000001
2026-10-07_13:01:29,81,57,62,38,4900,5200,4391,8.88,25,30.94,0x0000000000000001
2026-10-07_13:01:59,76,56,59,38,4900,5200,4405,7.75,11,33.46,0x0000000000000001
2026-10-07_13:02:29,81,56,63,38,4900,5200,4391,9.95,38,31.18,0x0000000000000001
2026-10-07_13:03:00,82,57,63,38,4900,5200,4384,8.91,31,29.69,0x0000000000000001
2026-10-07_13:03:30,83,57,65,38,4900,5200,4366,9.41,27,29.58,0x0000000000000001
2026-10-07_13:04:00,82,58,64,38,4900,5200,4366,8.95,29,32.97,0x0000000000000001
2026-10-07_13:04:30,80,56,62,38,4900,5200,4391,6.58,37,28.99,0x0000000000000001
2026-10-07_13:05:00,81,56,63,38,4900,5200,4391,6.81,30,28.00,0x0000000000000001
2026-10-07_13:05:30,80,56,63,38,4900,5200,4391,6.99,33,30.89,0x0000000000000001
2026-10-07_13:06:01,82,57,64,38,4900,5200,4384,5.96,33,29.07,0x0000000000000001
2026-10-07_13:06:31,83,57,65,38,4900,5200,4373,7.70,51,28.65,0x0000000000000001
2026-10-07_13:07:01,83,58,64,38,4900,5200,4366,8.55,29,32.03,0x0000000000000001
2026-10-07_13:07:31,79,57,60,38,4900,5200,4416,6.72,10,34.67,0x0000000000000001
2026-10-07_13:08:01,81,57,63,38,4900,5200,4366,7.24,30,32.85,0x0000000000000001
2026-10-07_13:08:31,80,56,62,38,4900,5200,4391,6.93,29,31.08,0x0000000000000001
2026-10-07_13:09:01,81,57,64,38,4900,5200,4368,8.33,29,28.50,0x0000000000000001
2026-10-07_13:09:32,83,57,64,38,4900,5200,4366,10.00,28,32.69,0x0000000000000001
2026-10-07_13:10:02,83,57,64,38,4900,5200,4366,10.46,37,28.74,0x0000000000000001
2026-10-07_13:10:32,83,58,64,38,4900,5200,4366,12.43,30,32.72,0x0000000000000001
2026-10-07_13:11:02,81,56,62,38,4900,5200,4391,11.45,50,28.31,0x0000000000000001
2026-10-07_13:11:32,79,55,62,38,4900,5200,4281,10.16,14,20.95,0x0000000000000001
2026-10-07_13:12:02,81,56,62,38,4900,5200,4391,9.38,31,28.89,0x0000000000000001
2026-10-07_13:12:32,82,57,63,38,4900,5200,4366,7.47,54,28.63,0x0000000000000001
2026-10-07_13:13:03,83,57,64,38,4900,5200,4366,7.84,26,29.64,0x0000000000000001
2026-10-07_13:13:33,83,58,65,38,4900,5200,4391,8.76,30,29.64,0x0000000000000001
2026-10-07_13:14:03,78,56,60,38,4900,5200,4405,7.23,31,21.94,0x0000000000000001
2026-10-07_13:14:33,82,57,64,38,4900,5200,4366,7.34,28,32.18,0x0000000000000001
2026-10-07_13:15:03,80,56,62,38,4900,5200,4391,8.02,27,28.73,0x0000000000000001
2026-10-07_13:15:33,81,56,63,38,4900,5200,4375,7.32,36,28.52,0x0000000000000001
2026-10-07_13:16:03,83,57,64,38,4900,5200,4388,9.65,37,31.38,0x0000000000000001
2026-10-07_13:16:34,83,57,64,38,4900,5200,4389,8.66,26,29.03,0x0000000000000001
2026-10-07_13:17:04,82,57,64,38,4900,5200,4366,9.90,36,28.95,0x0000000000000001
2026-10-07_13:17:34,81,56,63,38,4900,5200,4391,9.34,51,28.37,0x0000000000000001
2026-10-07_13:18:04,79,55,60,38,4900,5200,4264,10.11,30,20.82,0x0000000000000001
2026-10-07_13:18:34,81,56,63,38,4900,5200,4391,10.81,29,30.15,0x0000000000000001
2026-10-07_13:19:04,82,57,64,38,4900,5200,4380,11.20,30,29.53,0x0000000000000001
2026-10-07_13:19:35,83,57,65,38,4900,5200,4366,12.34,29,32.18,0x0000000000000001
2026-10-07_13:20:05,83,58,64,38,4900,5200,4391,11.12,36,30.22,0x0000000000000001
2026-10-07_13:20:35,80,56,63,38,4900,5200,4391,10.15,28,26.72,0x0000000000000001
2026-10-07_13:21:05,82,57,64,38,4900,5200,4384,11.13,27,29.20,0x0000000000000001
2026-10-07_13:21:35,80,56,62,38,4900,5200,4379,10.08,28,32.13,0x0000000000000001
2026-10-07_13:22:05,82,57,63,38,4900,5200,4391,7.61,37,30.71,0x0000000000000001
2026-10-07_13:22:35,83,57,64,38,4900,5200,4391,7.61,30,29.92,0x0000000000000001
2026-10-07_13:23:06,83,58,64,38,4900,5200,4366,8.09,36,29.16,0x0000000000000001
2026-10-07_13:23:36,80,57,62,38,4900,5200,4197,9.63,28,21.38,0x0000000000000001
2026-10-07_13:24:06,81,57,63,38,4900,5200,4366,9.36,29,29.51,0x0000000000000001
2026-10-07_13:24:36,78,56,60,38,4900,5200,4292,12.29,11,32.51,0x0000000000000001
2026-10-07_13:25:06,81,57,63,38,4900,5200,4366,9.09,33,28.31,0x0000000000000001
2026-10-07_13:25:36,82,57,63,38,4900,5200,4366,7.20,29,30.96,0x0000000000000001
2026-10-07_13:26:06,83,58,65,38,4900,5200,4384,8.44,30,29.46,0x0000000000000001
2026-10-07_13:26:37,83,58,64,38,4900,5200,4366,7.92,37,29.31,0x0000000000000001
2026-10-07_13:27:07,79,56,62,38,4900,5200,4391,7.19,22,27.45,0x0000000000000001
2026-10-07_13:27:37,81,57,62,38,4900,5200,4374,8.60,38,29.02,0x0000000000000001
2026-10-07_13:28:07,81,56,63,38,4900,5200,4391,6.91,30,32.32,0x0000000000000001
2026-10-07_13:28:37,82,57,62,38,4900,5200,4291,8.81,26,30.95,0x0000000000000001
2026-10-07_13:29:07,83,58,63,38,4900,5200,4376,7.85,29,30.14,0x0000000000000001
2026-10-07_13:29:37,83,58,66,38,4900,5200,4366,8.39,34,32.61,0x0000000000000001
2026-10-07_13:30:08,79,57,61,38,4900,5200,4416,8.85,12,33.99,0x0000000000000001
2026-10-07_13:30:38,81,57,63,38,4900,5200,4391,10.03,37,28.58,0x0000000000000001
2026-10-07_13:31:08,80,56,62,38,4900,5200,4391,8.58,30,28.82,0x0000000000000001
2026-10-07_13:31:38,82,57,64,38,4900,5200,4391,10.95,30,29.55,0x0000000000000001
2026-10-07_13:32:08,83,57,65,38,4900,5200,4366,8.96,29,28.99,0x0000000000000001
2026-10-07_13:32:38,83,58,65,38,4900,5200,4366,8.57,30,32.48,0x0000000000000001
2026-10-07_13:33:08,83,58,65,38,4900,5200,4366,9.21,30,29.12,0x0000000000000001
2026-10-07_13:33:39,82,57,63,38,4900,5200,4385,9.56,27,29.95,0x0000000000000001
2026-10-07_13:34:09,79,57,61,38,4900,5200,4416,9.27,11,33.61,0x0000000000000001
2026-10-07_13:34:39,82,57,63,38,4900,5200,4374,9.28,32,28.94,0x0000000000000001
2026-10-07_13:35:09,82,57,64,38,4900,5200,4366,10.39,34,31.54,0x0000000000000001
2026-10-07_13:35:39,83,58,63,38,4900,5200,4391,9.97,31,33.04,0x0000000000000001
2026-10-07_13:36:09,83,58,65,38,4900,5200,4383,11.01,27,33.70,0x0000000000000001
2026-10-07_13:36:40,76,56,60,38,4900,5200,4416,9.90,31,21.60,0x0000000000000001
2026-10-07_13:37:10,81,57,63,38,4900,5200,4391,9.35,30,28.86,0x0000000000000001
2026-10-07_13:37:40,80,56,62,38,4900,5200,4391,9.19,28,32.22,0x0000000000000001
2026-10-07_13:38:10,81,57,63,38,4900,5200,4366,8.59,29,31.63,0x0000000000000001
2026-10-07_13:38:40,83,57,64,38,4900,5200,4389,8.57,36,29.87,0x0000000000000001
2026-10-07_13:39:10,83,58,65,38,5000,5200,4391,7.71,30,29.46,0x0000000000000001
2026-10-07_13:39:40,82,57,62,38,4900,5200,4304,7.96,24,21.94,0x0000000000000001
2026-10-07_13:40:11,81,57,62,38,4900,5200,4391,7.14,27,32.74,0x0000000000000001
2026-10-07_13:40:41,76,56,59,38,4900,5200,4329,7.27,24,26.73,0x0000000000000001
2026-10-07_13:41:11,81,57,62,38,4900,5200,4391,7.84,37,30.30,0x0000000000000001
2026-10-07_13:41:41,82,57,66,38,4900,5200,4366,7.00,35,30.80,0x0000000000000001
2026-10-07_13:42:11,83,58,64,38,4900,5200,4366,8.40,29,32.54,0x0000000000000001
2026-10-07_13:42:41,83,58,64,38,4900,5200,4366,9.08,35,31.70,0x0000000000000001
2026-10-07_13:43:11,81,57,62,38,4900,5200,4366,7.88,38,28.64,0x0000000000000001
2026-10-07_13:43:42,81,57,63,38,4900,5200,4371,9.71,38,28.62,0x0000000000000001
2026-10-07_13:44:12,81,56,63,38,4900,5200,4391,11.21,50,28.53,0x0000000000000001
2026-10-07_13:44:42,82,57,63,38,4900,5200,4374,8.54,34,31.43,0x0000000000000001
2026-10-07_13:45:12,83,58,64,38,4900,5200,4391,10.11,36,30.84,0x0000000000000001
2026-10-07_13:45:42,83,58,66,38,4900,5200,4366,10.81,30,30.03,0x0000000000000001
2026-10-07_13:46:12,78,56,61,38,4900,5200,4416,10.24,27,21.78,0x0000000000000001
2026-10-07_13:46:42,82,57,64,38,4900,5200,4358,10.72,39,28.62,0x0000000000000001
2026-10-07_13:47:13,81,56,63,38,4900,5200,4391,10.86,30,29.20,0x0000000000000001
2026-10-07_13:47:43,82,57,64,38,4900,5300,4284,9.95,36,31.51,0x0000000000000001
2026-10-07_13:48:13,83,58,65,38,4900,5200,4366,8.01,29,32.10,0x0000000000000001
2026-10-07_13:48:43,83,58,64,38,5000,5200,4366,8.91,38,28.90,0x0000000000000001
2026-10-07_13:49:13,83,58,66,38,4900,5200,4365,8.97,29,30.52,0x0000000000000001
2026-10-07_13:49:43,81,57,63,38,4900,5200,4366,8.14,36,30.34,0x0000000000000001
2026-10-07_13:50:14,78,56,60,38,4900,5200,4433,9.50,23,29.72,0x0000000000000001
2026-10-07_13:50:44,82,57,63,38,4900,5200,4391,7.90,52,28.04,0x0000000000000001
2026-10-07_13:51:14,83,57,64,38,4900,5200,4366,11.48,52,29.53,0x0000000000000001
2026-10-07_13:51:44,83,58,65,38,4900,5200,4366,11.12,33,29.51,0x0000000000000001
2026-10-07_13:52:14,83,58,65,38,4900,5200,4385,11.60,29,29.44,0x0000000000000001
2026-10-07_13:52:44,77,56,61,38,5000,5200,4238,8.51,27,21.75,0x0000000000000001
2026-10-07_13:53:14,81,57,63,38,5000,5200,4388,10.84,32,28.41,0x0000000000000001
2026-10-07_13:53:45,81,56,62,38,4900,5200,4366,9.42,30,30.56,0x0000000000000001
2026-10-07_13:54:15,82,57,65,38,4900,5200,4375,9.23,31,29.38,0x0000000000000001
2026-10-07_13:54:45,83,58,65,38,4900,5200,4366,10.10,29,33.03,0x0000000000000001
2026-10-07_13:55:15,84,58,65,38,4900,5200,4366,10.91,30,29.81,0x0000000000000001
2026-10-07_13:55:45,83,58,66,38,5000,5200,4366,8.84,30,32.50,0x0000000000000001
2026-10-07_13:56:15,82,57,63,38,4900,5200,4378,8.55,28,32.58,0x0000000000000001
2026-10-07_13:56:45,77,56,60,38,5000,5200,4365,7.56,21,31.65,0x0000000000000001
2026-10-07_13:57:16,81,57,63,38,4900,5200,4368,7.81,29,30.82,0x0000000000000001
2026-10-07_13:57:46,82,57,64,38,4900,5300,4366,8.77,38,28.77,0x0000000000000001
2026-10-07_13:58:16,83,58,65,38,5000,5200,4366,8.62,33,31.12,0x0000000000000001
2026-10-07_13:58:46,83,58,64,38,4900,5300,4366,9.05,32,29.08,0x0000000000000001
2026-10-07_13:59:16,77,56,60,38,5000,5200,4305,8.61,31,21.67,0x0000000000000001
2026-10-07_13:59:46,81,57,64,38,4900,5200,4366,10.35,52,30.63,0x0000000000000001
2026-10-07_14:00:16,81,56,62,38,4900,5200,4391,8.50,28,31.99,0x0000000000000001
2026-10-07_14:00:47,82,57,64,38,4900,5200,4391,7.33,31,29.58,0x0000000000000001
2026-10-07_14:01:17,83,58,64,38,4900,5200,4366,7.81,28,30.95,0x0000000000000001
2026-10-07_14:01:47,83,58,64,38,4900,5200,4391,8.60,28,31.29,0x0000000000000001
2026-10-07_14:02:17,83,58,66,38,4900,5200,4383,9.74,28,33.10,0x0000000000000001
2026-10-07_14:02:47,82,57,64,38,4900,5200,4382,7.92,30,29.05,0x0000000000000001
2026-10-07_14:03:17,77,56,60,38,4900,5200,4213,7.42,12,32.43,0x0000000000000001
2026-10-07_14:03:47,82,57,63,38,4900,5200,4366,10.38,30,31.38,0x0000000000000001
2026-10-07_14:04:18,83,57,65,38,4900,5200,4366,9.63,26,32.42,0x0000000000000001
2026-10-07_14:04:48,83,58,64,38,4900,5200,4366,9.06,30,31.60,0x0000000000000001
2026-10-07_14:05:18,83,58,64,38,4900,5200,4294,8.36,29,29.94,0x0000000000000001
2026-10-07_14:05:48,81,57,63,38,4900,5200,4366,8.17,29,31.44,0x0000000000000001
2026-10-07_14:06:18,81,57,64,38,4900,5200,4373,8.67,40,28.63,0x0000000000000001
2026-10-07_14:06:48,80,56,62,38,4900,5200,4391,7.23,28,32.06,0x0000000000000001
2026-10-07_14:07:18,81,57,64,38,4900,5200,4366,6.64,30,29.53,0x0000000000000001
2026-10-07_14:07:49,82,57,63,38,4900,5200,4379,7.49,37,31.08,0x0000000000000001
2026-10-07_14:08:19,83,57,65,38,4900,5200,4366,7.80,29,28.69,0x0000000000000001
2026-10-07_14:08:49,78,56,60,38,4900,5200,4416,6.77,29,21.76,0x0000000000000001
2026-10-07_14:09:19,81,57,62,38,4900,5200,4391,6.79,25,33.52,0x0000000000000001
2026-10-07_14:09:49,80,55,61,38,4900,5200,4391,8.70,29,29.57,0x0000000000000001
2026-10-07_14:10:19,81,56,63,38,4900,5200,4366,8.80,29,29.64,0x0000000000000001
2026-10-07_14:10:49,82,57,64,38,4900,5200,4391,10.45,36,28.80,0x0000000000000001
2026-10-07_14:11:20,83,57,64,38,4900,5200,4391,10.90,34,31.47,0x0000000000000001
2026-10-07_14:11:50,82,57,63,38,4900,5200,4366,10.07,35,31.41,0x0000000000000001
2026-10-07_14:12:20,81,56,63,38,4900,5200,4378,9.26,27,32.11,0x0000000000000001
2026-10-07_14:12:50,79,55,60,38,4900,5200,4325,10.38,41,20.62,0x0000000000000001
2026-10-07_14:13:20,81,56,62,38,4900,5200,4391,9.81,50,30.00,0x0000000000000001
2026-10-07_14:13:50,82,57,63,38,4900,5200,4391,8.60,29,29.61,0x0000000000000001
2026-10-07_14:14:21,83,57,64,38,4900,5200,4391,9.59,28,32.33,0x0000000000000001
2026-10-07_14:14:51,83,57,65,38,4900,5200,4369,9.03,28,32.39,0x0000000000000001
2026-10-07_14:15:21,77,55,62,38,4900,5200,4416,8.39,44,26.87,0x0000000000000001
2026-10-07_14:15:51,81,56,63,38,4900,5200,4386,10.04,30,31.28,0x0000000000000001
2026-10-07_14:16:21,79,55,61,38,4900,5200,4391,8.85,31,29.32,0x0000000000000001
2026-10-07_14:16:51,81,56,63,38,4900,5200,4391,8.32,36,29.96,0x0000000000000001
2026-10-07_14:17:21,82,56,63,38,4900,5200,4386,7.17,51,28.16,0x0000000000000001
2026-10-07_14:17:52,82,57,63,38,4900,5200,4380,7.42,30,29.25,0x0000000000000001
2026-10-07_14:18:22,79,56,61,38,4900,5200,4328,9.17,29,21.67,0x0000000000000001
2026-10-07_14:18:52,80,55,62,38,4900,5200,4391,10.80,33,29.81,0x0000000000000001
2026-10-07_14:19:22,78,55,59,38,4900,5200,4227,10.84,45,20.61,0x0000000000000001
2026-10-07_14:19:52,80,55,61,38,4900,5200,4391,9.73,28,29.83,0x0000000000000001
2026-10-07_14:20:22,81,56,62,38,4900,5200,4282,6.88,36,30.55,0x0000000000000001
2026-10-07_14:20:52,82,56,63,38,4900,5200,4365,6.64,32,29.47,0x0000000000000001
2026-10-07_14:21:23,82,57,64,38,4900,5200,4389,5.75,29,30.60,0x0000000000000001
2026-10-07_14:21:53,77,55,61,38,4900,5200,4391,6.93,46,26.79,0x0000000000000001
2026-10-07_14:22:23,80,56,63,38,4900,5200,4391,6.28,29,28.63,0x0000000000000001
2026-10-07_14:22:53,80,55,62,38,4900,5200,4391,8.83,32,28.74,0x0000000000000001
2026-10-07_14:23:23,80,56,62,38,4900,5200,4391,10.45,32,28.42,0x0000000000000001
2026-10-07_14:23:53,82,56,63,38,4900,5200,4391,8.49,35,28.41,0x0000000000000001
2026-10-07_14:24:23,82,57,63,38,4900,5200,4365,9.79,28,32.99,0x0000000000000001
2026-10-07_14:24:54,80,57,61,38,4900,5200,4415,9.22,17,28.45,0x0000000000000001
2026-10-07_14:25:24,80,56,62,38,4900,5200,4391,10.83,28,29.26,0x0000000000000001
2026-10-07_14:25:54,76,55,60,38,4900,5200,4416,8.55,28,25.26,0x0000000000000001
2026-10-07_14:26:24,80,56,62,38,4900,5200,4391,8.33,27,32.63,0x0000000000000001
2026-10-07_14:26:54,81,56,62,38,4900,5200,4391,7.27,29,29.67,0x0000000000000001
2026-10-07_14:27:24,82,56,63,38,4900,5200,4391,7.03,34,28.71,0x0000000000000001
2026-10-07_14:27:54,82,57,63,38,4900,5200,4262,8.76,27,32.62,0x0000000000000001
2026-10-07_14:28:25,80,55,61,38,4900,5200,4392,7.45,29,28.33,0x0000000000000001
2026-10-07_14:28:55,80,55,60,38,4900,5200,4416,7.70,26,21.03,0x0000000000000001
2026-10-07_14:29:25,80,55,61,38,4900,5200,4391,7.66,48,28.17,0x0000000000000001
2026-10-07_14:29:55,81,56,62,38,4900,5200,4391,8.57,38,28.47,0x0000000000000001
2026-10-07_14:30:25,82,56,63,38,4900,5200,4386,8.99,29,30.17,0x0000000000000001
2026-10-07_14:30:55,87,56,65,38,4900,5200,4341,8.50,29,29.43,0x0000000000000001
2026-10-07_14:31:26,84,56,62,38,4900,5200,4379,8.81,14,23.88,0x0000000000000001
2026-10-07_14:31:56,81,56,62,38,4900,5200,4391,8.26,33,28.61,0x0000000000000001
2026-10-07_14:32:26,79,55,62,38,4900,5200,4391,6.89,54,28.40,0x0000000000000001
2026-10-07_14:32:56,81,56,62,38,4900,5200,4391,7.88,36,30.87,0x0000000000000001
2026-10-07_14:33:26,82,56,63,38,4900,5200,4341,9.50,34,30.93,0x0000000000000001
2026-10-07_14:33:56,82,56,63,38,4900,5200,4366,10.06,30,31.02,0x0000000000000001
2026-10-07_14:34:26,82,57,64,38,4900,5200,4391,9.21,31,29.12,0x0000000000000001
2026-10-07_14:34:57,80,55,62,38,4900,5200,4391,6.98,35,28.18,0x0000000000000001
2026-10-07_14:35:27,76,55,60,38,4900,5200,4416,9.61,32,26.15,0x0000000000000001
2026-10-07_14:35:57,81,55,62,38,4900,5200,4391,10.60,28,28.95,0x0000000000000001
2026-10-07_14:36:27,82,56,62,38,4900,5200,4369,9.66,29,28.49,0x0000000000000001
2026-10-07_14:36:57,82,56,63,38,4900,5200,4391,9.55,38,28.70,0x0000000000000001
2026-10-07_14:37:27,82,56,64,38,4900,5200,4366,11.76,38,28.58,0x0000000000000001
2026-10-07_14:37:57,76,54,59,38,4900,5200,4286,9.02,28,21.57,0x0000000000000001
2026-10-07_14:38:28,80,55,59,38,4900,5200,4416,9.17,29,21.47,0x0000000000000001
2026-10-07_14:38:58,80,55,61,38,4900,5200,4391,9.25,35,28.48,0x0000000000000001
2026-10-07_14:39:28,81,56,62,38,4900,5200,4391,9.33,29,29.19,0x0000000000000001
2026-10-07_14:39:58,82,56,64,38,4900,5200,4391,8.77,38,28.68,0x0000000000000001
2026-10-07_14:40:28,82,56,64,38,4900,5200,4325,8.80,36,31.71,0x0000000000000001
2026-10-07_14:40:58,82,56,61,38,4900,5200,4284,8.04,21,27.49,0x0000000000000001
2026-10-07_14:41:28,80,55,62,38,4900,5200,4391,8.89,30,28.27,0x0000000000000001
2026-10-07_14:41:59,78,55,60,38,4900,5200,4391,8.82,28,31.53,0x0000000000000001
2026-10-07_14:42:29,80,55,61,38,4900,5200,4391,10.76,30,29.40,0x0000000000000001
2026-10-07_14:42:59,81,56,62,38,4900,5200,4385,10.92,32,28.30,0x0000000000000001
2026-10-07_14:43:29,81,56,63,38,4900,5200,4382,10.23,36,30.83,0x0000000000000001
2026-10-07_14:43:59,81,56,63,38,4900,5200,4391,10.56,52,28.78,0x0000000000000001
2026-10-07_14:44:29,76,55,60,38,4900,5200,4416,7.54,18,37.39,0x0000000000000001
2026-10-07_14:45:00,75,54,59,38,4900,5200,4416,6.31,28,26.04,0x0000000000000001
2026-10-07_14:45:30,79,55,61,38,4900,5200,4391,8.70,26,32.09,0x0000000000000001
2026-10-07_14:46:00,81,55,62,38,4900,5200,4391,9.09,34,31.01,0x0000000000000001
2026-10-07_14:46:30,81,56,62,38,4900,5200,4391,9.52,38,28.58,0x0000000000000001
2026-10-07_14:47:00,81,56,62,38,4900,5200,4391,11.59,37,28.69,0x0000000000000001
2026-10-07_14:47:30,80,55,60,38,4900,5200,4408,11.15,30,21.56,0x0000000000000001
2026-10-07_14:48:00,79,54,59,38,4900,5200,4419,9.08,28,20.96,0x0000000000000001
2026-10-07_14:48:31,78,55,60,38,4900,5200,4391,8.26,32,31.23,0x0000000000000001
2026-10-07_14:49:01,80,55,62,38,4900,5200,4391,8.05,36,28.36,0x0000000000000001
2026-10-07_14:49:31,81,56,63,38,4900,5200,4391,8.60,35,32.31,0x0000000000000001
2026-10-07_14:50:01,81,56,63,38,4900,5200,4391,10.92,28,32.13,0x0000000000000001
2026-10-07_14:50:31,81,56,62,38,4900,5200,4391,10.90,28,29.86,0x0000000000000001
2026-10-07_14:51:01,79,54,60,38,4900,5200,4391,10.13,37,28.30,0x0000000000000001
2026-10-07_14:51:31,78,54,61,38,4900,5200,4391,8.75,29,27.70,0x0000000000000001
2026-10-07_14:52:02,80,55,62,38,4900,5200,4391,8.75,27,28.29,0x0000000000000001
2026-10-07_14:52:32,81,55,62,38,4900,5200,4391,8.92,27,28.35,0x0000000000000001
2026-10-07_14:53:02,81,55,63,38,4900,5200,4391,11.47,50,28.68,0x0000000000000001
2026-10-07_14:53:32,81,56,63,38,4900,5200,4391,9.91,37,28.70,0x0000000000000001
2026-10-07_14:54:02,77,54,60,38,4900,5200,4004,10.84,27,21.69,0x0000000000000001
2026-10-07_14:54:32,75,53,59,38,4900,5200,4416,10.49,29,26.53,0x0000000000000001
2026-10-07_14:55:02,79,55,61,38,4800,4900,4391,8.58,48,28.83,0x0000000000000001
2026-10-07_14:55:33,81,56,62,38,4800,4900,4369,11.84,26,32.69,0x0000000000000001
2026-10-07_14:56:03,81,56,62,38,5000,5200,4391,9.07,37,30.62,0x0000000000000001
2026-10-07_14:56:33,81,56,63,38,5000,5200,4391,11.18,29,28.35,0x0000000000000001
2026-10-07_14:57:03,81,56,62,38,5000,5200,4391,8.29,38,28.69,0x0000000000000001
2026-10-07_14:57:33,77,54,58,38,5000,5200,4411,6.10,24,24.50,0x0000000000000001
2026-10-07_14:58:03,78,54,60,38,4800,4900,4391,6.20,31,28.44,0x0000000000000001
2026-10-07_14:58:34,80,55,61,38,4800,4900,4391,8.43,35,28.31,0x0000000000000001
2026-10-07_14:59:04,81,56,63,38,4900,5200,4391,8.91,35,31.55,0x0000000000000001
2026-10-07_14:59:34,81,56,63,38,4900,5200,4316,9.15,37,31.00,0x0000000000000001
2026-10-07_15:00:04,81,56,62,38,4900,5200,4391,10.82,30,28.67,0x0000000000000001
2026-10-07_15:00:34,79,55,61,38,4900,5200,4391,9.62,29,28.19,0x0000000000000001
2026-10-07_15:01:04,78,54,60,38,4900,5200,4391,8.63,30,28.54,0x0000000000000001
2026-10-07_15:01:34,80,55,61,38,4900,5200,4391,8.88,38,30.03,0x0000000000000001
2026-10-07_15:02:05,81,55,62,38,4900,5200,4391,9.26,30,31.31,0x0000000000000001
2026-10-07_15:02:35,81,56,63,38,4900,5200,4366,11.14,30,29.54,0x0000000000000001
2026-10-07_15:03:05,81,56,63,38,4900,5200,4366,12.56,38,28.49,0x0000000000000001
2026-10-07_15:03:35,77,55,59,38,4900,5200,4416,11.96,26,21.70,0x0000000000000001
2026-10-07_15:04:05,77,54,58,38,4900,5200,4437,7.68,29,20.55,0x0000000000000001
2026-10-07_15:04:35,79,55,61,38,4800,4900,4391,9.75,31,28.55,0x0000000000000001
2026-10-07_15:05:05,80,56,62,38,4800,4900,4391,9.23,30,32.15,0x0000000000000001
2026-10-07_15:05:36,82,56,63,38,4900,5200,4371,7.62,36,31.64,0x0000000000000001
2026-10-07_15:06:06,82,56,63,38,4900,5200,4391,7.61,49,28.23,0x0000000000000001
2026-10-07_15:06:36,81,56,63,38,4900,5200,4391,8.67,29,32.30,0x0000000000000001
2026-10-07_15:07:06,79,55,62,38,4900,5200,4391,6.88,36,28.94,0x0000000000000001
2026-10-07_15:07:36,78,54,61,38,4800,4900,4391,7.42,28,29.04,0x0000000000000001
2026-10-07_15:08:06,80,55,62,38,4800,4900,4391,8.42,34,28.75,0x0000000000000001
2026-10-07_15:08:36,81,56,62,38,4900,5200,4366,9.11,34,32.37,0x0000000000000001
2026-10-07_15:09:07,82,56,63,38,4900,5200,4391,9.72,36,28.72,0x0000000000000001
2026-10-07_15:09:37,82,56,63,38,4900,5200,4374,10.24,40,28.55,0x0000000000000001
2026-10-07_15:10:07,77,56,60,38,4900,5200,4393,9.79,19,37.52,0x0000000000000001
2026-10-07_15:10:37,77,55,58,38,4900,5200,4441,8.37,26,21.54,0x0000000000000001
2026-10-07_15:11:07,80,55,62,38,4900,5200,4391,12.29,25,32.23,0x0000000000000001
2026-10-07_15:11:37,82,56,62,38,4900,5200,4341,10.15,40,29.38,0x0000000000000001
2026-10-07_15:12:08,82,56,63,38,4900,5200,4391,9.23,30,31.33,0x0000000000000001
2026-10-07_15:12:38,83,57,63,38,4900,5200,4377,10.15,28,32.96,0x0000000000000001
2026-10-07_15:13:08,80,56,60,38,4900,5200,4246,11.24,27,21.72,0x0000000000000001
2026-10-07_15:13:38,80,55,61,38,4900,5200,4391,9.49,36,28.65,0x0000000000000001
2026-10-07_15:14:08,78,54,61,38,4800,4900,4416,9.99,29,29.58,0x0000000000000001
2026-10-07_15:14:38,81,56,62,38,4800,4900,4391,10.64,27,29.06,0x0000000000000001
2026-10-07_15:15:08,82,56,64,38,4900,5200,4379,8.80,29,32.17,0x0000000000000001
2026-10-07_15:15:39,82,56,63,38,4900,5200,4391,10.19,37,31.42,0x0000000000000001
2026-10-07_15:16:09,82,56,63,38,4900,5200,4391,9.01,38,28.62,0x0000000000000001
2026-10-07_15:16:39,77,54,60,38,4900,5200,4416,10.98,27,27.64,0x0000000000000001
2026-10-07_15:17:09,74,54,57,38,4900,5200,4441,9.42,27,21.88,0x0000000000000001
2026-10-07_15:17:39,80,55,61,38,4800,4900,4391,8.91,34,28.96,0x0000000000000001
2026-10-07_15:18:09,81,56,62,38,4800,4900,4391,7.94,30,32.21,0x0000000000000001
2026-10-07_15:18:39,82,56,63,38,4900,5200,4391,10.15,36,28.53,0x0000000000000001
2026-10-07_15:19:10,82,56,63,38,4900,5200,4391,9.54,29,30.58,0x0000000000000001
2026-10-07_15:19:40,79,55,61,38,4900,5200,4084,12.91,26,21.43,0x0000000000000001
2026-10-07_15:20:10,79,55,61,38,4900,5200,4391,11.65,36,29.03,0x0000000000000001
2026-10-07_15:20:40,79,54,61,38,4900,5200,4399,10.68,31,28.52,0x0000000000000001
2026-10-07_15:21:10,80,55,63,38,4900,5200,4391,11.95,32,31.00,0x0000000000000001
2026-10-07_15:21:40,81,55,62,38,4900,5200,4391,12.26,36,28.49,0x0000000000000001
2026-10-07_15:22:10,81,56,63,38,4900,5200,4391,13.67,34,29.48,0x0000000000000001
2026-10-07_15:22:41,82,56,62,38,4900,5200,4391,12.25,30,32.91,0x0000000000000001
2026-10-07_15:23:11,79,55,61,38,4900,5200,4391,11.00,36,28.82,0x0000000000000001
2026-10-07_15:23:41,74,53,59,38,4800,5100,4416,9.89,30,24.92,0x0000000000000001
2026-10-07_15:24:11,80,55,62,38,4800,4900,4391,8.52,26,30.36,0x0000000000000001
2026-10-07_15:24:41,81,56,62,38,4800,4900,4391,7.10,29,31.58,0x0000000000000001
2026-10-07_15:25:11,81,56,63,38,5000,5200,4391,9.00,35,32.19,0x0000000000000001
2026-10-07_15:25:41,81,56,63,38,5000,5200,4384,8.39,30,29.70,0x0000000000000001
2026-10-07_15:26:12,75,54,58,38,5000,5200,4440,7.90,26,26.20,0x0000000000000001
2026-10-07_15:26:42,77,54,58,38,5000,5200,4383,10.55,24,23.92,0x0000000000000001
2026-10-07_15:27:12,78,54,60,38,4800,4900,4404,8.10,28,32.68,0x0000000000000001
2026-10-07_15:27:42,80,55,61,38,4800,4900,4391,9.31,26,32.52,0x0000000000000001
2026-10-07_15:28:12,81,56,62,38,4800,4900,4366,10.08,28,32.13,0x0000000000000001
2026-10-07_15:28:42,81,56,63,38,5000,5200,4391,9.90,30,32.29,0x0000000000000001
2026-10-07_15:29:12,81,55,62,38,5000,5200,4391,9.70,36,29.16,0x0000000000000001
2026-10-07_15:29:43,79,54,61,38,5000,5200,4393,7.92,30,30.10,0x0000000000000001
2026-10-07_15:30:13,74,53,58,38,4900,5200,4416,9.10,28,25.10,0x0000000000000001
2026-10-07_15:30:43,79,54,61,38,4800,4900,4401,11.57,36,28.38,0x0000000000000001
2026-10-07_15:31:13,80,55,62,38,4800,4900,4391,9.55,38,28.56,0x0000000000000001
2026-10-07_15:31:43,81,55,62,38,4900,5200,4391,10.82,37,28.57,0x0000000000000001
2026-10-07_15:32:13,81,55,62,38,4900,5200,4373,10.17,37,28.52,0x0000000000000001
2026-10-07_15:32:44,76,54,59,38,5000,5200,4416,9.38,29,27.58,0x0000000000000001
2026-10-07_15:33:14,79,54,58,38,5000,5200,4441,8.83,28,21.00,0x0000000000000001
2026-10-07_15:33:44,79,54,61,38,4800,4900,4412,8.46,33,29.81,0x0000000000000001
2026-10-07_15:34:14,80,55,62,38,4800,4900,4391,7.62,37,28.55,0x0000000000000001
2026-10-07_15:34:44,81,56,62,38,4900,5100,4391,8.63,37,28.72,0x0000000000000001
2026-10-07_15:35:14,81,56,62,38,5000,5200,4391,7.91,34,28.70,0x0000000000000001
2026-10-07_15:35:44,79,55,59,38,5000,5200,4248,9.20,27,22.11,0x0000000000000001
2026-10-07_15:36:15,79,54,61,38,5000,5200,4391,8.37,28,31.95,0x0000000000000001
2026-10-07_15:36:45,78,54,60,38,5000,5200,4409,7.47,39,29.01,0x0000000000000001
2026-10-07_15:37:15,79,54,61,38,5000,5200,4391,6.13,35,28.36,0x0000000000000001
2026-10-07_15:37:45,80,55,61,38,4900,5200,4391,7.52,52,28.22,0x0000000000000001
2026-10-07_15:38:15,81,55,62,38,4900,5200,4391,9.34,27,33.60,0x0000000000000001
2026-10-07_15:38:45,81,55,62,38,5000,5200,4391,7.90,38,28.57,0x0000000000000001
2026-10-07_15:39:15,75,53,58,38,5000,5200,4312,7.93,29,27.28,0x0000000000000001
2026-10-07_15:39:46,74,53,57,38,5000,5200,4441,9.22,24,28.27,0x0000000000000001
2026-10-07_15:40:16,79,54,61,38,4800,4900,4415,10.97,28,29.60,0x0000000000000001
2026-10-07_15:40:46,80,55,62,38,4800,4900,4391,11.51,37,28.59,0x0000000000000001
2026-10-07_15:41:16,81,56,62,38,4800,4900,4370,10.89,30,29.39,0x0000000000000001
2026-10-07_15:41:46,81,55,62,38,5000,5200,4391,8.94,38,31.74,0x0000000000000001
2026-10-07_15:42:16,80,54,59,38,5000,5200,4416,8.68,29,21.47,0x0000000000000001
2026-10-07_15:42:46,79,55,61,38,4900,5200,4391,8.37,32,30.57,0x0000000000000001
2026-10-07_15:43:17,77,54,60,38,4800,4900,4405,6.17,30,31.75,0x0000000000000001
2026-10-07_15:43:47,79,55,62,38,4800,4900,4391,8.61,28,30.20,0x0000000000000001
2026-10-07_15:44:17,81,55,62,38,4800,4900,4391,8.98,28,29.50,0x0000000000000001
2026-10-07_15:44:47,81,56,62,38,4900,5200,4391,10.22,29,32.61,0x0000000000000001
2026-10-07_15:45:17,81,55,62,38,5000,5200,4391,8.25,34,31.29,0x0000000000000001
2026-10-07_15:45:47,78,54,60,38,4900,5200,4391,8.11,34,30.98,0x0000000000000001
2026-10-07_15:46:18,74,53,58,38,5000,5200,4416,6.58,32,25.08,0x0000000000000001
2026-10-07_15:46:48,79,55,61,38,4800,4900,4391,7.10,28,32.48,0x0000000000000001
2026-10-07_15:47:18,80,55,62,38,4800,4900,4391,8.40,28,32.98,0x0000000000000001
2026-10-07_15:47:48,81,56,62,38,4800,4900,4391,10.69,28,28.69,0x0000000000000001
2026-10-07_15:48:18,81,56,61,38,4900,5200,4391,10.22,28,32.60,0x0000000000000001
2026-10-07_15:48:48,75,54,58,38,5000,5200,4437,8.96,27,21.71,0x0000000000000001
2026-10-07_15:49:18,78,54,58,38,5000,5200,4416,8.38,13,26.39,0x0000000000000001
2026-10-07_15:49:49,78,53,60,38,4800,4900,4395,8.34,37,27.98,0x0000000000000001
2026-10-07_15:50:19,80,54,61,38,4800,4900,4391,8.29,39,28.34,0x0000000000000001
2026-10-07_15:50:49,81,55,62,38,4800,4900,4391,7.47,35,29.47,0x0000000000000001
2026-10-07_15:51:19,81,56,62,38,4900,5200,4391,8.62,28,29.26,0x0000000000000001
2026-10-07_15:51:49,80,56,61,38,4900,5200,4391,9.47,30,32.81,0x0000000000000001
2026-10-07_15:52:19,78,54,60,38,4800,4900,4395,9.85,30,31.77,0x0000000000000001
2026-10-07_15:52:49,78,53,59,38,4800,4900,4391,8.88,31,27.86,0x0000000000000001
2026-10-07_15:53:20,80,55,61,38,4800,4900,4391,10.25,35,29.19,0x0000000000000001
2026-10-07_15:53:50,81,55,62,38,4800,4900,4391,9.81,30,30.41,0x0000000000000001
2026-10-07_15:54:20,81,56,62,38,4900,5000,4391,9.80,31,32.01,0x0000000000000001
2026-10-07_15:54:50,81,55,62,38,4900,5200,4391,9.51,33,28.44,0x0000000000000001
2026-10-07_15:55:20,76,54,58,38,5000,5200,4391,7.85,30,26.07,0x0000000000000001
2026-10-07_15:55:50,76,54,58,38,5000,5200,4314,7.36,12,32.92,0x0000000000000001
2026-10-07_15:56:20,79,54,60,38,5000,5200,4401,8.38,38,28.61,0x0000000000000001
2026-10-07_15:56:51,80,54,61,38,4900,5200,4391,8.28,29,31.75,0x0000000000000001
2026-10-07_15:57:21,81,55,62,38,5000,5200,4391,8.09,27,30.76,0x0000000000000001
2026-10-07_15:57:51,81,55,62,38,4900,5200,4391,8.41,28,28.62,0x0000000000000001
2026-10-07_15:58:21,79,54,60,38,5000,5200,4065,11.91,30,21.24,0x0000000000000001
2026-10-07_15:58:51,78,54,60,38,5000,5200,4391,11.78,31,28.46,0x0000000000000001
2026-10-07_15:59:21,77,54,60,38,4800,4900,4400,9.47,29,31.70,0x0000000000000001
2026-10-07_15:59:51,79,54,61,38,4800,4900,4391,9.73,36,29.44,0x0000000000000001
2026-10-07_16:00:22,81,55,62,38,4800,4900,4391,10.26,36,29.54,0x0000000000000001
2026-10-07_16:00:52,81,55,62,38,4800,4900,4391,9.34,37,28.72,0x0000000000000001
2026-10-07_16:01:22,81,56,63,38,5000,5200,4391,9.82,28,32.62,0x0000000000000001
2026-10-07_16:01:52,78,53,59,38,4900,5200,4397,8.71,31,28.44,0x0000000000000001
2026-10-07_16:02:22,73,52,58,38,4800,5100,4441,6.52,25,21.01,0x0000000000000001
2026-10-07_16:02:52,79,54,61,38,4800,4900,4393,5.98,37,30.06,0x0000000000000001
2026-10-07_16:03:23,80,55,62,38,4800,4900,4391,7.65,30,31.24,0x0000000000000001
2026-10-07_16:03:53,81,55,63,38,4800,4900,4391,8.30,37,28.54,0x0000000000000001
2026-10-07_16:04:23,81,55,63,38,4800,4900,4391,7.66,32,29.49,0x0000000000000001
2026-10-07_16:04:53,77,55,59,38,4900,5200,4441,6.79,11,33.97,0x0000000000000001
2026-10-07_16:05:23,78,54,59,38,5000,5200,4416,7.60,22,27.04,0x0000000000000001
2026-10-07_16:05:53,78,54,60,38,4800,4900,4391,7.50,38,28.25,0x0000000000000001
2026-10-07_16:06:23,80,54,61,38,4800,4900,4391,10.92,38,28.30,0x0000000000000001
2026-10-07_16:06:54,81,55,63,38,4800,4900,4391,8.44,37,28.61,0x0000000000000001
2026-10-07_16:07:24,81,55,62,38,4800,4900,4391,8.33,36,28.63,0x0000000000000001
2026-10-07_16:07:54,80,55,62,38,4900,5200,4391,10.76,36,28.50,0x0000000000000001
2026-10-07_16:08:24,78,53,60,38,4800,4900,4391,8.21,25,31.63,0x0000000000000001
2026-10-07_16:08:54,78,53,59,38,4800,4900,4308,8.38,28,27.73,0x0000000000000001
2026-10-07_16:09:24,79,54,62,38,4800,4900,4391,10.67,31,27.92,0x0000000000000001
2026-10-07_16:09:54,81,55,62,38,4800,4900,4316,9.26,35,31.55,0x0000000000000001
2026-10-07_16:10:25,81,56,62,38,4800,4900,4368,10.12,29,33.20,0x0000000000000001
2026-10-07_16:10:55,81,55,62,38,4900,5200,4391,9.98,52,28.42,0x0000000000000001
2026-10-07_16:11:25,76,54,59,38,4900,5200,4391,8.50,46,23.23,0x0000000000000001
2026-10-07_16:11:55,73,52,57,38,4900,5200,4441,10.36,29,21.11,0x0000000000000001
2026-10-07_16:12:25,79,54,61,38,4800,4900,4391,9.59,30,28.95,0x0000000000000001
2026-10-07_16:12:55,80,55,62,38,4800,4900,4391,9.04,38,28.58,0x0000000000000001
2026-10-07_16:13:25,81,56,62,38,4800,4900,4375,7.46,27,30.80,0x0000000000000001
2026-10-07_16:13:56,81,56,61,38,5000,5200,4391,7.76,51,28.24,0x0000000000000001
2026-10-07_16:14:26,81,55,61,38,4900,5200,4415,7.37,20,22.54,0x0000000000000001
2026-10-07_16:14:56,78,54,59,38,5000,5200,4305,8.13,17,28.92,0x0000000000000001
2026-10-07_16:15:26,78,54,60,38,4800,4900,4416,7.83,26,29.15,0x0000000000000001
2026-10-07_16:15:56,80,55,62,38,4800,4900,4391,8.07,35,29.81,0x0000000000000001
2026-10-07_16:16:26,81,56,62,38,4800,4900,4378,7.16,35,30.35,0x0000000000000001
2026-10-07_16:16:57,81,56,62,38,5000,5200,4370,9.67,30,31.83,0x0000000000000001
2026-10-07_16:17:27,81,56,63,38,5000,5200,4378,9.27,30,31.72,0x0000000000000001
2026-10-07_16:17:57,79,54,61,38,5000,5200,4391,9.46,32,28.38,0x0000000000000001
2026-10-07_16:18:27,77,53,59,38,4800,4900,4407,8.74,49,27.24,0x0000000000000001
2026-10-07_16:18:57,80,55,61,38,4800,4900,4391,8.91,31,29.98,0x0000000000000001
2026-10-07_16:19:27,81,55,63,38,4800,4900,4391,10.87,38,28.63,0x0000000000000001
2026-10-07_16:19:57,82,56,62,38,5000,5200,4390,9.11,32,32.21,0x0000000000000001
2026-10-07_16:20:28,82,56,62,38,5000,5200,4391,8.36,29,32.56,0x0000000000000001
2026-10-07_16:20:58,78,54,59,38,5000,5200,4157,7.76,32,21.62,0x0000000000000001
2026-10-07_16:21:28,76,53,58,38,5000,5200,4440,7.99,29,21.35,0x0000000000000001
2026-10-07_16:21:58,79,54,61,38,4800,4900,4390,6.68,27,31.87,0x0000000000000001
2026-10-07_16:22:28,81,55,62,38,4800,4900,4391,8.97,36,28.46,0x0000000000000001
2026-10-07_16:22:58,82,56,62,38,4900,5200,4370,8.80,36,28.51,0x0000000000000001
2026-10-07_16:23:28,82,56,63,38,4900,5200,4391,9.10,39,28.62,0x0000000000000001
2026-10-07_16:23:59,82,56,63,38,4900,5200,4391,8.17,35,28.60,0x0000000000000001
2026-10-07_16:24:29,79,55,62,38,4900,5200,4391,8.22,29,31.86,0x0000000000000001
2026-10-07_16:24:59,78,54,60,38,4900,5200,4391,6.65,28,28.05,0x0000000000000001
2026-10-07_16:25:29,80,55,62,38,4900,5200,4391,7.64,28,29.20,0x0000000000000001
2026-10-07_16:25:59,81,55,62,38,4900,5200,4391,9.44,34,28.59,0x0000000000000001
2026-10-07_16:26:29,81,55,62,38,4900,5200,4370,9.69,39,28.52,0x0000000000000001
2026-10-07_16:26:59,81,55,61,38,4900,5200,4391,12.28,39,28.86,0x0000000000000001
2026-10-07_16:27:30,75,54,60,38,4900,5200,4441,11.72,34,21.17,0x0000000000000001
2026-10-07_16:28:00,73,53,57,38,4900,5200,4440,8.51,41,20.91,0x0000000000000001
2026-10-07_16:28:30,79,55,61,38,4800,4900,4391,10.45,29,29.23,0x0000000000000001
2026-10-07_16:29:00,81,55,63,38,4800,4900,4391,9.44,34,28.50,0x0000000000000001
2026-10-07_16:29:30,81,56,62,38,4900,5200,4391,10.73,30,29.99,0x0000000000000001
2026-10-07_16:30:00,81,56,62,38,4900,5200,4391,12.49,30,31.57,0x0000000000000001
2026-10-07_16:30:31,79,55,62,38,4900,5200,4375,12.32,28,21.62,0x0000000000000001
2026-10-07_16:31:01,79,55,59,38,4900,5200,4392,9.99,20,25.31,0x0000000000000001
2026-10-07_16:31:31,79,54,62,38,4900,5200,4391,9.67,27,28.75,0x0000000000000001
2026-10-07_16:32:01,80,55,62,38,4900,5200,4402,10.31,48,28.43,0x0000000000000001
2026-10-07_16:32:31,81,55,62,38,4900,5200,4391,10.30,39,28.72,0x0000000000000001
2026-10-07_16:33:01,81,55,62,38,4900,5200,4391,10.17,38,28.63,0x0000000000000001
2026-10-07_16:33:31,81,55,63,38,4900,5200,4391,8.22,40,28.67,0x0000000000000001
2026-10-07_16:34:02,80,55,62,38,4900,5200,4401,7.29,27,32.41,0x0000000000000001
2026-10-07_16:34:32,78,54,60,38,4900,5200,4391,6.14,29,27.85,0x0000000000000001
2026-10-07_16:35:02,80,55,61,38,4900,5200,4391,7.94,29,28.47,0x0000000000000001
2026-10-07_16:35:32,81,55,62,38,4900,5200,4391,9.45,32,31.20,0x0000000000000001
2026-10-07_16:36:02,82,56,63,38,4900,5200,4391,9.22,29,29.89,0x0000000000000001
2026-10-07_16:36:32,82,56,63,38,4900,5200,4391,8.54,32,31.17,0x0000000000000001
2026-10-07_16:37:03,76,54,60,38,4900,5200,4395,9.45,25,21.47,0x0000000000000001
2026-10-07_16:37:33,75,54,57,38,4900,5200,4344,8.33,44,21.11,0x0000000000000001
2026-10-07_16:38:03,80,55,62,38,4900,5200,4391,9.05,28,29.09,0x0000000000000001
2026-10-07_16:38:33,81,55,62,38,4900,5200,4341,8.29,35,31.86,0x0000000000000001
2026-10-07_16:39:03,82,56,63,38,4900,5200,4391,8.33,30,29.16,0x0000000000000001
2026-10-07_16:39:33,82,56,63,38,4900,5200,4366,9.79,36,31.64,0x0000000000000001
2026-10-07_16:40:03,79,55,60,38,4900,5200,4416,8.85,29,21.77,0x0000000000000001
2026-10-07_16:40:34,79,55,60,38,4900,5200,4387,7.56,11,28.76,0x0000000000000001
2026-10-07_16:41:04,79,55,61,38,4900,5200,4391,7.20,50,28.64,0x0000000000000001
2026-10-07_16:41:34,80,55,62,38,4900,5200,4391,9.12,34,28.91,0x0000000000000001
2026-10-07_16:42:04,81,56,63,38,4900,5200,4360,10.18,33,29.06,0x0000000000000001
2026-10-07_16:42:34,81,56,63,38,4900,5200,4382,10.73,37,28.60,0x0000000000000001
2026-10-07_16:43:04,82,56,63,38,4900,5200,4391,10.28,34,28.39,0x0000000000000001
2026-10-07_16:43:34,79,54,60,38,4900,5200,4391,9.72,34,27.70,0x0000000000000001
2026-10-07_16:44:05,78,54,60,38,4800,4900,4391,7.43,32,30.50,0x0000000000000001
2026-10-07_16:44:35,81,56,62,38,4800,4900,4241,9.08,30,30.00,0x0000000000000001
2026-10-07_16:45:05,82,56,63,38,4900,5200,4378,8.57,29,29.55,0x0000000000000001
2026-10-07_16:45:35,82,56,62,38,4900,5200,4391,8.36,31,29.40,0x0000000000000001
2026-10-07_16:46:05,82,57,62,38,4900,5200,4366,12.29,28,32.36,0x0000000000000001
2026-10-07_16:46:35,79,55,60,38,4900,5200,4416,11.78,29,21.45,0x0000000000000001
2026-10-07_16:47:06,75,54,58,38,4900,5200,4441,8.26,41,21.23,0x0000000000000001
2026-10-07_16:47:36,80,55,61,38,4900,5200,4391,9.08,31,28.59,0x0000000000000001
2026-10-07_16:48:06,79,54,61,38,4900,5200,4391,6.53,28,29.30,0x0000000000000001
2026-10-07_16:48:36,80,55,61,38,4900,5200,4391,8.02,32,29.01,0x0000000000000001
2026-10-07_16:49:06,81,56,62,38,4900,5200,4391,9.92,35,31.36,0x0000000000000001
2026-10-07_16:49:36,82,56,63,38,4900,5200,4391,9.43,30,32.28,0x0000000000000001
2026-10-07_16:50:06,82,56,64,38,4900,5200,4366,9.88,28,32.37,0x0000000000000001
2026-10-07_16:50:37,80,55,62,38,4900,5200,4391,9.11,29,28.64,0x0000000000000001
2026-10-07_16:51:07,75,54,58,38,4900,5200,4346,7.66,42,21.13,0x0000000000000001
2026-10-07_16:51:37,80,55,61,38,4900,5200,4391,8.24,31,29.38,0x0000000000000001
2026-10-07_16:52:07,81,56,62,38,4900,5200,4391,9.00,29,31.14,0x0000000000000001
2026-10-07_16:52:37,82,56,63,38,4900,5200,4381,7.34,50,28.81,0x0000000000000001
2026-10-07_16:53:07,82,56,63,38,4900,5200,4368,7.62,29,29.55,0x0000000000000001
2026-10-07_16:53:37,75,54,59,38,4900,5200,4416,6.15,31,21.49,0x0000000000000001
2026-10-07_16:54:08,80,56,62,38,4900,5200,4366,7.59,30,32.20,0x0000000000000001
2026-10-07_16:54:38,80,55,62,38,4900,5200,4391,8.00,31,31.66,0x0000000000000001
2026-10-07_16:55:08,81,56,62,38,4900,5200,4391,9.47,26,30.29,0x0000000000000001
2026-10-07_16:55:38,82,56,63,38,4900,5200,4391,9.50,27,32.16,0x0000000000000001
2026-10-07_16:56:08,82,56,64,38,4900,5200,4389,9.12,36,28.85,0x0000000000000001
2026-10-07_16:56:38,82,57,62,38,4900,5200,4319,9.58,11,31.67,0x0000000000000001
2026-10-07_16:57:08,81,56,62,38,4900,5200,4391,10.60,30,28.44,0x0000000000000001
2026-10-07_16:57:39,75,54,58,38,4900,5200,4434,9.33,29,21.23,0x0000000000000001
2026-10-07_16:58:09,81,55,62,38,4900,5200,4391,10.48,35,30.37,0x0000000000000001
2026-10-07_16:58:39,82,56,63,38,4900,5200,4391,11.34,29,32.19,0x0000000000000001
2026-10-07_16:59:09,82,56,63,38,4900,5200,4366,11.78,29,32.24,0x0000000000000001
2026-10-07_16:59:39,82,57,64,38,4900,5200,4391,11.49,30,33.13,0x0000000000000001
2026-10-07_17:00:09,80,55,62,38,4900,5200,4391,9.93,30,29.56,0x0000000000000001
2026-10-07_17:00:39,80,56,62,38,4900,5200,4391,9.54,37,28.41,0x0000000000000001
2026-10-07_17:01:10,80,55,62,38,4900,5200,4307,10.33,35,28.68,0x0000000000000001
2026-10-07_17:01:40,81,56,63,38,4900,5200,4391,8.00,35,31.01,0x0000000000000001
2026-10-07_17:02:10,82,56,63,38,4900,5200,4390,11.30,34,29.55,0x0000000000000001
2026-10-07_17:02:40,83,57,65,38,4900,5200,4391,11.63,53,28.95,0x0000000000000001
2026-10-07_17:03:10,77,55,60,38,4900,5200,4265,12.13,30,21.50,0x0000000000000001
2026-10-07_17:03:40,81,56,63,38,4900,5200,4367,10.05,30,28.35,0x0000000000000001
2026-10-07_17:04:10,75,54,59,38,4900,5200,4441,8.25,31,21.53,0x0000000000000001
2026-10-07_17:04:41,81,55,62,38,4900,5200,4391,11.27,35,28.55,0x0000000000000001
2026-10-07_17:05:11,82,56,63,38,4900,5200,4391,8.94,34,30.95,0x0000000000000001
2026-10-07_17:05:41,83,57,64,38,4900,5200,4391,9.71,30,32.27,0x0000000000000001
2026-10-07_17:06:11,82,57,63,38,4900,5200,4368,11.28,30,31.72,0x0000000000000001
2026-10-07_17:06:41,80,55,62,38,4900,5200,4391,10.37,30,29.06,0x0000000000000001
2026-10-07_17:07:11,81,56,61,38,4900,5200,4416,13.54,24,28.81,0x0000000000000001
2026-10-07_17:07:42,80,56,62,38,4900,5200,4341,12.05,27,32.26,0x0000000000000001
2026-10-07_17:08:12,81,56,62,38,4900,5200,4391,10.34,36,31.68,0x0000000000000001
2026-10-07_17:08:42,82,56,63,38,4900,5200,4366,11.68,31,28.50,0x0000000000000001
2026-10-07_17:09:12,82,57,63,38,4900,5200,4368,10.27,30,33.04,0x0000000000000001
2026-10-07_17:09:42,80,55,62,38,4900,5200,4366,11.16,20,27.62,0x0000000000000001
2026-10-07_17:10:12,81,56,62,38,4900,5200,4367,9.95,39,28.45,0x0000000000000001
2026-10-07_17:10:42,80,55,62,38,4900,5200,4391,10.20,33,28.62,0x0000000000000001
2026-10-07_17:11:13,81,56,63,38,4900,5200,4391,9.81,28,31.18,0x0000000000000001
2026-10-07_17:11:43,82,56,63,38,4900,5200,4367,9.07,31,28.67,0x0000000000000001
2026-10-07_17:12:13,83,57,64,38,4900,5200,4366,7.98,28,32.88,0x0000000000000001
2026-10-07_17:12:43,80,57,61,38,4900,5200,4416,9.53,11,33.78,0x0000000000000001
2026-10-07_17:13:13,81,56,63,38,4900,5200,4391,6.91,26,29.83,0x0000000000000001
2026-10-07_17:13:43,77,56,60,38,4900,5200,4415,5.61,11,33.58,0x0000000000000001
2026-10-07_17:14:13,80,56,63,38,4900,5200,4391,6.08,29,32.09,0x0000000000000001
2026-10-07_17:14:44,81,56,63,38,4900,5200,4366,5.64,28,32.04,0x0000000000000001
2026-10-07_17:15:14,82,57,63,38,4900,5200,4341,8.00,29,31.84,0x0000000000000001
2026-10-07_17:15:44,82,57,63,38,4900,5200,4391,7.75,29,32.31,0x0000000000000001
2026-10-07_17:16:14,80,55,62,38,4900,5200,4391,7.78,31,29.64,0x0000000000000001
2026-10-07_17:16:44,81,56,63,38,4900,5200,4390,9.17,31,28.52,0x0000000000000001
2026-10-07_17:17:14,80,55,61,38,4900,5200,4391,8.53,31,28.73,0x0000000000000001
2026-10-07_17:17:44,81,56,63,38,4900,5200,4370,8.93,31,32.45,0x0000000000000001
2026-10-07_17:18:15,82,56,63,38,4900,5200,4366,7.89,38,29.10,0x0000000000000001
2026-10-07_17:18:45,82,57,64,38,4900,5200,4366,9.78,28,30.82,0x0000000000000001
2026-10-07_17:19:15,78,56,60,38,4900,5200,4408,7.05,12,33.63,0x0000000000000001
2026-10-07_17:19:45,81,56,62,38,4900,5200,4391,7.83,31,29.12,0x0000000000000001
2026-10-07_17:20:15,80,55,61,38,4900,5200,4391,5.99,38,27.29,0x0000000000000001
2026-10-07_17:20:45,81,56,62,38,4900,5200,4391,5.89,37,28.44,0x0000000000000001
2026-10-07_17:21:15,82,56,64,38,4900,5200,4374,5.81,38,28.61,0x0000000000000001
2026-10-07_17:21:46,82,56,63,38,4900,5200,4379,6.77,34,29.58,0x0000000000000001
2026-10-07_17:22:16,82,56,64,38,4900,5200,4391,9.49,38,28.67,0x0000000000000001
2026-10-07_17:22:46,81,56,62,38,4900,5200,4391,9.96,29,30.51,0x0000000000000001
2026-10-07_17:23:16,78,56,61,38,4900,5200,4200,9.96,10,33.43,0x0000000000000001
2026-10-07_17:23:46,81,55,62,38,4900,5200,4391,9.74,35,28.36,0x0000000000000001
2026-10-07_17:24:16,81,56,63,38,4900,5200,4391,8.55,39,28.54,0x0000000000000001
2026-10-07_17:24:47,82,56,63,38,4900,5200,4366,8.96,38,28.58,0x0000000000000001
2026-10-07_17:25:17,82,56,64,38,4900,5200,4366,9.16,39,28.56,0x0000000000000001
2026-10-07_17:25:47,80,55,61,38,4900,5200,4391,7.48,50,27.33,0x0000000000000001
2026-10-07_17:26:17,81,56,63,38,4900,5200,4391,8.16,28,28.17,0x0000000000000001
2026-10-07_17:26:47,81,56,63,38,4900,5200,4391,7.40,27,30.15,0x0000000000000001
2026-10-07_17:27:17,82,56,63,38,4900,5200,4286,7.82,30,28.29,0x0000000000000001
2026-10-07_17:27:47,83,57,64,38,4900,5200,4391,7.98,31,30.24,0x0000000000000001
2026-10-07_17:28:18,83,57,64,38,4900,5200,4366,7.81,38,30.54,0x0000000000000001
2026-10-07_17:28:48,80,57,61,38,4900,5200,4326,6.83,11,33.72,0x0000000000000001
2026-10-07_17:29:18,81,56,62,38,4900,5200,4366,8.92,29,28.51,0x0000000000000001
2026-10-07_17:29:48,80,55,61,38,4900,5200,4391,8.85,36,27.40,0x0000000000000001
2026-10-07_17:30:18,81,56,63,38,4900,5200,4391,8.91,40,28.52,0x0000000000000001
2026-10-07_17:30:48,82,57,65,38,4900,5200,4391,8.70,30,29.94,0x0000000000000001
2026-10-07_17:31:18,83,57,65,38,4900,5200,4390,7.48,30,32.49,0x0000000000000001
2026-10-07_17:31:49,83,57,64,38,4900,5200,4372,8.97,28,32.46,0x0000000000000001
2026-10-07_17:32:19,81,56,63,38,4900,5200,4389,7.51,29,28.40,0x0000000000000001
2026-10-07_17:32:49,77,55,60,38,4900,5200,4120,7.98,29,21.34,0x0000000000000001
2026-10-07_17:33:19,72,53,57,38,4200,4500,4441,6.27,30,21.15,0x0000000000000001
2026-10-07_17:33:49,72,52,57,38,4200,4500,4441,7.17,30,21.31,0x0000000000000001
2026-10-07_17:34:19,72,52,56,38,4200,4500,4441,7.31,30,21.19,0x0000000000000001
2026-10-07_17:34:49,71,51,56,38,4200,4500,4441,6.76,35,20.84,0x0000000000000001
2026-10-07_17:35:20,64,50,52,38,4000,4300,4244,5.96,1,15.13,0x0000000000000001
2026-10-07_17:35:50,70,51,56,38,3900,3900,4441,6.63,40,20.47,0x0000000000000001
2026-10-07_17:36:20,71,51,56,38,3900,3900,4329,5.27,32,21.03,0x0000000000000001
2026-10-07_17:36:50,71,51,55,38,4200,4500,4441,4.79,34,20.94,0x0000000000000001
2026-10-07_17:37:20,71,51,55,38,4200,4500,4441,4.91,43,20.92,0x0000000000000001
2026-10-07_17:37:50,70,51,56,38,4200,4500,4441,4.24,41,20.88,0x0000000000000001
2026-10-07_17:38:20,69,50,53,38,4200,4500,4103,3.83,0,16.33,0x0000000000000001
2026-10-07_17:38:51,69,50,55,38,3900,3900,4179,2.94,31,20.70,0x0000000000000001
2026-10-07_17:39:21,69,51,55,38,3900,3900,4441,3.32,42,20.59,0x0000000000000001
2026-10-07_17:39:51,71,51,56,38,4200,4500,4441,4.82,32,20.78,0x0000000000000001
2026-10-07_17:40:21,70,50,55,38,4200,4500,4440,5.33,29,20.90,0x0000000000000001
2026-10-07_17:40:51,70,50,56,38,4200,4500,4441,4.48,30,21.05,0x0000000000000001
2026-10-07_17:41:21,70,50,55,38,4200,4500,4440,4.52,30,20.87,0x0000000000000001
2026-10-07_17:41:51,69,49,54,38,3600,3600,4466,3.20,30,20.80,0x0000000000000001
2026-10-07_17:42:21,69,50,55,38,3900,3900,4440,5.15,29,20.80,0x0000000000000001
2026-10-07_17:42:52,71,51,56,38,3900,3900,4456,4.25,30,21.05,0x0000000000000001
2026-10-07_17:43:22,71,51,56,38,4200,4500,4466,3.63,33,21.18,0x0000000000000001
2026-10-07_17:43:52,70,50,55,38,4200,4500,4330,3.01,30,21.18,0x0000000000000001
2026-10-07_17:44:22,70,50,56,38,4200,4500,4441,3.29,32,20.96,0x0000000000000001
2026-10-07_17:44:52,62,49,50,38,3900,4100,3959,3.50,0,15.19,0x0000000000000001
2026-10-07_17:45:22,75,51,59,38,4000,4000,4391,5.41,39,23.34,0x0000000000000001
2026-10-07_17:45:52,78,53,60,38,4800,4800,4397,7.78,26,25.93,0x0000000000000001
2026-10-07_17:46:23,75,53,56,38,4800,4800,4441,6.80,7,28.94,0x0000000000000001
2026-10-07_17:46:53,78,52,60,38,4800,4800,4391,7.37,22,25.61,0x0000000000000001
2026-10-07_17:47:23,73,52,57,38,4800,4800,4382,7.05,23,20.18,0x0000000000000001
2026-10-07_17:47:53,76,52,58,38,4300,4500,4441,8.99,40,23.81,0x0000000000000001
2026-10-07_17:48:23,79,53,60,38,4800,4800,4391,10.54,22,25.76,0x0000000000000001
2026-10-07_17:48:53,76,52,57,38,4800,4800,4253,7.52,35,19.00,0x0000000000000001
2026-10-07_17:49:23,78,53,59,38,4800,4900,4391,8.99,38,23.99,0x0000000000000001
2026-10-07_17:49:54,74,53,58,38,4800,4900,4441,7.47,19,31.97,0x0000000000000001
2026-10-07_17:50:24,76,52,58,38,4300,4500,4416,6.47,23,25.33,0x0000000000000001
2026-10-07_17:50:54,78,53,59,38,4800,4800,4393,7.72,21,25.85,0x0000000000000001
2026-10-07_17:51:24,74,52,57,38,4800,4800,4182,6.44,22,19.79,0x0000000000000001
2026-10-07_17:51:54,77,53,60,38,4800,4900,4416,6.42,26,25.21,0x0000000000000001
2026-10-07_17:52:24,75,54,57,38,4800,4900,4441,8.44,6,34.86,0x0000000000000001
2026-10-07_17:52:54,76,52,59,38,4500,4600,4391,7.00,37,22.54,0x0000000000000001
2026-10-07_17:53:25,78,53,61,38,4800,4800,4391,7.58,25,25.80,0x0000000000000001
2026-10-07_17:53:55,75,52,56,38,4800,4800,4364,5.82,24,22.63,0x0000000000000001
2026-10-07_17:54:25,77,53,60,38,4600,4800,4416,7.19,27,25.58,0x0000000000000001
2026-10-07_17:54:55,76,54,57,38,4800,4800,4441,6.82,7,31.24,0x0000000000000001
2026-10-07_17:55:25,73,52,59,38,4500,4600,4416,6.08,38,22.69,0x0000000000000001
2026-10-07_17:55:55,78,53,60,38,4800,4800,4204,6.04,25,24.93,0x0000000000000001
2026-10-07_17:56:25,76,52,56,38,4500,4600,4441,5.53,18,20.19,0x0000000000000001
2026-10-07_17:56:56,76,53,59,38,4600,4800,4397,4.65,30,25.44,0x0000000000000001
2026-10-07_17:57:26,76,52,57,38,4800,4800,4056,5.10,38,19.74,0x0000000000000001
2026-10-07_17:57:56,72,53,57,38,4200,4500,4196,3.95,16,34.20,0x0000000000000001
2026-10-07_17:58:26,78,53,60,38,4800,4800,4416,5.57,23,25.87,0x0000000000000001
2026-10-07_17:58:56,76,52,59,38,4800,4900,4416,4.35,23,25.78,0x0000000000000001
2026-10-07_17:59:26,76,52,59,38,4500,4800,4416,5.82,38,23.57,0x0000000000000001
2026-10-07_17:59:56,78,53,61,38,4800,4800,4391,7.58,39,23.73,0x0000000000000001
2026-10-07_18:00:27,71,51,57,38,4200,4500,4441,6.06,51,20.41,0x0000000000000001
2026-10-07_18:00:57,77,53,59,38,4800,4800,4416,5.86,24,25.40,0x0000000000000001
2026-10-07_18:01:27,70,52,56,38,4800,4900,4072,5.30,35,19.45,0x0000000000000001
2026-10-07_18:01:57,75,53,59,38,4200,4500,4416,5.05,30,25.44,0x0000000000000001
2026-10-07_18:02:27,77,53,59,38,4800,4900,4416,5.13,28,25.62,0x0000000000000001
2026-10-07_18:02:57,69,51,55,38,4200,4500,4142,7.91,36,19.47,0x0000000000000001
2026-10-07_18:03:27,77,53,59,38,4800,4900,4416,8.40,43,23.69,0x0000000000000001
2026-10-07_18:03:57,71,52,56,38,4800,4900,4331,8.21,35,19.46,0x0000000000000001
2026-10-07_18:04:28,75,52,58,38,4200,4500,4416,7.49,23,25.58,0x0000000000000001
2026-10-07_18:04:58,77,53,59,38,4800,4900,4416,6.73,23,25.84,0x0000000000000001
2026-10-07_18:05:28,70,51,55,38,4200,4500,4465,4.61,34,19.43,0x0000000000000001
2026-10-07_18:05:58,77,52,60,38,4800,4900,4418,5.92,37,23.56,0x0000000000000001
2026-10-07_18:06:28,71,52,55,38,4800,4800,4172,6.76,34,20.45,0x0000000000000001
2026-10-07_18:06:58,75,52,58,38,4200,4500,4416,5.94,24,25.83,0x0000000000000001
2026-10-07_18:07:28,77,53,59,38,4800,4800,4416,7.19,40,24.91,0x0000000000000001
2026-10-07_18:07:59,70,51,55,38,4200,4500,4421,6.07,34,19.49,0x0000000000000001
2026-10-07_18:08:29,76,52,59,38,4800,4800,4416,8.05,38,23.54,0x0000000000000001
2026-10-07_18:08:59,72,52,55,38,4800,4900,4441,9.30,19,30.90,0x0000000000000001
2026-10-07_18:09:29,75,52,57,38,4200,4500,4416,6.53,39,23.25,0x0000000000000001
2026-10-07_18:09:59,77,53,59,38,4800,4800,4197,6.89,24,24.57,0x0000000000000001
2026-10-07_18:10:29,70,52,55,38,4200,4500,3977,6.55,21,26.91,0x0000000000000001
2026-10-07_18:10:59,76,52,59,38,4800,4900,4416,6.63,41,24.95,0x0000000000000001
2026-10-07_18:11:30,73,53,55,38,4800,4900,4466,6.03,7,34.80,0x0000000000000001
2026-10-07_18:12:00,75,52,59,38,4200,4500,4424,5.15,31,25.36,0x0000000000000001
2026-10-07_18:12:30,77,53,59,38,4800,4800,4416,4.99,40,23.50,0x0000000000000001
2026-10-07_18:13:00,70,53,55,38,4200,4500,4251,3.90,6,34.54,0x0000000000000001
2026-10-07_18:13:30,76,53,59,38,4800,4900,4233,4.43,39,24.58,0x0000000000000001
2026-10-07_18:14:00,74,53,55,38,4800,4900,4225,5.21,7,34.44,0x0000000000000001
2026-10-07_18:14:30,75,52,58,38,4200,4500,4416,4.03,38,23.32,0x0000000000000001
2026-10-07_18:15:01,77,53,59,38,4800,4800,4416,3.38,40,24.32,0x0000000000000001
2026-10-07_18:15:31,71,52,55,38,4200,4500,4465,5.36,7,34.53,0x0000000000000001
2026-10-07_18:16:01,76,52,60,38,4800,4900,4416,6.46,43,23.57,0x0000000000000001
2026-10-07_18:16:31,75,53,56,38,4800,4900,4029,7.33,17,23.88,0x0000000000000001
2026-10-07_18:17:01,75,52,58,38,4200,4500,4416,7.37,38,23.34,0x0000000000000001
2026-10-07_18:17:31,77,53,59,38,4800,4800,4416,6.38,38,23.67,0x0000000000000001
2026-10-07_18:18:01,72,53,54,38,4300,4500,4327,4.76,6,32.24,0x0000000000000001
2026-10-07_18:18:32,76,53,59,38,4800,4900,4416,6.55,28,24.43,0x0000000000000001
2026-10-07_18:19:02,75,52,57,38,4800,4800,4248,4.97,36,19.30,0x0000000000000001
2026-10-07_18:19:32,75,52,57,38,4200,4500,4416,5.57,28,24.65,0x0000000000000001
2026-10-07_18:20:02,77,53,58,38,4800,4900,4416,5.86,22,25.01,0x0000000000000001
2026-10-07_18:20:32,72,52,55,38,4400,4500,4417,4.34,35,20.93,0x0000000000000001
2026-10-07_18:21:02,76,53,58,38,4800,4800,4416,4.42,26,25.42,0x0000000000000001
2026-10-07_18:21:32,75,52,57,38,4800,4800,4441,5.30,34,19.59,0x0000000000000001
2026-10-07_18:22:03,75,51,57,38,4200,4500,4416,3.97,38,23.29,0x0000000000000001
2026-10-07_18:22:33,77,52,59,38,4800,4800,4416,3.81,44,23.73,0x0000000000000001
2026-10-07_18:23:03,74,51,55,38,4500,4500,4473,3.20,35,19.24,0x0000000000000001
2026-10-07_18:23:33,75,52,59,38,4200,4600,4305,4.41,49,25.35,0x0000000000000001
2026-10-07_18:24:03,75,52,56,38,4800,4800,4361,4.49,35,19.55,0x0000000000000001
2026-10-07_18:24:33,74,52,58,38,4200,4500,4438,4.23,26,25.11,0x0000000000000001
2026-10-07_18:25:03,76,52,59,38,4800,4800,4360,7.22,40,23.61,0x0000000000000001
2026-10-07_18:25:33,71,51,57,38,4400,4500,3140,4.91,20,18.49,0x0000000000000001
2026-10-07_18:26:04,75,52,58,38,4200,4500,4429,4.04,40,24.67,0x0000000000000001
2026-10-07_18:26:34,76,52,57,38,4800,4800,4443,6.92,20,23.57,0x0000000000000001
2026-10-07_18:27:04,74,51,57,38,4200,4500,4437,7.58,28,23.44,0x0000000000000001
2026-10-07_18:27:34,76,53,58,38,4500,4800,4416,8.77,30,26.19,0x0000000000000001
2026-10-07_18:28:04,69,51,53,38,4500,4500,4491,8.80,33,18.44,0x0000000000000001
2026-10-07_18:28:34,74,52,58,38,4200,4500,4416,7.30,27,26.01,0x0000000000000001
2026-10-07_18:29:04,76,52,60,38,4800,4800,4416,7.34,30,26.08,0x0000000000000001
2026-10-07_18:29:35,72,51,56,38,4200,4500,4177,5.64,30,22.35,0x0000000000000001
2026-10-07_18:30:05,76,52,58,38,4300,4600,4416,7.05,47,25.71,0x0000000000000001
2026-10-07_18:30:35,71,51,54,38,4600,4700,4466,5.95,14,20.72,0x0000000000000001
2026-10-07_18:31:05,74,52,58,38,4200,4500,4394,5.61,29,25.92,0x0000000000000001
2026-10-07_18:31:35,76,53,59,38,4800,4800,4415,4.57,26,25.96,0x0000000000000001
2026-10-07_18:32:05,70,51,56,38,4200,4500,4441,4.78,38,30.91,0x0000000000000001
2026-10-07_18:32:35,76,52,58,38,4600,4800,4419,4.17,24,24.09,0x0000000000000001
2026-10-07_18:33:06,70,51,54,38,4600,4700,4028,3.80,29,19.05,0x0000000000000001
2026-10-07_18:33:36,75,51,58,38,4200,4500,4441,3.89,39,23.36,0x0000000000000001
2026-10-07_18:34:06,76,52,58,38,4800,4800,4306,5.87,38,23.52,0x0000000000000001
2026-10-07_18:34:36,70,50,55,38,4200,4500,4441,4.38,40,22.46,0x0000000000000001
2026-10-07_18:35:06,76,52,58,38,4600,4800,4416,4.93,38,23.55,0x0000000000000001
2026-10-07_18:35:36,69,51,54,38,4800,4800,4346,3.79,35,19.32,0x0000000000000001
2026-10-07_18:36:06,74,51,57,38,4200,4500,4416,5.17,45,24.88,0x0000000000000001
2026-10-07_18:36:37,76,52,59,38,4800,4800,4416,5.64,29,26.13,0x0000000000000001
2026-10-07_18:37:07,68,50,55,38,4200,4500,4441,5.99,31,19.13,0x0000000000000001
2026-10-07_18:37:37,76,52,59,38,4200,4500,4440,6.74,23,24.82,0x0000000000000001
2026-10-07_18:38:07,70,51,55,38,4800,4800,4269,6.65,36,19.42,0x0000000000000001
2026-10-07_18:38:37,74,51,57,38,4200,4500,4435,4.74,39,23.35,0x0000000000000001
2026-10-07_18:39:07,77,52,59,38,4800,4800,4416,9.83,23,25.84,0x0000000000000001
2026-10-07_18:39:37,68,50,54,38,4200,4500,4428,7.44,34,19.27,0x0000000000000001
2026-10-07_18:40:08,76,52,59,38,4200,4500,4416,7.28,28,25.23,0x0000000000000001
2026-10-07_18:40:38,70,51,54,38,4800,4800,4466,9.27,36,20.09,0x0000000000000001
2026-10-07_18:41:08,74,51,58,38,4200,4500,4416,8.49,30,25.76,0x0000000000000001
2026-10-07_18:41:38,77,52,58,38,4800,4800,4435,6.75,29,25.40,0x0000000000000001
2026-10-07_18:42:08,68,50,54,38,4200,4500,4226,4.67,34,19.56,0x0000000000000001
2026-10-07_18:42:38,75,52,59,38,4200,4500,4416,5.24,48,25.40,0x0000000000000001
2026-10-07_18:43:08,71,51,54,38,4800,4800,4042,4.35,20,27.49,0x0000000000000001
2026-10-07_18:43:39,74,51,57,38,4200,4500,4416,6.26,42,25.19,0x0000000000000001
2026-10-07_18:44:09,76,52,58,38,4800,4800,4415,6.40,27,25.89,0x0000000000000001
2026-10-07_18:44:39,69,51,54,38,4200,4500,4222,6.12,21,22.45,0x0000000000000001
2026-10-07_18:45:09,76,52,58,38,4200,4500,4416,6.93,31,25.45,0x0000000000000001
2026-10-07_18:45:39,71,52,54,38,4800,4800,4165,5.47,20,31.74,0x0000000000000001
2026-10-07_18:46:09,74,51,57,38,4200,4500,4431,4.39,22,25.43,0x0000000000000001
2026-10-07_18:46:39,76,52,59,38,4800,4800,4416,4.33,26,25.39,0x0000000000000001
2026-10-07_18:47:10,70,52,54,38,4200,4500,4463,4.83,7,34.42,0x0000000000000001
2026-10-07_18:47:40,76,52,59,38,4500,4800,4416,5.31,38,23.53,0x0000000000000001
2026-10-07_18:48:10,72,52,55,38,4800,4800,4195,4.26,7,34.51,0x0000000000000001
2026-10-07_18:48:40,74,51,57,38,4200,4500,4422,5.58,43,23.19,0x0000000000000001
2026-10-07_18:49:10,77,52,59,38,4800,4800,4416,4.32,26,24.46,0x0000000000000001
2026-10-07_18:49:40,71,52,54,38,4200,4500,4180,4.90,6,34.39,0x0000000000000001
2026-10-07_18:50:10,76,52,59,38,4200,4500,4416,6.00,39,23.51,0x0000000000000001
2026-10-07_18:50:41,73,53,55,38,4800,4800,4403,7.50,6,34.56,0x0000000000000001
2026-10-07_18:51:11,74,51,57,38,4200,4500,4432,5.98,28,24.61,0x0000000000000001
2026-10-07_18:51:41,77,53,58,38,4800,4800,4380,5.74,29,25.46,0x0000000000000001
2026-10-07_18:52:11,71,52,55,38,4200,4500,4466,6.26,7,34.45,0x0000000000000001
2026-10-07_18:52:41,76,52,58,38,4200,4500,4404,7.17,24,25.73,0x0000000000000001
2026-10-07_18:53:11,73,53,55,38,4800,4800,4149,7.45,8,28.17,0x0000000000000001
2026-10-07_18:53:41,74,52,57,38,4200,4500,4416,6.67,23,25.51,0x0000000000000001
2026-10-07_18:54:11,77,52,58,38,4800,4800,4416,6.96,37,23.61,0x0000000000000001
2026-10-07_18:54:42,72,52,55,38,4200,4500,4441,5.57,12,22.12,0x0000000000000001
2026-10-07_18:55:12,75,52,59,38,4200,4500,4416,7.17,24,25.69,0x0000000000000001
2026-10-07_18:55:42,75,52,55,38,4800,4800,4311,7.75,35,19.23,0x0000000000000001
2026-10-07_18:56:12,74,51,57,38,4200,4500,4416,7.43,30,25.35,0x0000000000000001
2026-10-07_18:56:42,76,53,59,38,4800,4800,4416,9.17,28,25.53,0x0000000000000001
2026-10-07_18:57:12,73,51,55,38,4300,4500,4466,7.73,36,18.91,0x0000000000000001
2026-10-07_18:57:42,75,52,58,38,4200,4500,4416,8.04,30,25.45,0x0000000000000001
2026-10-07_18:58:13,75,52,56,38,4800,4800,4441,7.54,39,19.54,0x0000000000000001
2026-10-07_18:58:43,75,52,57,38,4200,4500,4416,7.69,26,25.51,0x0000000000000001
2026-10-07_18:59:13,72,53,56,38,4200,4500,4192,7.53,7,34.69,0x0000000000000001
2026-10-07_18:59:43,73,52,56,38,4800,4800,4466,5.18,22,19.64,0x0000000000000001
2026-10-07_19:00:13,76,52,59,38,4600,4800,4416,5.74,21,24.58,0x0000000000000001
2026-10-07_19:00:43,75,52,58,38,4200,4500,4416,4.82,25,24.89,0x0000000000000001
2026-10-07_19:01:13,75,51,58,38,4300,4500,4416,3.57,48,22.58,0x0000000000000001
2026-10-07_19:01:44,72,53,55,38,4800,4800,4066,4.22,7,34.29,0x0000000000000001
2026-10-07_19:02:14,74,52,57,38,4800,4800,4136,5.40,23,19.77,0x0000000000000001
2026-10-07_19:02:44,76,52,59,38,4500,4800,4311,6.05,31,25.41,0x0000000000000001
2026-10-07_19:03:14,75,52,58,38,4200,4500,4416,5.19,32,25.77,0x0000000000000001
2026-10-07_19:03:44,72,51,57,38,4500,4500,4416,5.91,42,24.90,0x0000000000000001
2026-10-07_19:04:14,73,52,56,38,4800,4800,3972,6.33,33,19.93,0x0000000000000001
2026-10-07_19:04:44,75,52,57,38,4800,4800,4141,5.93,10,24.61,0x0000000000000001
2026-10-07_19:05:14,76,53,59,38,4400,4700,4405,4.00,30,25.98,0x0000000000000001
2026-10-07_19:05:45,75,52,58,38,4200,4500,4416,4.13,40,23.39,0x0000000000000001
2026-10-07_19:06:15,71,51,56,38,4500,4600,4391,4.35,39,22.46,0x0000000000000001
2026-10-07_19:06:45,74,51,56,38,4800,4800,4466,7.18,24,19.25,0x0000000000000001
2026-10-07_19:07:15,75,52,59,38,4600,4800,4416,6.71,39,23.32,0x0000000000000001
2026-10-07_19:07:45,75,52,58,38,4300,4600,4416,7.37,30,25.97,0x0000000000000001
2026-10-07_19:08:15,75,51,57,38,4200,4500,4441,5.48,24,25.31,0x0000000000000001
2026-10-07_19:08:45,70,51,55,38,4600,4600,4439,5.50,37,19.67,0x0000000000000001
2026-10-07_19:09:16,74,52,56,38,4800,4800,4441,6.64,33,22.71,0x0000000000000001
2026-10-07_19:09:46,75,52,58,38,4500,4800,4416,7.80,38,23.26,0x0000000000000001
2026-10-07_19:10:16,75,52,58,38,4200,4500,4362,6.79,38,23.49,0x0000000000000001
2026-10-07_19:10:46,74,51,57,38,4300,4500,4416,5.67,40,22.55,0x0000000000000001
2026-10-07_19:11:16,69,51,55,38,4600,4800,4227,7.47,35,19.40,0x0000000000000001
2026-10-07_19:11:46,74,52,56,38,4800,4800,4107,8.22,21,20.42,0x0000000000000001
2026-10-07_19:12:16,75,52,58,38,4500,4800,4395,7.10,30,25.41,0x0000000000000001
2026-10-07_19:12:47,76,52,58,38,4200,4500,4416,5.39,26,25.28,0x0000000000000001
2026-10-07_19:13:17,72,52,57,38,4400,4500,4403,4.95,37,29.86,0x0000000000000001
2026-10-07_19:13:47,70,52,55,38,4800,4800,4466,3.66,35,19.80,0x0000000000000001
2026-10-07_19:14:17,76,52,57,38,4800,4800,4282,4.31,19,21.57,0x0000000000000001
2026-10-07_19:14:47,76,52,59,38,4500,4800,4416,4.05,39,23.38,0x0000000000000001
2026-10-07_19:15:17,76,52,58,38,4200,4500,4416,4.50,27,25.28,0x0000000000000001
2026-10-07_19:15:47,72,52,57,38,4600,4600,4188,3.49,15,33.67,0x0000000000000001
2026-10-07_19:16:18,71,52,55,38,4800,4900,4465,2.82,18,31.60,0x0000000000000001
2026-10-07_19:16:48,75,53,58,38,4800,4900,4416,7.01,26,25.88,0x0000000000000001
2026-10-07_19:17:18,76,52,58,38,4300,4600,4416,7.85,40,23.23,0x0000000000000001
2026-10-07_19:17:48,76,52,58,38,4200,4500,4186,8.33,27,25.44,0x0000000000000001
2026-10-07_19:18:18,71,51,56,38,4600,4600,4401,6.97,28,19.32,0x0000000000000001
2026-10-07_19:18:48,72,53,55,38,4800,4900,4259,5.80,6,34.67,0x0000000000000001
2026-10-07_19:19:18,76,52,59,38,4800,4800,4416,5.31,38,23.29,0x0000000000000001
2026-10-07_19:19:49,76,53,58,38,4300,4600,4335,5.69,23,25.68,0x0000000000000001
2026-10-07_19:20:19,76,52,58,38,4200,4500,4416,5.36,25,24.01,0x0000000000000001
2026-10-07_19:20:49,70,52,55,38,4600,4800,4441,3.99,35,19.35,0x0000000000000001
2026-10-07_19:21:19,73,53,56,38,4800,4900,4452,4.28,7,34.35,0x0000000000000001
2026-10-07_19:21:49,76,53,59,38,4800,4800,4371,6.40,24,24.60,0x0000000000000001
2026-10-07_19:22:19,76,53,59,38,4300,4600,4416,6.61,29,25.68,0x0000000000000001
2026-10-07_19:22:49,76,52,58,38,4200,4500,4360,6.05,31,25.59,0x0000000000000001
2026-10-07_19:23:20,71,52,55,38,4800,4900,4088,6.68,35,19.59,0x0000000000000001
2026-10-07_19:23:50,74,53,56,38,4800,4800,4261,6.44,18,21.07,0x0000000000000001
2026-10-07_19:24:20,77,53,58,38,4800,4900,4416,7.23,37,23.42,0x0000000000000001
2026-10-07_19:24:50,76,53,59,38,4200,4500,4416,7.63,25,25.93,0x0000000000000001
2026-10-07_19:25:20,76,53,59,38,4200,4500,4441,5.58,29,25.42,0x0000000000000001
2026-10-07_19:25:50,71,53,55,38,4800,4800,4207,4.70,23,22.92,0x0000000000000001
2026-10-07_19:26:20,74,52,56,38,4800,4800,4036,4.92,38,18.89,0x0000000000000001
2026-10-07_19:26:51,76,53,58,38,4800,4900,4416,4.99,23,25.93,0x0000000000000001
2026-10-07_19:27:21,76,53,59,38,4200,4500,4416,4.95,39,23.44,0x0000000000000001
2026-10-07_19:27:51,76,52,59,38,4300,4500,4415,5.29,24,25.72,0x0000000000000001
2026-10-07_19:28:21,71,54,55,38,4800,4900,4440,5.32,7,34.78,0x0000000000000001
2026-10-07_19:28:51,75,52,56,38,4800,4800,4446,5.38,22,20.00,0x0000000000000001
2026-10-07_19:29:21,77,53,59,38,4800,4900,4416,4.42,29,25.26,0x0000000000000001
2026-10-07_19:29:51,76,53,59,38,4200,4500,4416,4.24,23,24.77,0x0000000000000001
2026-10-07_19:30:22,76,52,59,38,4500,4600,4391,4.22,18,25.25,0x0000000000000001
2026-10-07_19:30:52,73,53,56,38,4800,4800,3915,3.47,40,19.39,0x0000000000000001
2026-10-07_19:31:22,75,53,57,38,4800,4800,4202,6.21,22,21.26,0x0000000000000001
2026-10-07_19:31:52,77,53,60,38,4600,4800,4416,5.16,29,25.54,0x0000000000000001
2026-10-07_19:32:22,75,52,58,38,4500,4600,4416,7.26,32,22.52,0x0000000000000001
2026-10-07_19:32:52,72,52,56,38,4500,4600,4426,6.13,40,22.63,0x0000000000000001
2026-10-07_19:33:22,75,53,56,38,4800,4900,4466,9.87,21,20.12,0x0000000000000001
2026-10-07_19:33:52,76,53,59,38,4600,4800,4352,9.15,20,23.25,0x0000000000000001
2026-10-07_19:34:23,76,53,59,38,4500,4800,4416,6.40,29,25.52,0x0000000000000001
2026-10-07_19:34:53,73,52,56,38,4500,4600,4273,4.91,38,26.89,0x0000000000000001
2026-10-07_19:35:23,71,53,57,38,4600,4800,4227,4.43,15,34.67,0x0000000000000001
2026-10-07_19:35:53,76,52,58,38,4800,4800,4441,5.77,20,20.59,0x0000000000000001
2026-10-07_19:36:23,74,52,56,38,4500,4800,4441,4.72,21,19.96,0x0000000000000001
2026-10-07_19:36:53,76,53,58,38,4300,4600,4382,6.62,27,25.03,0x0000000000000001
2026-10-07_19:37:23,72,52,56,38,4500,4600,4391,5.76,39,22.77,0x0000000000000001
2026-10-07_19:37:54,70,51,56,38,4500,4600,4392,6.39,51,20.49,0x0000000000000001
2026-10-07_19:38:24,76,53,59,38,4800,4800,4416,7.30,32,25.65,0x0000000000000001
2026-10-07_19:38:54,76,53,59,38,4500,4800,4416,7.66,26,25.73,0x0000000000000001
2026-10-07_19:39:24,76,53,59,38,4300,4600,4416,6.43,30,25.65,0x0000000000000001
2026-10-07_19:39:54,72,52,57,38,4600,4800,4432,7.58,49,20.15,0x0000000000000001
2026-10-07_19:40:24,70,52,56,38,4700,4800,4466,9.75,35,19.19,0x0000000000000001
2026-10-07_19:40:54,76,52,58,38,4800,4900,4416,9.21,37,23.53,0x0000000000000001
2026-10-07_19:41:25,76,52,59,38,4300,4600,4416,8.50,27,25.73,0x0000000000000001
2026-10-07_19:41:55,76,52,58,38,4200,4500,4416,7.63,27,24.80,0x0000000000000001
2026-10-07_19:42:25,70,51,55,38,4500,4600,4441,5.44,36,19.26,0x0000000000000001
2026-10-07_19:42:55,70,52,55,38,4800,4800,4418,4.91,34,19.46,0x0000000000000001
2026-10-07_19:43:25,76,52,59,38,4800,4900,4416,5.59,42,23.28,0x0000000000000001
2026-10-07_19:43:55,75,52,59,38,4200,4500,4436,5.04,27,25.84,0x0000000000000001
2026-10-07_19:44:25,76,52,58,38,4200,4500,4416,6.37,43,23.67,0x0000000000000001
2026-10-07_19:44:56,71,52,55,38,4800,4800,4213,6.70,35,19.83,0x0000000000000001
2026-10-07_19:45:26,71,52,55,38,4800,4800,3994,6.84,22,21.37,0x0000000000000001
2026-10-07_19:45:56,76,53,59,38,4800,4900,4416,7.58,24,24.66,0x0000000000000001
2026-10-07_19:46:26,75,52,59,38,4200,4500,4416,6.20,47,25.51,0x0000000000000001
2026-10-07_19:46:56,76,52,57,38,4200,4500,4379,5.37,29,25.78,0x0000000000000001
2026-10-07_19:47:26,72,52,56,38,4800,4800,4219,4.72,22,26.57,0x0000000000000001
2026-10-07_19:47:56,71,53,55,38,4800,4800,4128,4.97,7,34.66,0x0000000000000001
2026-10-07_19:48:27,76,52,59,38,4800,4800,4416,4.30,39,23.41,0x0000000000000001
2026-10-07_19:48:57,75,52,59,38,4200,4500,4416,5.07,24,25.76,0x0000000000000001
2026-10-07_19:49:27,75,52,58,38,4200,4500,4416,4.78,27,25.41,0x0000000000000001
2026-10-07_19:49:57,71,53,55,38,4800,4800,4466,6.38,7,34.77,0x0000000000000001
2026-10-07_19:50:27,72,53,55,38,4800,4800,4219,8.93,7,34.58,0x0000000000000001
2026-10-07_19:50:57,76,52,59,38,4800,4800,4360,9.35,21,25.75,0x0000000000000001
2026-10-07_19:51:27,75,52,57,38,4200,4500,4381,7.93,29,25.91,0x0000000000000001
2026-10-07_19:51:58,75,52,58,38,4200,4500,4416,7.04,30,25.84,0x0000000000000001
2026-10-07_19:52:28,72,53,55,38,4800,4800,4258,6.35,7,34.54,0x0000000000000001
2026-10-07_19:52:58,73,53,55,38,4800,4800,4071,5.78,7,28.67,0x0000000000000001
2026-10-07_19:53:28,76,53,59,38,4800,4800,4416,5.67,30,25.40,0x0000000000000001
2026-10-07_19:53:58,75,52,59,38,4200,4500,4421,4.03,25,25.49,0x0000000000000001
2026-10-07_19:54:28,75,52,58,38,4200,4500,4416,3.86,22,25.75,0x0000000000000001
2026-10-07_19:54:58,73,53,56,38,4800,4800,4227,5.84,8,28.94,0x0000000000000001
2026-10-07_19:55:28,73,52,56,38,4800,4800,4012,4.99,22,19.49,0x0000000000000001
2026-10-07_19:55:59,76,53,58,38,4700,4900,4283,7.67,27,26.00,0x0000000000000001
2026-10-07_19:56:29,76,52,57,38,4200,4500,4415,5.89,26,24.82,0x0000000000000001
2026-10-07_19:56:59,75,52,57,38,4300,4500,4416,6.39,25,25.86,0x0000000000000001
2026-10-07_19:57:29,74,52,56,38,4800,4800,4018,6.68,37,18.85,0x0000000000000001
2026-10-07_19:57:59,73,52,57,38,4800,4800,4416,6.93,23,19.75,0x0000000000000001
2026-10-07_19:58:29,76,53,58,38,4600,4800,4350,6.51,45,25.04,0x0000000000000001
2026-10-07_19:58:59,76,52,58,38,4300,4500,4416,7.95,25,25.70,0x0000000000000001
2026-10-07_19:59:30,75,52,58,38,4300,4500,4274,6.35,28,23.43,0x0000000000000001
2026-10-07_20:00:00,74,52,57,38,4800,4900,4140,6.77,23,19.65,0x0000000000000001
2026-10-07_20:00:30,75,53,57,38,4800,4900,4293,5.19,11,24.29,0x0000000000000001
2026-10-07_20:01:00,77,53,60,38,4600,4800,4416,5.11,38,23.45,0x0000000000000001
2026-10-07_20:01:30,76,52,58,38,4500,4500,4416,5.01,23,25.29,0x0000000000000001
2026-10-07_20:02:00,73,52,57,38,4400,4500,4415,4.10,38,22.52,0x0000000000000001
2026-10-07_20:02:30,75,52,56,38,4800,4900,4441,4.82,33,19.84,0x0000000000000001
2026-10-07_20:03:01,75,53,56,38,4800,4800,4267,6.31,10,24.34,0x0000000000000001
2026-10-07_20:03:31,77,53,59,38,4600,4800,4416,8.80,28,24.48,0x0000000000000001
2026-10-07_20:04:01,74,52,57,38,4500,4600,4415,6.36,23,25.44,0x0000000000000001
2026-10-07_20:04:31,72,53,57,38,4500,4600,4441,6.18,15,33.83,0x0000000000000001
2026-10-07_20:05:01,76,53,57,38,4800,4900,3997,6.99,17,20.15,0x0000000000000001
2026-10-07_20:05:31,76,53,59,38,4600,4800,4391,5.11,22,25.64,0x0000000000000001
2026-10-07_20:06:01,77,53,59,38,4500,4800,4415,4.96,24,25.67,0x0000000000000001
2026-10-07_20:06:31,69,51,55,38,4600,4600,4354,4.36,38,19.20,0x0000000000000001
2026-10-07_20:07:02,58,49,50,38,3600,3600,4323,2.95,8,15.50,0x0000000000000001
2026-10-07_20:07:32,66,50,54,38,3600,3600,4108,3.11,38,18.91,0x0000000000000001
2026-10-07_20:08:02,66,50,53,38,3900,3900,4404,5.45,38,18.93,0x0000000000000001
2026-10-07_20:08:32,48,47,45,38,3000,3000,2623,3.52,0,14.10,0x0000000000000001
2026-10-07_20:09:02,46,45,45,38,3000,3000,3061,2.32,0,13.90,0x0000000000000001
2026-10-07_20:09:32,45,45,45,40,0,0,3489,1.41,0,13.91,0x0000000000000001
2026-10-07_20:10:02,47,46,46,41,0,0,3268,0.85,0,14.20,0x0000000000000001
2026-10-07_20:10:33,48,47,47,42,0,0,3058,0.52,0,14.19,0x0000000000000001
2026-10-07_20:11:03,49,48,48,43,0,0,3023,0.31,0,14.19,0x0000000000000001
2026-10-07_20:11:33,49,48,48,43,0,0,2707,0.19,0,14.22,0x0000000000000001
2026-10-07_20:12:03,50,49,49,44,0,0,3085,0.18,0,14.27,0x0000000000000001
2026-10-07_20:12:33,50,49,49,45,0,0,2896,0.18,0,14.78,0x0000000000000001
2026-10-07_20:13:03,51,50,50,45,0,0,3180,0.18,0,14.40,0x0000000000000001
2026-10-07_20:13:33,51,50,50,45,0,0,2655,0.11,0,14.34,0x0000000000000001
2026-10-07_20:14:03,52,51,50,46,0,0,3288,0.06,0,14.48,0x0000000000000001
2026-10-07_20:14:34,52,51,51,46,0,0,2867,0.04,0,14.51,0x0000000000000001
2026-10-07_20:15:04,52,51,51,47,0,0,2527,0.10,0,14.91,0x0000000000000001
2026-10-07_20:15:34,53,51,52,46,0,0,3004,0.14,0,14.35,0x0000000000000001
2026-10-07_20:16:04,53,52,52,47,0,0,3473,0.08,0,14.39,0x0000000000000001
2026-10-07_20:16:34,53,52,52,47,0,0,2633,0.05,0,14.44,0x0000000000000001
2026-10-07_20:17:04,53,52,52,47,0,0,2819,0.03,0,14.46,0x0000000000000001
2026-10-07_20:17:34,53,52,52,48,0,0,3462,0.08,0,15.00,0x0000000000000001
2026-10-07_20:18:04,54,52,52,47,2400,2300,2958,0.05,0,14.51,0x0000000000000001
2026-10-07_20:18:35,50,49,48,45,3000,3000,3365,0.03,0,14.21,0x0000000000000001
2026-10-07_20:19:05,48,47,46,45,3000,3000,3313,1.06,0,14.11,0x0000000000000001
2026-10-07_20:19:35,46,45,45,44,3000,3000,3630,0.76,0,14.05,0x0000000000000001
2026-10-07_20:20:05,45,45,44,44,1600,2100,3114,0.46,0,14.51,0x0000000000000001
2026-10-07_20:20:35,47,46,45,43,0,0,2847,0.28,0,14.13,0x0000000000000001
2026-10-07_20:21:05,48,47,47,44,0,0,2940,0.17,0,14.05,0x0000000000000001
2026-10-07_20:21:35,49,48,48,44,0,0,3641,0.10,0,14.25,0x0000000000000001
2026-10-07_20:22:05,50,48,49,45,0,0,3309,0.12,0,14.34,0x0000000000000001
2026-10-07_20:22:36,50,49,49,45,0,0,2813,0.07,0,14.84,0x0000000000000001
2026-10-07_20:23:06,51,50,49,46,0,0,2794,0.10,0,14.36,0x0000000000000001
2026-10-07_20:23:36,51,50,51,46,0,0,3293,0.43,0,14.35,0x0000000000000001
2026-10-07_20:24:06,51,50,50,47,0,0,2516,0.31,0,14.48,0x0000000000000001
2026-10-07_20:24:36,52,51,51,47,0,0,3024,0.19,0,14.66,0x0000000000000001
2026-10-07_20:25:06,81,51,58,48,2500,2400,3552,0.25,0,14.90,0x0000000000000001
2026-10-07_20:25:36,66,49,48,44,4200,4500,2919,0.46,0,14.40,0x0000000000000001
2026-10-07_20:26:06,47,46,45,43,3000,3000,2846,0.28,0,14.01,0x0000000000000001
2026-10-07_20:26:37,45,45,44,42,2700,2700,2931,0.22,0,13.93,0x0000000000000001
2026-10-07_20:27:07,46,46,45,42,0,0,3440,0.19,0,14.16,0x0000000000000001
2026-10-07_20:27:37,48,47,46,43,0,0,2956,0.11,0,14.57,0x0000000000000001
2026-10-07_20:28:07,49,48,47,44,0,0,2668,0.07,0,14.11,0x0000000000000001
2026-10-07_20:28:37,48,46,46,43,3000,3000,2470,0.12,0,14.09,0x0000000000000001
2026-10-07_20:29:07,46,45,44,42,3000,3000,2704,0.21,0,14.04,0x0000000000000001
2026-10-07_20:29:37,46,45,45,42,0,0,2860,0.35,0,14.16,0x0000000000000001
