time,cpu_tctl_c,gpu_c,igpu_c,nvme_max_c,cpu_fan_rpm,gpu_fan_rpm,cpu_mhz_avg,load1,gpu_util,gpu_w,gpu_throttle
2026-10-05_19:12:10,79,59,63,42,5000,5200,4291,6.54,29,30.42,0x0000000000000001
2026-10-05_19:12:40,81,60,65,42,5000,5300,4271,8.64,31,29.86,0x0000000000000001
2026-10-05_19:13:11,82,61,66,42,5000,5300,4266,7.87,36,31.47,0x0000000000000001
2026-10-05_19:13:41,82,61,66,42,5000,5300,4266,8.60,37,29.53,0x0000000000000001
2026-10-05_19:14:11,82,61,66,42,5000,5300,4263,10.80,30,30.73,0x0000000000000001
2026-10-05_19:14:41,78,60,64,42,5000,5300,4279,7.63,29,28.57,0x0000000000000001
2026-10-05_19:15:11,80,60,64,42,5000,5300,4266,8.09,30,29.38,0x0000000000000001
2026-10-05_19:15:41,82,61,65,42,5000,5300,4266,8.13,28,33.88,0x0000000000000001
2026-10-05_19:16:11,83,61,66,42,5000,5300,4184,8.86,37,29.33,0x0000000000000001
2026-10-05_19:16:42,83,62,66,42,5000,5300,4241,7.96,36,29.43,0x0000000000000001
2026-10-05_19:17:12,83,62,66,42,5000,5300,4241,8.43,36,31.93,0x0000000000000001
2026-10-05_19:17:42,81,61,66,42,5000,5300,4266,7.00,39,29.74,0x0000000000000001
2026-10-05_19:18:12,80,60,65,42,5000,5300,4288,6.00,28,30.07,0x0000000000000001
2026-10-05_19:18:42,82,61,66,42,5000,5300,4266,6.74,40,29.47,0x0000000000000001
2026-10-05_19:19:12,83,62,66,42,5000,5300,4241,6.82,26,31.14,0x0000000000000001
2026-10-05_19:19:43,83,62,67,42,5000,5300,4261,8.96,31,32.19,0x0000000000000001
2026-10-05_19:20:13,83,62,66,42,5000,5300,4241,7.74,35,29.60,0x0000000000000001
2026-10-05_19:20:43,80,60,62,42,5000,5300,4366,5.96,26,22.27,0x0000000000000001
2026-10-05_19:21:13,81,60,65,42,5000,5300,4281,7.47,32,29.30,0x0000000000000001
2026-10-05_19:21:43,82,61,66,42,5000,5300,4103,8.69,36,29.41,0x0000000000000001
2026-10-05_19:22:13,82,61,66,42,5000,5300,4244,11.00,38,29.41,0x0000000000000001
2026-10-05_19:22:43,82,61,67,42,5000,5300,4285,11.83,38,29.50,0x0000000000000001
2026-10-05_19:23:14,82,61,67,42,5000,5300,4266,11.25,37,29.40,0x0000000000000001
2026-10-05_19:23:44,82,61,63,42,5000,5300,4341,9.71,15,24.43,0x0000000000000001
2026-10-05_19:24:14,81,61,65,42,5000,5300,4076,7.16,33,30.43,0x0000000000000001
2026-10-05_19:24:44,82,61,67,42,5000,5300,4240,8.26,36,29.35,0x0000000000000001
2026-10-05_19:25:14,82,61,66,42,5000,5300,4266,8.66,38,29.47,0x0000000000000001
2026-10-05_19:25:44,82,61,66,42,5000,5300,4266,11.52,39,29.56,0x0000000000000001
2026-10-05_19:26:14,81,60,62,42,5000,5300,4341,10.72,31,21.91,0x0000000000000001
2026-10-05_19:26:45,77,59,61,43,5000,5300,4186,6.89,26,22.31,0x0000000000000001
2026-10-05_19:27:15,81,60,65,42,5000,5300,4266,9.91,34,29.02,0x0000000000000001
2026-10-05_19:27:45,82,61,65,42,5000,5300,4265,9.77,35,32.58,0x0000000000000001
2026-10-05_19:28:15,83,61,66,42,5000,5300,4250,9.91,36,29.51,0x0000000000000001
2026-10-05_19:28:45,83,62,66,42,5000,5300,4241,12.45,29,33.25,0x0000000000000001
2026-10-05_19:29:15,79,61,63,42,5000,5300,4225,8.67,27,22.77,0x0000000000000001
2026-10-05_19:29:45,77,60,64,42,5000,5300,4155,6.25,27,28.12,0x0000000000000001
2026-10-05_19:30:16,81,61,65,42,5000,5300,4266,6.31,27,33.58,0x0000000000000001
2026-10-05_19:30:46,82,61,66,42,5000,5300,4241,5.52,38,31.49,0x0000000000000001
2026-10-05_19:31:16,83,62,67,42,5000,5300,4266,7.15,38,29.44,0x0000000000000001
2026-10-05_19:31:46,83,62,68,42,5000,5300,4258,7.59,34,30.25,0x0000000000000001
2026-10-05_19:32:16,79,61,65,43,5000,5300,4316,8.50,30,27.67,0x0000000000000001
2026-10-05_19:32:46,80,60,64,43,5000,5300,4266,6.71,31,29.10,0x0000000000000001
2026-10-05_19:33:16,81,61,66,42,5000,5300,4266,11.84,33,29.75,0x0000000000000001
2026-10-05_19:33:47,82,62,66,42,5000,5300,4266,10.37,27,33.56,0x0000000000000001
2026-10-05_19:34:17,83,62,66,43,5000,5300,4266,8.89,32,29.75,0x0000000000000001
2026-10-05_19:34:47,83,62,66,43,5000,5300,4266,10.32,39,29.57,0x0000000000000001
2026-10-05_19:35:17,81,61,64,43,5000,5300,4266,8.95,31,29.45,0x0000000000000001
2026-10-05_19:35:47,80,60,64,43,5000,5300,4288,7.56,35,28.82,0x0000000000000001
2026-10-05_19:36:17,82,61,65,43,5000,5300,4263,7.71,36,29.31,0x0000000000000001
2026-10-05_19:36:47,82,61,66,43,5000,5300,4264,7.18,36,30.67,0x0000000000000001
2026-10-05_19:37:18,82,61,66,43,5000,5300,4241,7.71,36,29.44,0x0000000000000001
2026-10-05_19:37:48,82,62,66,43,5000,5300,4241,8.38,36,31.86,0x0000000000000001
2026-10-05_19:38:18,80,60,64,43,5000,5300,4266,10.22,38,29.25,0x0000000000000001
2026-10-05_19:38:48,80,60,63,43,5000,5300,4266,7.36,28,31.44,0x0000000000000001
2026-10-05_19:39:18,82,61,65,42,5000,5300,4266,9.63,29,33.71,0x0000000000000001
2026-10-05_19:39:48,82,61,65,42,5000,5300,4254,8.16,36,30.34,0x0000000000000001
2026-10-05_19:40:18,82,61,66,42,5000,5300,4266,8.27,38,29.42,0x0000000000000001
2026-10-05_19:40:49,82,61,66,42,5000,5200,4241,9.41,30,32.21,0x0000000000000001
2026-10-05_19:41:19,79,59,61,42,5000,5300,4391,9.37,40,21.16,0x0000000000000001
2026-10-05_19:41:49,80,60,64,42,5000,5200,4266,7.69,35,32.43,0x0000000000000001
2026-10-05_19:42:19,81,60,66,42,5000,5200,4266,8.53,36,29.22,0x0000000000000001
2026-10-05_19:42:49,82,61,65,42,5000,5200,4266,10.68,37,29.31,0x0000000000000001
2026-10-05_19:43:19,82,61,66,42,5000,5200,4266,11.06,27,32.88,0x0000000000000001
2026-10-05_19:43:50,81,60,64,42,5000,5300,4250,11.11,25,23.41,0x0000000000000001
2026-10-05_19:44:20,76,59,61,42,5000,5300,4141,7.35,24,29.89,0x0000000000000001
2026-10-05_19:44:50,80,59,64,42,5000,5300,3995,9.59,34,29.26,0x0000000000000001
2026-10-05_19:45:20,81,60,65,42,5000,5300,4266,8.21,51,28.90,0x0000000000000001
2026-10-05_19:45:50,81,60,65,42,5000,5200,4266,7.94,36,29.33,0x0000000000000001
2026-10-05_19:46:20,82,61,65,42,5000,5200,4266,8.76,31,29.97,0x0000000000000001
2026-10-05_19:46:50,78,60,63,42,5000,5200,4067,7.60,15,33.34,0x0000000000000001
2026-10-05_19:47:21,76,58,61,42,4900,5300,4322,6.35,33,24.82,0x0000000000000001
2026-10-05_19:47:51,80,59,64,42,4900,5200,4266,6.44,32,31.55,0x0000000000000001
2026-10-05_19:48:21,81,60,65,42,5000,5300,4288,7.20,37,29.27,0x0000000000000001
2026-10-05_19:48:51,81,60,65,42,5000,5200,4278,7.68,35,31.56,0x0000000000000001
2026-10-05_19:49:21,82,60,65,42,5000,5200,4266,10.43,53,29.34,0x0000000000000001
2026-10-05_19:49:51,77,59,63,42,4900,5200,4341,7.18,31,24.93,0x0000000000000001
2026-10-05_19:50:21,79,58,62,42,5000,5200,4316,5.26,29,29.12,0x0000000000000001
2026-10-05_19:50:52,80,60,64,42,4900,5200,4291,8.00,29,29.38,0x0000000000000001
2026-10-05_19:51:22,81,60,65,42,4900,5200,4266,8.50,38,29.32,0x0000000000000001
2026-10-05_19:51:52,81,60,64,42,4900,5200,4266,12.07,30,30.92,0x0000000000000001
2026-10-05_19:52:22,82,60,65,42,4900,5300,4266,9.49,39,29.39,0x0000000000000001
2026-10-05_19:52:52,79,59,63,42,4900,5200,4255,7.91,30,28.61,0x0000000000000001
2026-10-05_19:53:22,78,59,63,42,4900,5200,4291,7.23,37,28.85,0x0000000000000001
2026-10-05_19:53:52,81,59,64,42,4900,5200,4291,10.91,29,28.31,0x0000000000000001
2026-10-05_19:54:23,81,60,65,41,4900,5200,4266,9.99,48,28.59,0x0000000000000001
2026-10-05_19:54:53,81,60,65,41,4900,5200,4277,10.20,29,29.03,0x0000000000000001
2026-10-05_19:55:23,81,60,65,41,5000,5200,4266,8.72,30,29.11,0x0000000000000001
2026-10-05_19:55:53,77,60,61,41,4900,5200,4251,7.20,11,34.83,0x0000000000000001
2026-10-05_19:56:23,78,58,63,41,4900,5200,4294,7.00,28,28.92,0x0000000000000001
2026-10-05_19:56:53,80,59,65,41,4900,5200,4282,5.23,36,29.65,0x0000000000000001
2026-10-05_19:57:24,81,60,64,41,4900,5200,4291,5.93,29,32.94,0x0000000000000001
2026-10-05_19:57:54,81,60,64,41,4900,5200,4266,4.91,35,29.10,0x0000000000000001
2026-10-05_19:58:24,81,60,65,41,4900,5200,4068,6.90,30,32.90,0x0000000000000001
2026-10-05_19:58:54,73,59,58,41,4900,5200,4262,7.38,0,34.47,0x0000000000000001
2026-10-05_19:59:24,79,59,63,41,4900,5200,4292,7.29,26,32.14,0x0000000000000001
2026-10-05_19:59:54,81,59,64,41,4900,5200,4274,8.92,36,29.44,0x0000000000000001
2026-10-05_20:00:24,81,60,64,41,4900,5200,4288,6.66,37,32.14,0x0000000000000001
2026-10-05_20:00:54,81,60,66,41,4900,5200,4269,6.26,31,33.30,0x0000000000000001
2026-10-05_20:01:25,81,60,65,41,4900,5200,4291,5.88,36,30.25,0x0000000000000001
2026-10-05_20:01:55,75,58,60,41,4900,5200,4291,4.96,11,34.24,0x0000000000000001
2026-10-05_20:02:25,79,58,63,41,4900,5200,4291,4.15,33,29.03,0x0000000000000001
2026-10-05_20:02:55,81,59,64,41,4900,5200,4266,4.34,29,29.83,0x0000000000000001
2026-10-05_20:03:25,81,60,64,41,4900,5200,4291,4.69,30,29.39,0x0000000000000001
2026-10-05_20:03:55,81,60,66,41,4900,5200,4266,6.64,28,33.19,0x0000000000000001
2026-10-05_20:04:26,81,60,65,41,4900,5200,4281,8.72,35,29.18,0x0000000000000001
2026-10-05_20:04:56,75,57,60,41,4900,5200,4358,6.36,46,21.88,0x0000000000000001
2026-10-05_20:05:26,79,58,63,41,4900,5200,4296,6.45,28,29.58,0x0000000000000001
2026-10-05_20:05:56,81,59,64,41,4900,5200,4286,7.12,32,29.19,0x0000000000000001
2026-10-05_20:06:26,81,59,64,41,4900,5200,4266,5.41,40,29.29,0x0000000000000001
2026-10-05_20:06:56,80,60,64,41,4900,5200,4266,6.83,37,29.16,0x0000000000000001
2026-10-05_20:07:26,80,60,65,41,4900,5200,4266,7.19,39,29.50,0x0000000000000001
2026-10-05_20:07:57,78,58,61,41,4900,5200,4291,6.87,30,29.04,0x0000000000000001
2026-10-05_20:08:27,79,59,64,41,4900,5200,4291,8.48,28,32.35,0x0000000000000001
2026-10-05_20:08:57,81,59,64,41,4900,5200,4266,8.46,35,29.36,0x0000000000000001
2026-10-05_20:09:27,81,60,64,41,4900,5200,4266,12.04,28,31.99,0x0000000000000001
2026-10-05_20:09:57,83,60,65,41,4900,5200,4266,10.64,38,29.03,0x0000000000000001
2026-10-05_20:10:27,79,60,62,41,4900,5200,4366,7.45,11,34.83,0x0000000000000001
2026-10-05_20:10:57,78,58,63,41,4900,5200,4291,5.36,28,29.78,0x0000000000000001
2026-10-05_20:11:28,80,59,63,41,4900,5200,4291,6.95,29,30.01,0x0000000000000001
2026-10-05_20:11:58,81,60,64,41,4900,5200,4266,6.83,30,31.27,0x0000000000000001
2026-10-05_20:12:28,81,60,65,41,4900,5200,4291,7.89,51,28.93,0x0000000000000001
2026-10-05_20:12:58,81,60,65,41,4900,5200,4266,8.92,34,31.76,0x0000000000000001
2026-10-05_20:13:28,76,58,61,41,4900,5200,4132,6.79,32,22.24,0x0000000000000001
2026-10-05_20:13:58,78,58,62,41,4900,5200,4316,6.38,27,32.32,0x0000000000000001
2026-10-05_20:14:28,80,59,64,41,4900,5200,4291,5.40,36,29.00,0x0000000000000001
2026-10-05_20:14:59,80,59,65,41,4900,5200,4288,6.08,35,29.56,0x0000000000000001
2026-10-05_20:15:29,81,59,64,41,4900,5200,4266,4.90,50,29.18,0x0000000000000001
2026-10-05_20:15:59,80,59,63,41,4900,5200,4269,4.17,40,29.18,0x0000000000000001
2026-10-05_20:16:29,77,57,60,41,4900,5200,4212,3.44,28,21.99,0x0000000000000001
2026-10-05_20:16:59,78,58,63,41,4800,4900,4291,3.65,28,30.55,0x0000000000000001
2026-10-05_20:17:29,80,59,64,41,4900,5200,4291,3.75,29,30.41,0x0000000000000001
2026-10-05_20:17:59,83,60,65,41,4900,5200,4266,5.48,31,30.58,0x0000000000000001
2026-10-05_20:18:30,83,60,66,41,4900,5200,4266,7.57,35,29.36,0x0000000000000001
2026-10-05_20:19:00,83,60,66,41,4900,5200,4266,7.01,27,33.20,0x0000000000000001
2026-10-05_20:19:30,75,57,60,41,4900,5200,4304,5.91,45,22.01,0x0000000000000001
2026-10-05_20:20:00,79,58,63,41,4900,5200,4258,6.89,39,29.04,0x0000000000000001
2026-10-05_20:20:30,80,59,64,41,4900,5200,4266,8.69,38,29.24,0x0000000000000001
2026-10-05_20:21:00,80,59,64,41,4900,5200,4291,10.53,36,29.24,0x0000000000000001
2026-10-05_20:21:31,80,59,64,41,4900,5200,4266,8.17,39,29.24,0x0000000000000001
2026-10-05_20:22:01,79,59,62,41,4900,5200,4366,8.25,14,26.46,0x0000000000000001
2026-10-05_20:22:31,77,57,61,41,4900,5200,4316,7.20,50,27.93,0x0000000000000001
2026-10-05_20:23:01,79,58,63,41,4900,5200,4306,9.43,34,29.56,0x0000000000000001
2026-10-05_20:23:31,80,59,64,41,4900,5200,4291,8.14,30,31.39,0x0000000000000001
2026-10-05_20:24:01,80,59,65,41,4900,5200,4266,7.78,29,33.33,0x0000000000000001
2026-10-05_20:24:31,80,60,64,41,4900,5200,4291,8.00,53,29.30,0x0000000000000001
2026-10-05_20:25:02,78,59,61,40,4900,5200,4092,7.41,11,34.74,0x0000000000000001
2026-10-05_20:25:32,78,58,61,41,4900,5200,4237,10.02,32,28.90,0x0000000000000001
2026-10-05_20:26:02,80,58,63,41,4900,5200,4062,8.72,52,29.49,0x0000000000000001
2026-10-05_20:26:32,80,59,64,40,4900,5200,4291,8.90,32,29.26,0x0000000000000001
2026-10-05_20:27:02,81,59,64,40,4900,5200,4274,10.83,30,29.71,0x0000000000000001
2026-10-05_20:27:32,81,59,65,40,4900,5200,4266,9.29,34,29.78,0x0000000000000001
2026-10-05_20:28:02,73,57,58,41,4900,5200,3879,7.21,1,16.13,0x0000000000000001
2026-10-05_20:28:32,78,58,63,41,4800,4900,4297,7.39,29,30.51,0x0000000000000001
2026-10-05_20:29:03,80,59,63,41,4900,5200,4291,9.38,30,32.72,0x0000000000000001
2026-10-05_20:29:33,80,59,63,41,4900,5200,4266,7.96,29,30.27,0x0000000000000001
2026-10-05_20:30:03,80,59,64,40,4900,5200,4270,9.11,35,30.94,0x0000000000000001
2026-10-05_20:30:33,80,59,64,40,4900,5200,4291,8.64,30,29.35,0x0000000000000001
2026-10-05_20:31:03,76,58,60,40,4900,5200,4366,6.96,4,32.79,0x0000000000000001
2026-10-05_20:31:33,78,58,63,41,4900,5100,4316,8.38,29,29.21,0x0000000000000001
2026-10-05_20:32:03,80,59,63,41,4900,5200,4266,7.96,36,29.42,0x0000000000000001
2026-10-05_20:32:34,80,60,64,41,4900,5200,4266,9.25,32,32.64,0x0000000000000001
2026-10-05_20:33:04,81,60,64,41,4900,5200,4266,6.95,36,30.25,0x0000000000000001
2026-10-05_20:33:34,81,60,64,41,4900,5200,4266,8.26,28,33.28,0x0000000000000001
2026-10-05_20:34:04,74,57,59,41,4900,5200,4391,6.69,30,21.78,0x0000000000000001
2026-10-05_20:34:34,79,58,62,40,4900,5200,4291,8.90,34,29.10,0x0000000000000001
2026-10-05_20:35:04,80,59,64,40,4900,5200,4291,8.33,37,29.23,0x0000000000000001
2026-10-05_20:35:35,80,59,63,40,4900,5200,4227,7.20,38,29.12,0x0000000000000001
2026-10-05_20:36:05,80,59,64,40,4900,5200,4266,9.37,36,29.25,0x0000000000000001
2026-10-05_20:36:35,79,58,61,40,4900,5200,4366,9.32,25,22.35,0x0000000000000001
2026-10-05_20:37:05,73,56,59,40,4900,5200,4061,6.99,29,22.02,0x0000000000000001
2026-10-05_20:37:35,79,58,63,40,4900,5200,4299,6.13,35,28.77,0x0000000000000001
2026-10-05_20:38:05,80,59,63,41,4900,5200,4291,7.30,38,30.18,0x0000000000000001
2026-10-05_20:38:35,81,59,63,41,4900,5200,4291,8.59,49,28.88,0x0000000000000001
2026-10-05_20:39:06,81,59,64,40,4900,5200,4005,9.05,34,29.40,0x0000000000000001
2026-10-05_20:39:36,77,59,60,40,4900,5200,4285,8.05,11,34.64,0x0000000000000001
2026-10-05_20:40:06,78,57,62,40,4800,5100,4351,5.99,33,27.83,0x0000000000000001
2026-10-05_20:40:36,79,59,63,40,4900,5200,4291,5.80,39,29.06,0x0000000000000001
2026-10-05_20:41:06,80,59,65,40,4900,5200,4291,6.17,28,32.98,0x0000000000000001
2026-10-05_20:41:36,81,59,64,40,4900,5200,4272,6.74,36,30.09,0x0000000000000001
2026-10-05_20:42:06,81,60,64,41,4900,5200,4291,9.82,28,33.82,0x0000000000000001
2026-10-05_20:42:37,75,58,61,41,4900,5200,4063,7.83,28,22.39,0x0000000000000001
2026-10-05_20:43:07,76,58,60,41,4900,5200,4304,7.63,11,34.35,0x0000000000000001
2026-10-05_20:43:37,79,58,63,41,4900,5200,4291,7.37,35,31.75,0x0000000000000001
2026-10-05_20:44:07,80,59,63,40,4900,5200,4266,7.01,36,30.72,0x0000000000000001
2026-10-05_20:44:37,80,59,64,40,4900,5200,4291,6.29,29,33.94,0x0000000000000001
2026-10-05_20:45:07,80,59,65,41,4900,5200,4291,7.13,36,30.46,0x0000000000000001
2026-10-05_20:45:37,79,58,64,40,4900,5200,4316,10.12,24,27.85,0x0000000000000001
2026-10-05_20:46:08,74,57,59,40,4900,5200,4391,7.99,42,22.12,0x0000000000000001
2026-10-05_20:46:38,79,58,62,40,4900,5200,4314,8.47,29,33.16,0x0000000000000001
2026-10-05_20:47:08,80,59,63,40,4900,5200,4291,8.56,28,33.33,0x0000000000000001
2026-10-05_20:47:38,80,59,64,40,4900,5200,4291,7.81,30,29.69,0x0000000000000001
2026-10-05_20:48:08,81,60,65,40,4900,5200,4267,8.02,30,30.74,0x0000000000000001
2026-10-05_20:48:38,79,58,63,40,4900,5200,4291,9.05,47,29.41,0x0000000000000001
2026-10-05_20:49:08,77,57,60,40,4900,5200,4297,7.05,23,27.65,0x0000000000000001
2026-10-05_20:49:39,79,58,63,40,4900,5200,4273,6.66,35,29.31,0x0000000000000001
2026-10-05_20:50:09,80,59,64,40,4900,5200,4266,7.94,29,30.99,0x0000000000000001
2026-10-05_20:50:39,81,59,63,40,4900,5200,4291,8.66,29,33.13,0x0000000000000001
2026-10-05_20:51:09,80,59,63,40,4900,5200,4291,7.97,35,31.54,0x0000000000000001
2026-10-05_20:51:39,79,59,62,40,4900,5200,4291,6.66,29,29.64,0x0000000000000001
2026-10-05_20:52:09,78,58,62,40,4900,5200,4316,4.91,29,29.99,0x0000000000000001
2026-10-05_20:52:39,79,59,64,40,4900,5200,4291,6.01,29,31.92,0x0000000000000001
2026-10-05_20:53:10,80,59,64,40,4900,5200,4291,7.29,36,29.77,0x0000000000000001
2026-10-05_20:53:40,80,59,64,40,4900,5200,4266,8.04,29,33.21,0x0000000000000001
2026-10-05_20:54:10,79,59,61,40,4900,5200,4365,11.12,27,24.75,0x0000000000000001
2026-10-05_20:54:40,78,58,62,40,4900,5200,4291,10.16,29,28.89,0x0000000000000001
2026-10-05_20:55:10,78,58,62,40,4900,5200,4315,8.80,28,32.76,0x0000000000000001
2026-10-05_20:55:40,79,58,63,40,4900,5200,4291,7.36,38,29.17,0x0000000000000001
2026-10-05_20:56:11,80,58,63,40,4900,5200,4290,6.83,39,29.18,0x0000000000000001
2026-10-05_20:56:41,80,59,63,40,4900,5200,4291,8.74,38,29.37,0x0000000000000001
2026-10-05_20:57:11,78,59,60,40,4900,5200,4227,9.19,11,34.62,0x0000000000000001
2026-10-05_20:57:41,78,58,63,40,4900,5200,4291,7.98,38,29.08,0x0000000000000001
2026-10-05_20:58:11,78,58,63,40,4900,5200,4291,5.86,53,28.72,0x0000000000000001
2026-10-05_20:58:41,80,59,63,40,4900,5200,4291,5.56,28,32.85,0x0000000000000001
2026-10-05_20:59:11,80,59,64,40,4900,5200,4291,6.45,26,31.60,0x0000000000000001
2026-10-05_20:59:42,80,59,64,40,4900,5200,4246,7.33,35,29.54,0x0000000000000001
2026-10-05_21:00:12,76,58,60,40,4900,5200,4366,9.30,29,22.36,0x0000000000000001
2026-10-05_21:00:42,77,58,60,40,4900,5200,4390,8.85,26,22.09,0x0000000000000001
2026-10-05_21:01:12,79,58,63,40,4900,5100,4291,9.16,33,30.61,0x0000000000000001
2026-10-05_21:01:42,80,58,63,40,4900,5200,4291,10.75,33,29.71,0x0000000000000001
2026-10-05_21:02:12,80,59,65,40,4900,5200,4266,9.92,36,31.89,0x0000000000000001
2026-10-05_21:02:42,80,59,64,40,4900,5200,4291,12.71,37,32.50,0x0000000000000001
2026-10-05_21:03:13,77,58,63,40,4900,5200,4287,8.96,22,27.87,0x0000000000000001
2026-10-05_21:03:43,77,58,60,40,4900,5200,4365,6.95,10,34.36,0x0000000000000001
2026-10-05_21:04:13,78,58,61,40,4900,5200,4312,8.25,36,29.04,0x0000000000000001
2026-10-05_21:04:43,79,58,64,40,4900,5200,4291,9.49,37,29.26,0x0000000000000001
2026-10-05_21:05:13,80,58,63,40,4900,5200,4309,10.37,29,29.20,0x0000000000000001
2026-10-05_21:05:43,80,58,63,40,4900,5200,4291,8.66,38,29.08,0x0000000000000001
2026-10-05_21:06:13,78,58,61,40,4900,5200,4291,7.72,29,29.77,0x0000000000000001
2026-10-05_21:06:44,74,57,59,40,4900,5200,4367,6.00,28,22.13,0x0000000000000001
2026-10-05_21:07:14,79,58,63,40,4900,5200,4291,5.22,33,30.11,0x0000000000000001
2026-10-05_21:07:44,79,58,63,40,4900,5200,4291,5.91,37,29.39,0x0000000000000001
2026-10-05_21:08:14,79,58,63,40,4900,5200,4291,9.36,40,29.10,0x0000000000000001
2026-10-05_21:08:44,79,58,63,40,4900,5200,4291,11.85,37,29.25,0x0000000000000001
2026-10-05_21:09:14,78,58,63,40,4900,5200,4291,9.54,32,29.93,0x0000000000000001
2026-10-05_21:09:44,75,57,61,40,4800,5100,4342,9.28,45,27.68,0x0000000000000001
2026-10-05_21:10:15,79,58,63,40,4900,5200,4316,9.73,27,30.48,0x0000000000000001
2026-10-05_21:10:45,80,59,64,40,4900,5200,4266,11.82,30,33.13,0x0000000000000001
2026-10-05_21:11:15,80,59,64,40,4900,5200,4291,11.06,35,31.53,0x0000000000000001
2026-10-05_21:11:45,80,59,63,40,4900,5200,4361,9.85,12,29.69,0x0000000000000001
2026-10-05_21:12:15,78,58,63,40,4900,5200,4291,10.40,29,29.73,0x0000000000000001
2026-10-05_21:12:45,78,57,61,40,4900,5200,4316,7.81,29,30.13,0x0000000000000001
2026-10-05_21:13:15,79,58,62,40,4900,5200,4291,8.68,53,28.91,0x0000000000000001
2026-10-05_21:13:46,80,59,63,40,4900,5200,4266,9.92,30,32.95,0x0000000000000001
2026-10-05_21:14:16,80,59,64,40,4900,5200,4283,11.08,31,29.08,0x0000000000000001
2026-10-05_21:14:46,78,59,61,40,4900,5200,4256,9.10,10,33.27,0x0000000000000001
2026-10-05_21:15:16,79,58,63,40,4900,5200,4291,8.76,52,29.07,0x0000000000000001
2026-10-05_21:15:46,78,57,63,40,4900,5200,4316,6.62,37,29.41,0x0000000000000001
2026-10-05_21:16:16,80,58,63,40,4900,5200,4291,6.39,36,32.40,0x0000000000000001
2026-10-05_21:16:46,80,59,63,40,4900,5200,4291,6.95,29,33.46,0x0000000000000001
2026-10-05_21:17:17,80,59,64,40,4900,5200,4291,6.33,36,31.39,0x0000000000000001
2026-10-05_21:17:47,76,58,61,40,4900,5200,4247,7.25,27,22.45,0x0000000000000001
2026-10-05_21:18:17,79,58,63,40,4900,5200,4312,8.89,36,31.70,0x0000000000000001
2026-10-05_21:18:47,78,57,62,40,4900,5200,4249,7.53,31,30.00,0x0000000000000001
2026-10-05_21:19:17,79,58,63,40,4900,5200,4291,8.90,29,33.22,0x0000000000000001
2026-10-05_21:19:47,80,59,63,40,4900,5200,4291,8.50,34,31.89,0x0000000000000001
2026-10-05_21:20:17,80,59,63,40,4900,5200,4266,9.94,28,31.40,0x0000000000000001
2026-10-05_21:20:48,79,58,62,40,4900,5200,4316,8.45,29,27.72,0x0000000000000001
2026-10-05_21:21:18,78,58,60,40,4900,5200,4366,9.45,10,24.71,0x0000000000000001
2026-10-05_21:21:48,79,58,63,40,4900,5200,4291,8.16,35,29.55,0x0000000000000001
2026-10-05_21:22:18,80,59,63,40,4900,5200,4291,9.43,30,32.78,0x0000000000000001
2026-10-05_21:22:48,80,59,64,40,4900,5200,4291,11.34,36,31.09,0x0000000000000001
2026-10-05_21:23:18,80,59,64,40,4900,5200,4291,9.20,30,29.49,0x0000000000000001
2026-10-05_21:23:49,78,58,63,40,4900,5200,4316,7.28,31,30.48,0x0000000000000001
2026-10-05_21:24:19,75,57,60,40,4900,5200,4298,5.79,27,22.26,0x0000000000000001
2026-10-05_21:24:49,79,58,62,40,4900,5200,4291,4.83,27,32.08,0x0000000000000001
2026-10-05_21:25:19,80,59,64,40,4900,5200,4291,6.28,29,29.59,0x0000000000000001
2026-10-05_21:25:49,80,59,64,40,4900,5200,4268,7.63,36,29.21,0x0000000000000001
2026-10-05_21:26:19,80,59,64,40,4900,5200,4291,7.13,36,31.60,0x0000000000000001
2026-10-05_21:26:49,78,58,63,40,4900,5200,4291,8.93,36,28.93,0x0000000000000001
2026-10-05_21:27:20,75,57,61,40,4900,5200,4341,10.26,27,28.13,0x0000000000000001
2026-10-05_21:27:50,79,58,63,40,4900,5200,4312,8.31,28,32.66,0x0000000000000001
2026-10-05_21:28:20,80,59,63,40,4900,5200,4315,8.26,31,29.80,0x0000000000000001
2026-10-05_21:28:50,80,59,64,40,4900,5200,4291,8.77,37,31.22,0x0000000000000001
2026-10-05_21:29:20,79,58,62,40,4900,5200,4113,7.71,25,22.48,0x0000000000000001
2026-10-05_21:29:50,79,58,62,40,4900,5200,4310,6.30,27,31.69,0x0000000000000001
2026-10-05_21:30:20,78,57,61,40,4900,5200,4316,6.31,35,29.59,0x0000000000000001
2026-10-05_21:30:51,79,58,64,40,4900,5200,4291,8.09,29,32.90,0x0000000000000001
2026-10-05_21:31:21,80,58,64,40,4900,5200,4291,8.85,30,29.43,0x0000000000000001
2026-10-05_21:31:51,80,59,63,40,4900,5200,4291,10.15,37,32.26,0x0000000000000001
2026-10-05_21:32:21,79,59,61,40,4900,5200,4201,8.05,14,28.68,0x0000000000000001
2026-10-05_21:32:51,79,58,63,40,4900,5200,4316,7.73,50,28.56,0x0000000000000001
2026-10-05_21:33:21,78,57,62,40,4900,5200,4316,7.48,34,31.78,0x0000000000000001
2026-10-05_21:33:51,79,58,62,40,4900,5200,4316,8.42,34,29.36,0x0000000000000001
2026-10-05_21:34:22,80,58,64,40,4900,5200,4283,9.15,35,29.10,0x0000000000000001
2026-10-05_21:34:52,80,59,64,40,4900,5200,4266,13.04,30,31.58,0x0000000000000001
2026-10-05_21:35:22,76,57,61,40,4900,5200,4366,10.85,26,22.22,0x0000000000000001
2026-10-05_21:35:52,79,58,62,40,4900,5200,4316,9.00,35,29.57,0x0000000000000001
2026-10-05_21:36:22,78,58,62,40,4900,5200,4316,8.95,28,32.58,0x0000000000000001
2026-10-05_21:36:52,79,58,63,40,4900,5200,4316,9.97,37,29.48,0x0000000000000001
2026-10-05_21:37:23,80,59,64,40,4900,5200,4291,7.94,29,32.54,0x0000000000000001
2026-10-05_21:37:53,80,59,63,40,4900,5200,4291,8.92,30,29.59,0x0000000000000001
2026-10-05_21:38:23,76,57,61,40,4900,5200,4316,10.43,30,28.16,0x0000000000000001
2026-10-05_21:38:53,79,58,62,40,4900,5200,4307,9.50,29,29.60,0x0000000000000001
2026-10-05_21:39:23,79,58,62,40,4900,5200,4315,10.45,32,29.19,0x0000000000000001
2026-10-05_21:39:53,80,58,64,40,4900,5200,4291,8.69,35,30.59,0x0000000000000001
2026-10-05_21:40:23,80,59,63,40,4900,5200,4291,8.09,28,32.88,0x0000000000000001
2026-10-05_21:40:54,80,59,64,40,4900,5200,4291,8.70,51,29.10,0x0000000000000001
2026-10-05_21:41:24,78,58,62,40,4900,5200,4316,9.70,27,30.19,0x0000000000000001
2026-10-05_21:41:54,78,57,61,40,4900,5200,4391,11.12,41,21.76,0x0000000000000001
2026-10-05_21:42:24,79,58,62,40,4900,5200,4291,11.09,32,29.91,0x0000000000000001
2026-10-05_21:42:54,80,58,63,40,4900,5200,4291,11.32,54,29.03,0x0000000000000001
2026-10-05_21:43:24,80,59,64,40,4900,5200,4291,10.67,34,30.93,0x0000000000000001
2026-10-05_21:43:54,79,58,62,40,4900,5200,4106,11.22,14,27.26,0x0000000000000001
2026-10-05_21:44:25,78,58,63,40,4900,5200,4316,10.07,50,28.86,0x0000000000000001
2026-10-05_21:44:55,75,57,59,40,4900,5200,4061,8.19,26,27.72,0x0000000000000001
2026-10-05_21:45:25,79,58,63,39,4900,5200,4293,7.06,28,29.37,0x0000000000000001
2026-10-05_21:45:55,80,58,63,40,4900,5200,4291,6.63,29,32.90,0x0000000000000001
2026-10-05_21:46:25,80,59,63,40,4900,5200,4276,7.28,29,32.85,0x0000000000000001
2026-10-05_21:46:55,79,58,60,40,4900,5200,4237,7.61,28,21.70,0x0000000000000001
2026-10-05_21:47:25,79,58,63,40,4900,5200,4292,7.07,30,29.19,0x0000000000000001
2026-10-05_21:47:56,75,57,60,40,4900,5200,4351,5.92,29,27.33,0x0000000000000001
2026-10-05_21:48:26,79,58,62,40,4900,5200,4312,7.21,29,30.30,0x0000000000000001
2026-10-05_21:48:56,80,58,63,40,4900,5200,4310,6.74,51,29.82,0x0000000000000001
2026-10-05_21:49:26,80,59,64,39,4900,5200,4291,9.02,29,31.37,0x0000000000000001
2026-10-05_21:49:56,76,57,61,39,4900,5200,4365,8.43,27,23.41,0x0000000000000001
2026-10-05_21:50:26,78,58,62,39,4900,5200,4302,6.89,37,29.01,0x0000000000000001
2026-10-05_21:50:56,78,57,61,39,4900,5200,4316,5.70,31,29.35,0x0000000000000001
2026-10-05_21:51:27,79,58,63,40,4900,5200,4308,7.18,39,29.39,0x0000000000000001
2026-10-05_21:51:57,79,58,63,40,4900,5200,4291,6.71,37,29.26,0x0000000000000001
2026-10-05_21:52:27,79,58,63,39,4900,5200,4267,8.73,39,29.15,0x0000000000000001
2026-10-05_21:52:57,75,57,61,39,4900,5200,4262,8.74,30,27.92,0x0000000000000001
2026-10-05_21:53:27,78,57,62,39,4900,5200,4228,9.30,39,28.91,0x0000000000000001
2026-10-05_21:53:57,78,57,61,39,4900,5200,4291,7.53,36,29.69,0x0000000000000001
2026-10-05_21:54:27,79,58,62,39,4900,5200,4291,9.25,37,31.88,0x0000000000000001
2026-10-05_21:54:58,80,58,63,39,4900,5200,4291,8.80,29,32.27,0x0000000000000001
2026-10-05_21:55:28,80,58,63,39,4900,5200,4312,8.87,35,29.58,0x0000000000000001
2026-10-05_21:55:58,78,57,61,39,4900,5200,3918,7.60,30,21.40,0x0000000000000001
2026-10-05_21:56:28,78,57,62,39,4900,5200,4237,7.56,35,31.73,0x0000000000000001
2026-10-05_21:56:58,77,57,61,39,4800,4900,4316,8.39,31,28.72,0x0000000000000001
2026-10-05_21:57:28,79,58,63,39,4900,5200,4291,8.86,30,29.54,0x0000000000000001
2026-10-05_21:57:59,80,58,64,39,4900,5200,4291,11.01,34,31.08,0x0000000000000001
2026-10-05_21:58:29,80,59,64,39,4900,5200,4291,9.64,28,30.91,0x0000000000000001
2026-10-05_21:58:59,77,58,60,39,4900,5200,4366,8.69,24,28.27,0x0000000000000001
2026-10-05_21:59:29,78,58,63,39,4900,5200,4316,9.02,36,29.67,0x0000000000000001
2026-10-05_21:59:59,78,57,61,39,4900,5200,4315,9.02,37,28.98,0x0000000000000001
2026-10-05_22:00:29,79,58,64,39,4900,5200,4291,10.55,36,29.18,0x0000000000000001
2026-10-05_22:00:59,80,58,63,39,4900,5200,4291,11.40,38,29.25,0x0000000000000001
2026-10-05_22:01:30,80,58,63,39,4900,5200,4291,9.00,38,29.33,0x0000000000000001
2026-10-05_22:02:00,76,57,60,39,4900,5200,4387,8.85,30,25.38,0x0000000000000001
2026-10-05_22:02:30,78,57,60,39,4900,5200,4303,7.70,41,21.06,0x0000000000000001
2026-10-05_22:03:00,79,58,63,39,4900,5200,4291,7.82,32,29.26,0x0000000000000001
2026-10-05_22:03:30,80,58,64,39,4900,5200,4266,10.44,38,29.24,0x0000000000000001
2026-10-05_22:04:00,80,59,64,39,4900,5200,4291,11.34,31,33.10,0x0000000000000001
2026-10-05_22:04:30,81,60,64,39,4900,5200,4266,9.36,29,33.14,0x0000000000000001
2026-10-05_22:05:01,79,58,64,40,4900,5200,4291,7.56,33,29.24,0x0000000000000001
2026-10-05_22:05:31,76,58,60,40,4900,5200,4366,5.98,25,29.13,0x0000000000000001
2026-10-05_22:06:01,79,58,63,40,4900,5200,4291,6.11,35,32.58,0x0000000000000001
2026-10-05_22:06:31,81,59,65,40,4900,5200,4266,6.15,29,30.13,0x0000000000000001
2026-10-05_22:07:01,81,59,65,40,4900,5200,4266,8.49,29,30.21,0x0000000000000001
2026-10-05_22:07:31,81,60,64,40,4900,5200,4266,8.60,28,30.34,0x0000000000000001
2026-10-05_22:08:01,79,59,63,40,4900,5200,4291,7.70,30,29.03,0x0000000000000001
2026-10-05_22:08:32,75,58,61,40,4900,5200,4365,8.41,25,31.03,0x0000000000000001
2026-10-05_22:09:02,79,58,62,40,4900,5200,4280,10.14,47,29.36,0x0000000000000001
2026-10-05_22:09:32,80,59,64,40,4900,5200,4291,12.25,33,29.26,0x0000000000000001
2026-10-05_22:10:02,81,59,65,40,4900,5200,4291,10.33,37,30.19,0x0000000000000001
2026-10-05_22:10:32,80,59,65,40,4900,5200,4266,9.84,49,29.16,0x0000000000000001
2026-10-05_22:11:02,79,59,63,40,4900,5200,4291,7.68,30,30.11,0x0000000000000001
2026-10-05_22:11:33,76,58,61,40,4900,5200,4341,6.49,29,27.32,0x0000000000000001
2026-10-05_22:12:03,79,59,64,40,4900,5200,4291,6.68,30,29.57,0x0000000000000001
2026-10-05_22:12:33,81,59,65,40,4900,5200,4266,6.77,28,33.00,0x0000000000000001
2026-10-05_22:13:03,81,60,65,40,4900,5200,4266,7.12,35,30.19,0x0000000000000001
2026-10-05_22:13:33,79,59,63,40,4900,5200,4190,9.05,30,22.41,0x0000000000000001
2026-10-05_22:14:03,80,59,64,40,4900,5200,4266,6.56,52,29.21,0x0000000000000001
2026-10-05_22:14:33,76,58,62,40,4900,5200,4266,7.33,30,27.25,0x0000000000000001
2026-10-05_22:15:04,80,59,64,40,4900,5200,4291,8.67,34,29.90,0x0000000000000001
2026-10-05_22:15:34,81,60,65,40,4900,5200,4266,10.90,28,33.06,0x0000000000000001
2026-10-05_22:16:04,81,60,65,40,4900,5200,4266,11.87,29,33.14,0x0000000000000001
2026-10-05_22:16:34,78,60,62,40,4900,5200,4363,9.00,11,34.80,0x0000000000000001
2026-10-05_22:17:04,80,60,64,40,4900,5200,4266,9.12,36,29.81,0x0000000000000001
2026-10-05_22:17:34,80,59,63,41,4900,5200,4291,6.41,29,33.06,0x0000000000000001
2026-10-05_22:18:04,81,60,65,41,4900,5200,4266,7.72,30,33.02,0x0000000000000001
2026-10-05_22:18:35,82,60,65,41,4900,5200,4266,6.52,28,32.06,0x0000000000000001
2026-10-05_22:19:05,82,60,65,41,4900,5200,4316,8.18,28,29.79,0x0000000000000001
2026-10-05_22:19:35,77,60,62,41,4900,5200,4316,6.52,26,25.35,0x0000000000000001
2026-10-05_22:20:05,80,60,62,41,4900,5200,4256,9.22,11,30.86,0x0000000000000001
2026-10-05_22:20:35,80,59,64,41,4900,5200,4291,7.74,33,30.21,0x0000000000000001
2026-10-05_22:21:05,81,60,65,41,5000,5200,4243,11.15,31,31.39,0x0000000000000001
2026-10-05_22:21:35,82,60,65,41,4900,5200,4266,10.62,35,29.96,0x0000000000000001
2026-10-05_22:22:06,82,61,66,41,4900,5200,4266,9.64,29,33.63,0x0000000000000001
2026-10-05_22:22:36,80,59,64,41,5000,5200,4291,7.24,29,29.34,0x0000000000000001
2026-10-05_22:23:06,80,59,63,41,5000,5200,4195,8.24,28,21.75,0x0000000000000001
2026-10-05_22:23:36,80,59,64,41,5000,5200,4266,6.55,36,29.34,0x0000000000000001
2026-10-05_22:24:06,81,60,65,41,4900,5200,4266,10.17,38,29.52,0x0000000000000001
2026-10-05_22:24:36,81,60,64,41,4900,5200,4250,9.70,37,29.45,0x0000000000000001
2026-10-05_22:25:06,81,60,64,41,5000,5200,4266,9.93,37,29.49,0x0000000000000001
2026-10-05_22:25:37,80,59,64,41,4900,5200,4291,7.91,31,30.00,0x0000000000000001
2026-10-05_22:26:07,77,59,61,41,4900,5200,4283,6.20,24,31.35,0x0000000000000001
2026-10-05_22:26:37,80,59,64,41,4900,5200,4266,6.76,35,29.35,0x0000000000000001
2026-10-05_22:27:07,81,60,64,41,4900,5200,4241,6.58,36,30.44,0x0000000000000001
2026-10-05_22:27:37,82,60,65,41,4900,5200,4266,7.64,30,33.12,0x0000000000000001
2026-10-05_22:28:07,81,60,65,41,4900,5200,4269,7.89,36,31.25,0x0000000000000001
2026-10-05_22:28:37,80,59,64,41,4900,5200,4266,7.21,33,29.67,0x0000000000000001
2026-10-05_22:29:08,76,58,61,41,4900,5200,4243,6.40,28,27.24,0x0000000000000001
2026-10-05_22:29:38,79,59,64,41,4900,5200,4272,5.42,40,29.16,0x0000000000000001
2026-10-05_22:30:08,81,59,64,41,4900,5200,4276,7.74,36,29.61,0x0000000000000001
2026-10-05_22:30:38,81,59,64,41,4900,5200,4291,6.99,37,29.15,0x0000000000000001
2026-10-05_22:31:08,79,59,62,41,4900,5200,4159,7.30,29,22.64,0x0000000000000001
2026-10-05_22:31:38,80,59,64,40,4900,5200,4291,6.98,51,29.73,0x0000000000000001
2026-10-05_22:32:08,79,58,63,40,4900,5200,4301,6.58,31,29.42,0x0000000000000001
2026-10-05_22:32:39,80,59,64,40,4900,5200,4291,7.87,52,30.70,0x0000000000000001
2026-10-05_22:33:09,81,59,64,40,4900,5200,4266,8.32,34,30.18,0x0000000000000001
2026-10-05_22:33:39,81,60,64,40,4900,5200,4266,9.90,29,31.45,0x0000000000000001
2026-10-05_22:34:09,78,59,62,40,4900,5200,4365,7.01,11,34.53,0x0000000000000001
2026-10-05_22:34:39,80,59,64,40,4900,5200,4291,6.63,26,33.42,0x0000000000000001
2026-10-05_22:35:09,76,58,62,40,4900,5200,4341,8.02,30,27.70,0x0000000000000001
2026-10-05_22:35:39,80,59,64,40,4900,5200,4291,7.29,31,30.06,0x0000000000000001
2026-10-05_22:36:10,81,59,64,40,4900,5200,4266,6.71,35,30.73,0x0000000000000001
2026-10-05_22:36:40,81,59,64,40,4900,5200,4266,7.51,36,31.11,0x0000000000000001
2026-10-05_22:37:10,76,58,61,40,4900,5200,4201,6.59,30,22.28,0x0000000000000001
2026-10-05_22:37:40,80,59,63,40,4900,5200,4287,8.87,28,32.85,0x0000000000000001
2026-10-05_22:38:10,79,58,63,40,4900,5200,4291,10.01,26,32.60,0x0000000000000001
2026-10-05_22:38:40,80,59,63,40,4900,5200,4291,9.90,35,30.98,0x0000000000000001
2026-10-05_22:39:10,81,60,64,40,4900,5200,4266,8.53,30,30.50,0x0000000000000001
2026-10-05_22:39:41,81,60,64,40,4900,5200,4266,7.14,29,31.23,0x0000000000000001
2026-10-05_22:40:11,79,58,63,40,4900,5200,4301,7.34,35,27.86,0x0000000000000001
2026-10-05_22:40:41,79,59,64,40,4900,5200,4185,9.14,39,29.15,0x0000000000000001
2026-10-05_22:41:11,79,58,63,40,4900,5200,4291,10.91,29,29.98,0x0000000000000001
2026-10-05_22:41:41,80,59,63,40,4900,5200,4266,7.94,30,30.17,0x0000000000000001
2026-10-05_22:42:11,81,59,65,40,4900,5200,4277,10.30,28,31.81,0x0000000000000001
2026-10-05_22:42:41,81,59,64,40,4900,5200,4266,9.02,30,30.33,0x0000000000000001
2026-10-05_22:43:12,79,58,63,40,4900,5200,4291,7.25,35,31.55,0x0000000000000001
2026-10-05_22:43:42,79,59,64,40,4900,5200,4291,7.15,36,30.00,0x0000000000000001
2026-10-05_22:44:12,79,58,63,40,4900,5200,4291,7.64,29,33.22,0x0000000000000001
2026-10-05_22:44:42,80,59,64,40,4900,5200,4291,7.43,37,31.62,0x0000000000000001
2026-10-05_22:45:12,80,59,64,40,4900,5200,4291,7.75,31,33.09,0x0000000000000001
2026-10-05_22:45:42,80,59,64,40,4900,5200,4266,8.89,33,29.26,0x0000000000000001
2026-10-05_22:46:13,79,58,63,40,4900,5200,4291,8.44,35,30.25,0x0000000000000001
2026-10-05_22:46:43,80,58,62,40,4900,5200,4309,8.05,30,21.58,0x0000000000000001
2026-10-05_22:47:13,79,59,64,40,4900,5200,4280,7.42,30,29.39,0x0000000000000001
2026-10-05_22:47:43,80,59,64,40,4900,5200,4266,10.71,32,29.48,0x0000000000000001
2026-10-05_22:48:13,81,59,65,40,4900,5200,4291,10.63,30,32.95,0x0000000000000001
2026-10-05_22:48:43,80,59,63,40,4900,5200,4105,10.68,23,24.54,0x0000000000000001
2026-10-05_22:49:13,79,59,63,40,4900,5200,4291,8.12,31,30.31,0x0000000000000001
2026-10-05_22:49:44,77,59,61,40,4900,5200,4344,6.67,11,34.75,0x0000000000000001
2026-10-05_22:50:14,80,59,64,40,4900,5200,4266,6.39,28,31.77,0x0000000000000001
2026-10-05_22:50:44,81,59,65,40,4900,5200,4146,8.77,31,32.72,0x0000000000000001
2026-10-05_22:51:14,81,60,65,40,4900,5200,4266,10.07,37,29.28,0x0000000000000001
2026-10-05_22:51:44,76,58,61,40,4900,5200,4365,9.16,30,22.43,0x0000000000000001
2026-10-05_22:52:14,80,59,64,40,4900,5200,4266,7.50,50,28.87,0x0000000000000001
2026-10-05_22:52:44,79,58,62,40,4900,5200,4316,7.77,28,29.86,0x0000000000000001
2026-10-05_22:53:15,80,59,64,40,4900,5200,4291,10.18,30,32.89,0x0000000000000001
2026-10-05_22:53:45,81,60,65,40,4900,5200,4266,9.77,51,29.32,0x0000000000000001
2026-10-05_22:54:15,82,60,65,40,4900,5200,4266,10.70,38,29.43,0x0000000000000001
2026-10-05_22:54:45,78,59,62,40,4900,5200,4266,9.82,28,27.33,0x0000000000000001
2026-10-05_22:55:15,80,59,62,40,4900,5200,4257,8.77,20,27.12,0x0000000000000001
2026-10-05_22:55:45,82,59,64,40,4900,5200,4269,8.62,38,29.25,0x0000000000000001
2026-10-05_22:56:15,83,60,66,40,4900,5200,4240,8.09,29,33.76,0x0000000000000001
2026-10-05_22:56:46,84,60,66,40,4900,5200,4251,11.13,30,31.05,0x0000000000000001
2026-10-05_22:57:16,85,61,67,40,4900,5200,4216,9.84,37,29.45,0x0000000000000001
2026-10-05_22:57:46,80,59,65,41,4900,5200,4266,8.28,51,31.38,0x0000000000000001
2026-10-05_22:58:16,77,59,61,41,4900,5200,4196,6.60,24,32.03,0x0000000000000001
2026-10-05_22:58:46,80,59,64,41,4900,5200,4266,6.94,35,29.16,0x0000000000000001
2026-10-05_22:59:16,82,60,66,41,4900,5200,4260,7.44,30,33.09,0x0000000000000001
2026-10-05_22:59:46,82,61,66,41,4900,5200,4266,8.92,29,33.28,0x0000000000000001
2026-10-05_23:00:17,79,60,62,41,4900,5200,4341,7.10,10,35.82,0x0000000000000001
2026-10-05_23:00:47,80,60,65,41,5000,5200,4266,10.06,30,30.20,0x0000000000000001
2026-10-05_23:01:17,80,59,63,41,4900,5200,4301,10.68,38,29.25,0x0000000000000001
2026-10-05_23:01:47,80,59,65,41,4900,5200,4065,9.45,37,29.35,0x0000000000000001
2026-10-05_23:02:17,81,60,66,41,5000,5200,4266,8.27,39,29.47,0x0000000000000001
2026-10-05_23:02:47,81,60,64,41,5000,5200,4266,8.12,40,29.41,0x0000000000000001
2026-10-05_23:03:17,77,59,63,41,5000,5300,4366,6.65,29,22.56,0x0000000000000001
2026-10-05_23:03:48,80,60,64,41,4900,5200,4090,6.38,31,29.99,0x0000000000000001
2026-10-05_23:04:18,79,59,64,41,4900,5200,4291,6.14,30,29.19,0x0000000000000001
2026-10-05_23:04:48,81,60,65,41,4900,5200,4291,7.84,30,30.16,0x0000000000000001
2026-10-05_23:05:18,82,60,66,41,4900,5200,4266,9.12,39,29.57,0x0000000000000001
2026-10-05_23:05:48,82,61,65,41,5000,5200,4278,8.53,32,33.38,0x0000000000000001
2026-10-05_23:06:18,80,59,64,41,4900,5200,4266,6.45,30,29.36,0x0000000000000001
2026-10-05_23:06:49,80,59,63,41,5000,5200,4329,8.43,28,22.41,0x0000000000000001
2026-10-05_23:07:19,80,59,64,41,4900,5200,4268,7.91,39,29.29,0x0000000000000001
2026-10-05_23:07:49,81,60,65,41,4900,5200,4266,8.27,40,29.43,0x0000000000000001
2026-10-05_23:08:19,81,60,66,41,5000,5200,4266,8.27,40,29.34,0x0000000000000001
2026-10-05_23:08:49,81,60,65,41,5000,5200,4228,8.82,37,29.48,0x0000000000000001
2026-10-05_23:09:19,80,60,65,41,5000,5200,4288,6.70,29,30.87,0x0000000000000001
2026-10-05_23:09:49,78,60,61,41,4900,5200,4335,6.96,11,34.73,0x0000000000000001
2026-10-05_23:10:20,80,60,65,41,5000,5200,4266,8.16,34,32.03,0x0000000000000001
2026-10-05_23:10:50,82,60,65,41,4900,5200,4266,8.62,39,29.35,0x0000000000000001
2026-10-05_23:11:20,82,61,65,41,4900,5200,4266,9.38,27,32.79,0x0000000000000001
2026-10-05_23:11:50,82,61,66,41,4900,5200,4266,8.39,29,33.17,0x0000000000000001
2026-10-05_23:12:20,81,60,65,41,5000,5300,4266,6.98,32,30.27,0x0000000000000001
2026-10-05_23:12:50,80,59,64,42,4900,5200,4266,5.20,33,28.60,0x0000000000000001
2026-10-05_23:13:20,81,60,63,42,4900,5200,4266,8.49,40,29.55,0x0000000000000001
2026-10-05_23:13:51,82,60,66,41,4900,5200,4241,7.18,36,32.43,0x0000000000000001
2026-10-05_23:14:21,82,61,66,41,5000,5200,4242,6.76,36,29.50,0x0000000000000001
2026-10-05_23:14:51,81,61,64,41,4900,5200,4324,7.72,12,26.64,0x0000000000000001
2026-10-05_23:15:21,81,60,65,41,4900,5200,4241,6.50,29,29.42,0x0000000000000001
2026-10-05_23:15:51,80,59,64,41,4900,5200,4291,8.12,32,29.47,0x0000000000000001
2026-10-05_23:16:21,81,60,64,41,4900,5200,4266,10.08,35,32.08,0x0000000000000001
2026-10-05_23:16:51,82,60,65,41,4900,5200,4241,11.50,37,32.85,0x0000000000000001
2026-10-05_23:17:22,82,61,66,41,4900,5200,4241,11.57,29,30.41,0x0000000000000001
2026-10-05_23:17:52,81,60,64,41,4900,5200,4366,10.02,19,27.90,0x0000000000000001
2026-10-05_23:18:22,80,60,64,41,4900,5200,4273,7.24,28,30.25,0x0000000000000001
2026-10-05_23:18:52,79,59,64,41,4900,5200,4291,6.07,30,29.50,0x0000000000000001
2026-10-05_23:19:22,81,60,65,41,4900,5200,4266,5.81,30,30.27,0x0000000000000001
2026-10-05_23:19:52,81,60,65,41,4900,5200,4241,7.87,29,29.67,0x0000000000000001
2026-10-05_23:20:23,81,60,65,41,4900,5200,4266,9.01,29,33.51,0x0000000000000001
2026-10-05_23:20:53,77,58,60,41,4900,5200,4366,7.46,27,22.77,0x0000000000000001
2026-10-05_23:21:23,78,58,62,41,4900,5200,4352,10.64,29,22.11,0x0000000000000001
2026-10-05_23:21:53,79,59,64,41,4900,5200,4291,10.05,26,33.44,0x0000000000000001
2026-10-05_23:22:23,80,59,64,40,4900,5200,4303,10.57,38,29.18,0x0000000000000001
2026-10-05_23:22:53,80,59,64,40,4900,5200,4291,9.95,39,29.10,0x0000000000000001
2026-10-05_23:23:23,80,59,63,40,4900,5200,4266,10.96,38,29.17,0x0000000000000001
2026-10-05_23:23:54,76,57,62,40,4900,5200,4321,9.55,29,28.06,0x0000000000000001
2026-10-05_23:24:24,73,56,59,40,4900,5200,4366,7.31,41,21.65,0x0000000000000001
2026-10-05_23:24:54,79,57,63,40,4900,5200,4297,9.50,29,31.25,0x0000000000000001
2026-10-05_23:25:24,80,58,64,39,4900,5200,4291,8.21,28,32.79,0x0000000000000001
2026-10-05_23:25:54,80,58,62,40,4900,5200,4291,7.59,31,29.55,0x0000000000000001
2026-10-05_23:26:24,80,58,63,39,4900,5200,4224,8.57,30,29.11,0x0000000000000001
2026-10-05_23:26:54,78,57,62,39,4900,5200,4316,6.91,34,31.89,0x0000000000000001
2026-10-05_23:27:25,76,56,60,39,4800,5000,4316,5.16,20,27.68,0x0000000000000001
2026-10-05_23:27:55,81,57,64,39,4900,5200,4266,5.89,31,29.02,0x0000000000000001
2026-10-05_23:28:25,82,58,63,39,4900,5200,4259,7.28,32,31.92,0x0000000000000001
2026-10-05_23:28:55,82,58,63,39,4900,5200,4266,8.02,39,29.04,0x0000000000000001
2026-10-05_23:29:25,81,57,61,39,4900,5200,4294,9.72,25,23.24,0x0000000000000001
2026-10-05_23:29:55,78,57,61,38,4900,5200,4313,9.37,31,31.65,0x0000000000000001
2026-10-05_23:30:25,77,56,60,38,4800,4900,4316,7.30,31,31.40,0x0000000000000001
2026-10-05_23:30:56,79,57,63,38,4900,5200,4296,8.68,31,29.13,0x0000000000000001
2026-10-05_23:31:26,79,57,63,38,4900,5200,4291,8.83,33,31.38,0x0000000000000001
2026-10-05_23:31:56,79,58,63,38,4900,5200,4291,10.80,30,30.19,0x0000000000000001
2026-10-05_23:32:26,77,56,60,38,4900,5200,4194,9.49,31,21.52,0x0000000000000001
2026-10-05_23:32:56,78,57,62,38,4900,5200,4316,8.96,28,32.46,0x0000000000000001
2026-10-05_23:33:26,77,56,61,38,4800,4900,4316,6.96,29,29.50,0x0000000000000001
2026-10-05_23:33:56,79,57,62,38,4900,5200,4291,8.40,36,29.64,0x0000000000000001
2026-10-05_23:34:27,79,57,63,38,4900,5200,4291,9.88,30,30.35,0x0000000000000001
2026-10-05_23:34:57,80,58,63,38,4900,5200,4291,9.30,30,33.37,0x0000000000000001
2026-10-05_23:35:27,78,56,59,38,4900,5200,4381,9.99,30,21.88,0x0000000000000001
2026-10-05_23:35:57,77,56,60,38,4900,5200,4366,9.67,13,27.35,0x0000000000000001
2026-10-05_23:36:27,78,56,61,38,4700,4900,4316,8.86,29,32.06,0x0000000000000001
2026-10-05_23:36:57,79,57,62,38,4900,5200,4310,8.39,36,28.80,0x0000000000000001
2026-10-05_23:37:27,79,57,63,38,4900,5200,4291,8.86,52,28.88,0x0000000000000001
2026-10-05_23:37:58,80,58,64,38,4900,5200,4283,8.85,29,32.92,0x0000000000000001
2026-10-05_23:38:28,76,56,59,38,4900,5200,4342,7.13,26,22.31,0x0000000000000001
2026-10-05_23:38:58,73,55,58,38,4900,5200,4368,7.83,29,21.89,0x0000000000000001
2026-10-05_23:39:28,78,57,62,38,4900,5200,4291,7.40,35,29.07,0x0000000000000001
2026-10-05_23:39:58,81,57,63,38,4900,5200,4246,7.88,34,29.44,0x0000000000000001
2026-10-05_23:40:28,82,57,64,38,4900,5200,4266,8.97,38,29.12,0x0000000000000001
2026-10-05_23:40:59,83,58,64,38,4900,5200,4241,9.66,35,29.47,0x0000000000000001
2026-10-05_23:41:29,80,57,62,38,4900,5200,4266,9.32,28,29.83,0x0000000000000001
2026-10-05_23:41:59,77,56,61,38,4800,4900,4304,7.48,30,29.62,0x0000000000000001
2026-10-05_23:42:29,79,57,63,38,4900,5200,4296,7.33,35,31.47,0x0000000000000001
2026-10-05_23:42:59,79,57,63,38,4900,5200,4316,7.65,29,29.09,0x0000000000000001
2026-10-05_23:43:29,79,58,63,39,4900,5200,4316,7.18,29,31.38,0x0000000000000001
2026-10-05_23:43:59,80,58,63,39,4900,5200,4266,6.44,29,30.46,0x0000000000000001
2026-10-05_23:44:30,78,56,60,39,4900,5200,4223,6.40,27,21.89,0x0000000000000001
2026-10-05_23:45:00,78,56,61,39,4800,4900,4296,5.28,35,29.44,0x0000000000000001
2026-10-05_23:45:30,79,57,63,38,4900,5200,4307,6.72,50,28.77,0x0000000000000001
2026-10-05_23:46:00,80,58,63,39,4900,5200,4291,8.12,31,30.08,0x0000000000000001
2026-10-05_23:46:30,80,58,63,39,4900,5200,4291,8.08,34,29.67,0x0000000000000001
2026-10-05_23:47:00,79,58,63,39,4900,5200,4291,9.37,30,30.14,0x0000000000000001
2026-10-05_23:47:30,76,57,59,39,4900,5200,4334,6.17,10,35.27,0x0000000000000001
2026-10-05_23:48:01,78,57,61,39,4800,4900,4298,6.76,38,28.91,0x0000000000000001
2026-10-05_23:48:31,79,57,63,39,4900,5200,4316,8.06,38,28.97,0x0000000000000001
2026-10-05_23:49:01,79,57,62,39,4900,5200,4291,7.67,38,28.96,0x0000000000000001
2026-10-05_23:49:31,79,57,63,38,4900,5200,4291,9.69,36,29.03,0x0000000000000001
2026-10-05_23:50:01,78,56,60,38,4900,5200,4366,8.14,23,21.38,0x0000000000000001
2026-10-05_23:50:31,72,55,58,39,4900,5200,4388,7.74,27,21.67,0x0000000000000001
2026-10-05_23:51:01,78,57,61,38,4800,4800,4316,10.75,34,28.69,0x0000000000000001
2026-10-05_23:51:32,81,57,63,38,4900,5200,4257,10.24,37,28.99,0x0000000000000001
2026-10-05_23:52:02,82,58,63,38,4900,5200,4279,10.77,36,29.42,0x0000000000000001
2026-10-05_23:52:32,82,58,64,38,4900,5200,4247,10.79,28,32.91,0x0000000000000001
2026-10-05_23:53:02,75,56,60,38,4900,5200,4312,9.60,33,24.36,0x0000000000000001
2026-10-05_23:53:32,74,55,60,38,4800,5000,4341,8.41,31,26.94,0x0000000000000001
2026-10-05_23:54:02,78,57,62,38,4900,5200,4316,10.21,38,29.74,0x0000000000000001
2026-10-05_23:54:32,79,57,62,38,4900,5200,4315,7.71,34,32.02,0x0000000000000001
2026-10-05_23:55:03,79,57,63,38,4900,5200,4291,9.60,29,31.32,0x0000000000000001
2026-10-05_23:55:33,80,57,63,38,4900,5200,4291,9.37,36,29.04,0x0000000000000001
2026-10-05_23:56:03,78,56,61,38,4800,5100,4341,8.60,28,32.66,0x0000000000000001
2026-10-05_23:56:33,77,56,61,38,4800,4900,4316,8.74,27,30.69,0x0000000000000001
2026-10-05_23:57:03,79,57,62,38,4900,5200,4309,9.61,35,31.01,0x0000000000000001
2026-10-05_23:57:33,79,57,63,38,4900,5200,4313,8.39,31,31.60,0x0000000000000001
2026-10-05_23:58:03,79,57,63,38,4900,5200,4316,9.62,36,32.26,0x0000000000000001
2026-10-05_23:58:34,79,57,63,38,4900,5200,4291,9.65,35,32.08,0x0000000000000001
2026-10-05_23:59:04,76,55,59,38,4900,5200,3921,7.43,28,22.65,0x0000000000000001
2026-10-05_23:59:34,77,56,61,38,4800,4900,4319,7.96,30,29.03,0x0000000000000001
2026-10-06_00:00:04,79,57,62,38,4900,5200,4292,7.45,35,31.31,0x0000000000000001
2026-10-06_00:00:34,79,57,63,38,4900,5200,4291,8.21,33,30.89,0x0000000000000001
2026-10-06_00:01:04,79,57,63,38,4900,5200,4307,9.25,34,29.00,0x0000000000000001
2026-10-06_00:01:35,79,58,61,38,4900,5200,4309,12.51,30,29.86,0x0000000000000001
2026-10-06_00:02:05,76,56,59,38,4900,5200,4365,12.03,10,24.36,0x0000000000000001
2026-10-06_00:02:35,78,56,62,38,4800,4900,4316,11.80,31,28.47,0x0000000000000001
2026-10-06_00:03:05,79,57,62,38,4900,5200,4291,11.35,29,29.91,0x0000000000000001
2026-10-06_00:03:35,79,57,62,38,4900,5200,4291,10.62,39,28.96,0x0000000000000001
2026-10-06_00:04:05,79,57,62,38,4900,5200,4291,9.86,35,28.90,0x0000000000000001
2026-10-06_00:04:35,78,56,61,38,4900,5200,4366,11.91,27,22.13,0x0000000000000001
2026-10-06_00:05:06,73,55,58,38,4900,5200,4382,8.19,26,21.65,0x0000000000000001
2026-10-06_00:05:36,77,56,61,38,4700,4900,4316,9.74,37,28.69,0x0000000000000001
2026-10-06_00:06:06,79,56,62,38,4900,5200,4291,8.66,38,28.78,0x0000000000000001
2026-10-06_00:06:36,79,57,63,38,4900,5200,4295,9.56,38,28.88,0x0000000000000001
2026-10-06_00:07:06,79,57,62,38,4900,5200,4341,10.40,38,28.90,0x0000000000000001
2026-10-06_00:07:36,75,57,59,39,4900,5200,4366,9.70,11,33.94,0x0000000000000001
2026-10-06_00:08:06,73,55,59,39,4800,4900,4391,8.75,29,27.69,0x0000000000000001
2026-10-06_00:08:37,78,57,61,39,4900,5000,4316,8.09,29,32.29,0x0000000000000001
2026-10-06_00:09:07,79,57,62,39,4900,5200,4291,11.54,31,28.94,0x0000000000000001
2026-10-06_00:09:37,79,57,62,39,4900,5200,4299,12.61,31,29.09,0x0000000000000001
2026-10-06_00:10:07,79,57,62,39,4900,5200,4172,12.10,30,29.91,0x0000000000000001
2026-10-06_00:10:37,74,55,59,39,4900,5200,4391,8.03,31,21.97,0x0000000000000001
2026-10-06_00:11:07,76,55,60,39,4800,4900,4326,6.31,33,28.88,0x0000000000000001
2026-10-06_00:11:37,78,57,62,38,4800,4900,4341,7.45,29,29.44,0x0000000000000001
2026-10-06_00:12:08,79,56,62,38,4900,5200,4080,7.99,35,29.31,0x0000000000000001
2026-10-06_00:12:38,79,57,63,38,4900,5200,4316,8.47,34,30.19,0x0000000000000001
2026-10-06_00:13:08,79,57,63,38,4900,5200,4291,8.11,29,30.02,0x0000000000000001
2026-10-06_00:13:38,77,56,60,38,4900,5200,4316,7.60,32,29.31,0x0000000000000001
2026-10-06_00:14:08,76,55,60,38,4700,4900,4321,8.33,37,28.54,0x0000000000000001
2026-10-06_00:14:38,78,56,62,38,4800,4900,4316,9.53,40,28.79,0x0000000000000001
2026-10-06_00:15:08,78,56,62,38,4900,5200,4316,13.66,37,28.87,0x0000000000000001
2026-10-06_00:15:39,78,56,61,38,4900,5200,4316,10.60,38,28.81,0x0000000000000001
2026-10-06_00:16:09,78,56,62,38,4900,5200,4316,8.92,37,28.82,0x0000000000000001
2026-10-06_00:16:39,70,53,56,38,4300,4500,4314,7.57,29,21.34,0x0000000000000001
2026-10-06_00:17:09,68,52,55,38,3900,3900,4401,5.05,29,21.33,0x0000000000000001
2026-10-06_00:17:39,69,52,56,38,3900,3900,4196,3.67,40,21.20,0x0000000000000001
2026-10-06_00:18:09,69,52,56,39,3900,3900,4391,2.60,31,21.23,0x0000000000000001
2026-10-06_00:18:39,69,53,57,39,3900,3900,4294,1.88,29,21.44,0x0000000000000001
2026-10-06_00:19:10,70,53,57,39,3900,3900,4390,1.76,29,21.38,0x0000000000000001
2026-10-06_00:19:40,70,52,53,39,3900,3900,3571,3.81,0,15.44,0x0000000000000001
2026-10-06_00:20:10,68,52,55,39,3900,3900,4128,2.82,39,20.88,0x0000000000000001
2026-10-06_00:20:40,69,52,55,39,3900,3900,4281,2.19,43,21.49,0x0000000000000001
2026-10-06_00:21:10,69,53,56,39,3900,3900,4391,2.77,43,21.61,0x0000000000000001
2026-10-06_00:21:40,70,53,56,39,3900,3900,4392,3.95,30,21.38,0x0000000000000001
2026-10-06_00:22:10,70,53,56,39,3900,3900,4369,4.20,30,21.49,0x0000000000000001
2026-10-06_00:22:41,66,54,53,40,3900,3900,4059,3.07,0,33.19,0x0000000000000001
2026-10-06_00:23:11,68,53,56,40,3900,3900,4416,2.51,30,21.25,0x0000000000000001
2026-10-06_00:23:41,70,53,56,40,3900,3900,4331,2.71,30,21.44,0x0000000000000001
2026-10-06_00:24:11,70,53,57,40,3900,3900,4106,3.78,30,21.58,0x0000000000000001
2026-10-06_00:24:41,70,54,57,40,3900,3900,4182,4.23,31,21.74,0x0000000000000001
2026-10-06_00:25:11,70,54,57,40,3900,3900,4068,2.68,31,21.69,0x0000000000000001
2026-10-06_00:25:41,69,53,56,40,3900,3900,4041,1.95,41,20.90,0x0000000000000001
2026-10-06_00:26:11,69,53,57,40,3900,3900,4201,3.35,32,20.97,0x0000000000000001
2026-10-06_00:26:42,71,54,58,40,3900,3900,4082,3.27,43,21.33,0x0000000000000001
2026-10-06_00:27:12,71,54,57,40,4200,4500,4083,3.42,29,21.52,0x0000000000000001
2026-10-06_00:27:42,70,54,57,40,4200,4500,4391,5.17,32,21.63,0x0000000000000001
2026-10-06_00:28:12,70,53,57,40,4200,4500,4391,5.38,30,21.54,0x0000000000000001
2026-10-06_00:28:42,68,53,56,40,3600,3600,4295,3.60,40,20.92,0x0000000000000001
2026-10-06_00:29:12,70,53,57,40,3900,3900,4391,4.26,41,21.22,0x0000000000000001
2026-10-06_00:29:42,71,54,58,40,4200,4500,4391,4.56,30,21.66,0x0000000000000001
2026-10-06_00:30:13,70,54,58,40,4200,4500,4390,3.10,29,21.59,0x0000000000000001
2026-10-06_00:30:43,71,54,57,40,4200,4500,4390,2.39,30,21.45,0x0000000000000001
2026-10-06_00:31:13,70,54,57,40,4200,4500,4218,2.53,28,21.32,0x0000000000000001
2026-10-06_00:31:43,68,53,56,40,3900,3900,4391,3.10,29,21.31,0x0000000000000001
2026-10-06_00:32:13,70,54,58,40,3900,3900,4391,3.10,30,21.35,0x0000000000000001
2026-10-06_00:32:43,71,54,58,40,4200,4500,4301,2.73,30,21.34,0x0000000000000001
2026-10-06_00:33:13,70,54,57,40,4200,4500,4345,1.95,31,21.59,0x0000000000000001
2026-10-06_00:33:43,70,54,57,40,4200,4500,4268,3.12,30,21.70,0x0000000000000001
2026-10-06_00:34:14,69,53,55,41,4200,4500,3457,2.35,0,15.41,0x0000000000000001
2026-10-06_00:34:44,69,53,57,41,3900,3900,4196,2.03,29,21.26,0x0000000000000001
2026-10-06_00:35:14,71,54,57,41,3900,3900,4298,3.57,29,21.54,0x0000000000000001
2026-10-06_00:35:44,71,54,58,41,4200,4500,4088,5.06,29,21.67,0x0000000000000001
2026-10-06_00:36:14,71,54,58,41,4200,4500,4002,3.61,43,21.50,0x0000000000000001
2026-10-06_00:36:44,71,54,58,41,4200,4500,4237,3.01,30,21.58,0x0000000000000001
2026-10-06_00:37:14,67,55,54,41,4200,4500,4222,5.17,0,33.41,0x0000000000000001
2026-10-06_00:37:45,69,54,56,41,3900,3900,4391,3.79,43,21.32,0x0000000000000001
2026-10-06_00:38:15,71,54,58,41,4200,4300,4371,2.75,29,21.46,0x0000000000000001
2026-10-06_00:38:45,71,54,58,41,4200,4500,4194,2.12,33,21.57,0x0000000000000001
2026-10-06_00:39:15,71,54,58,41,4200,4500,4184,3.50,29,21.82,0x0000000000000001
2026-10-06_00:39:45,71,54,57,41,4200,4500,4391,3.48,28,21.53,0x0000000000000001
2026-10-06_00:40:15,64,53,53,41,4100,4400,4008,2.38,1,15.50,0x0000000000000001
2026-10-06_00:40:45,70,54,56,41,3900,3900,4391,3.29,38,21.03,0x0000000000000001
2026-10-06_00:41:15,71,55,59,41,4200,4500,3980,2.68,42,21.51,0x0000000000000001
2026-10-06_00:41:46,71,54,58,41,4200,4500,4154,3.24,31,21.63,0x0000000000000001
2026-10-06_00:42:16,71,54,58,41,4200,4500,4277,2.80,42,21.52,0x0000000000000001
2026-10-06_00:42:46,71,54,58,41,4200,4500,4391,3.71,31,21.64,0x0000000000000001
2026-10-06_00:43:16,70,53,57,41,3900,4000,4084,3.02,43,19.99,0x0000000000000001
2026-10-06_00:43:46,70,54,58,41,3900,3900,4391,2.63,41,21.48,0x0000000000000001
2026-10-06_00:44:16,71,55,58,41,4200,4500,4391,2.22,30,21.67,0x0000000000000001
2026-10-06_00:44:46,74,55,59,41,4200,4500,4253,3.99,30,21.57,0x0000000000000001
2026-10-06_00:45:17,74,55,59,41,4200,4500,4366,4.99,28,21.76,0x0000000000000001
2026-10-06_00:45:47,74,55,60,41,4200,4500,4374,3.69,30,21.57,0x0000000000000001
2026-10-06_00:46:17,70,54,58,41,3900,3900,4390,2.38,31,21.55,0x0000000000000001
2026-10-06_00:46:47,71,55,59,41,3900,3900,4391,1.92,42,21.73,0x0000000000000001
2026-10-06_00:47:17,71,55,59,41,4200,4500,4391,1.97,31,21.95,0x0000000000000001
2026-10-06_00:47:47,71,55,59,41,4200,4500,4390,2.91,31,21.90,0x0000000000000001
2026-10-06_00:48:17,71,55,58,41,4200,4500,4108,5.06,31,21.87,0x0000000000000001
2026-10-06_00:48:48,70,55,55,41,4200,4500,3833,4.01,0,33.52,0x0000000000000001
2026-10-06_00:49:18,70,54,58,41,3900,3900,4415,3.54,31,21.16,0x0000000000000001
2026-10-06_00:49:48,71,55,58,41,4200,4400,4391,3.67,33,21.49,0x0000000000000001
2026-10-06_00:50:18,71,55,58,41,4200,4500,4237,3.84,33,21.54,0x0000000000000001
2026-10-06_00:50:48,71,55,58,41,4200,4500,4391,5.44,33,21.26,0x0000000000000001
2026-10-06_00:51:18,71,55,59,41,4200,4500,4280,4.05,42,21.57,0x0000000000000001
2026-10-06_00:51:48,64,54,53,41,4100,4400,4247,5.14,1,15.52,0x0000000000000001
2026-10-06_00:52:18,70,55,57,41,3900,3900,4391,3.88,30,21.51,0x0000000000000001
2026-10-06_00:52:49,73,55,59,42,4200,4500,4391,4.81,29,21.74,0x0000000000000001
2026-10-06_00:53:19,74,55,59,42,4800,4800,4391,3.68,29,21.69,0x0000000000000001
2026-10-06_00:53:49,74,54,58,41,4800,4800,4390,3.39,30,21.65,0x0000000000000001
2026-10-06_00:54:19,73,54,58,41,4800,4800,4375,4.64,32,21.27,0x0000000000000001
2026-10-06_00:54:49,69,53,57,41,3900,3900,4390,4.98,29,21.34,0x0000000000000001
2026-10-06_00:55:19,70,54,58,41,3900,3900,4375,4.20,41,21.50,0x0000000000000001
2026-10-06_00:55:49,71,55,58,41,4200,4500,4178,2.74,31,21.46,0x0000000000000001
2026-10-06_00:56:20,71,55,58,41,4200,4500,4374,2.11,43,21.57,0x0000000000000001
2026-10-06_00:56:50,71,55,59,41,4200,4500,4391,2.55,28,21.79,0x0000000000000001
2026-10-06_00:57:20,71,55,59,41,4200,4500,4391,3.63,29,21.66,0x0000000000000001
2026-10-06_00:57:50,69,54,57,41,3900,3900,4245,4.64,41,21.47,0x0000000000000001
2026-10-06_00:58:20,72,55,59,42,4000,4000,4391,3.77,30,21.74,0x0000000000000001
2026-10-06_00:58:50,71,55,58,42,4200,4500,4224,2.68,30,21.64,0x0000000000000001
2026-10-06_00:59:20,71,55,57,42,4200,4500,4286,2.14,32,21.43,0x0000000000000001
2026-10-06_00:59:50,71,55,57,42,4200,4500,4391,2.87,30,21.37,0x0000000000000001
2026-10-06_01:00:21,71,54,56,42,4200,4500,3430,3.66,0,19.18,0x0000000000000001
2026-10-06_01:00:51,70,54,57,42,3900,3900,4190,2.73,40,21.43,0x0000000000000001
2026-10-06_01:01:21,72,55,59,42,4200,4400,4297,3.07,31,21.67,0x0000000000000001
2026-10-06_01:01:51,72,55,59,42,4200,4500,4160,3.71,31,21.71,0x0000000000000001
2026-10-06_01:02:21,71,55,58,42,4200,4500,4231,2.63,32,21.46,0x0000000000000001
2026-10-06_01:02:51,71,55,58,42,4200,4500,4237,2.65,29,21.60,0x0000000000000001
2026-10-06_01:03:21,70,56,55,42,4200,4500,4109,1.98,0,33.57,0x0000000000000001
2026-10-06_01:03:52,70,55,58,42,3900,3900,4390,1.75,41,21.40,0x0000000000000001
2026-10-06_01:04:22,72,55,58,42,4200,4500,4366,1.84,30,21.68,0x0000000000000001
2026-10-06_01:04:52,71,55,59,42,4200,4500,4366,1.50,33,21.67,0x0000000000000001
2026-10-06_01:05:22,72,55,59,42,4200,4500,4339,1.77,32,21.62,0x0000000000000001
2026-10-06_01:05:52,71,55,58,42,4200,4500,4391,3.29,30,21.66,0x0000000000000001
2026-10-06_01:06:22,65,54,54,42,4200,4500,4174,2.41,1,15.67,0x0000000000000001
2026-10-06_01:06:52,70,55,59,42,3900,3900,4390,4.33,28,21.63,0x0000000000000001
2026-10-06_01:07:22,71,55,59,42,4200,4500,4369,4.14,32,21.66,0x0000000000000001
2026-10-06_01:07:53,71,55,58,42,4200,4500,4391,3.27,30,21.58,0x0000000000000001
2026-10-06_01:08:23,71,55,58,42,4200,4500,4182,3.59,29,21.57,0x0000000000000001
2026-10-06_01:08:53,71,55,57,42,4200,4500,4377,3.43,45,21.47,0x0000000000000001
2026-10-06_01:09:23,64,53,53,42,3900,4100,4027,3.08,0,15.71,0x0000000000000001
2026-10-06_01:09:53,70,54,57,42,3900,3900,4391,2.84,40,21.25,0x0000000000000001
2026-10-06_01:10:23,71,55,58,42,4200,4500,4391,3.04,46,21.74,0x0000000000000001
2026-10-06_01:10:53,71,54,57,42,4200,4500,3907,4.16,42,21.44,0x0000000000000001
2026-10-06_01:11:24,71,54,57,42,4200,4500,4005,2.78,30,21.60,0x0000000000000001
2026-10-06_01:11:54,71,54,57,42,4200,4500,4366,3.12,28,21.71,0x0000000000000001
2026-10-06_01:12:24,65,53,55,42,3900,4200,4270,2.32,39,19.62,0x0000000000000001
2026-10-06_01:12:54,70,54,57,42,3900,3900,4391,4.94,30,21.62,0x0000000000000001
2026-10-06_01:13:24,71,54,58,41,4200,4500,4391,6.54,33,21.48,0x0000000000000001
2026-10-06_01:13:54,71,54,58,41,4200,4500,4373,5.97,30,21.65,0x0000000000000001
2026-10-06_01:14:24,71,54,57,41,4200,4500,4391,4.72,32,21.53,0x0000000000000001
2026-10-06_01:14:54,71,54,57,42,4200,4500,4391,4.04,29,21.37,0x0000000000000001
2026-10-06_01:15:25,69,53,56,41,3900,3900,4183,2.94,41,21.23,0x0000000000000001
2026-10-06_01:15:55,70,54,58,41,3900,3900,4231,2.79,41,21.43,0x0000000000000001
2026-10-06_01:16:25,71,54,58,41,4200,4500,4391,2.42,42,21.80,0x0000000000000001
2026-10-06_01:16:55,70,54,57,41,4200,4500,4217,3.51,43,21.89,0x0000000000000001
2026-10-06_01:17:25,70,54,57,41,4200,4500,4390,2.64,29,21.43,0x0000000000000001
2026-10-06_01:17:55,70,54,57,41,4200,4500,4194,3.24,45,21.54,0x0000000000000001
2026-10-06_01:18:25,69,53,57,41,3900,3900,4219,2.37,30,21.27,0x0000000000000001
2026-10-06_01:18:56,70,54,57,41,3900,3900,4391,1.92,41,21.35,0x0000000000000001
2026-10-06_01:19:26,71,54,58,41,4200,4500,4119,3.28,42,21.55,0x0000000000000001
2026-10-06_01:19:56,71,54,58,41,4200,4500,4391,2.51,29,21.46,0x0000000000000001
2026-10-06_01:20:26,70,54,58,41,4200,4500,4411,2.09,31,21.56,0x0000000000000001
2026-10-06_01:20:56,70,54,57,40,4200,4500,4391,2.37,44,21.40,0x0000000000000001
2026-10-06_01:21:26,69,53,56,40,3900,3900,4390,1.72,29,21.44,0x0000000000000001
2026-10-06_01:21:56,71,54,58,40,3900,3900,4227,3.59,31,21.56,0x0000000000000001
2026-10-06_01:22:27,71,54,58,41,4200,4500,4389,3.49,30,21.70,0x0000000000000001
2026-10-06_01:22:57,71,54,56,41,4200,4500,4075,5.06,41,21.46,0x0000000000000001
2026-10-06_01:23:27,71,54,57,41,4200,4500,4220,4.50,43,21.62,0x0000000000000001
2026-10-06_01:23:57,69,54,54,40,4200,4500,3825,3.97,0,15.55,0x0000000000000001
2026-10-06_01:24:27,69,53,58,40,3900,3900,4390,3.57,31,21.49,0x0000000000000001
2026-10-06_01:24:57,70,54,58,41,3900,3900,4041,3.82,29,21.49,0x0000000000000001
2026-10-06_01:25:27,71,54,58,41,4200,4500,4391,3.95,32,21.45,0x0000000000000001
2026-10-06_01:25:58,71,54,58,41,4200,4500,4361,4.84,29,21.47,0x0000000000000001
2026-10-06_01:26:28,71,54,57,41,4200,4500,4224,5.26,33,21.35,0x0000000000000001
2026-10-06_01:26:58,65,53,54,41,4200,4500,4160,3.51,1,16.58,0x0000000000000001
2026-10-06_01:27:28,70,54,58,41,3900,3900,4391,3.12,30,21.34,0x0000000000000001
2026-10-06_01:27:58,71,55,57,41,4200,4300,4217,5.23,30,21.66,0x0000000000000001
2026-10-06_01:28:28,71,54,58,41,4200,4500,4391,4.22,42,21.73,0x0000000000000001
2026-10-06_01:28:58,71,54,58,41,4200,4500,4391,3.68,43,21.45,0x0000000000000001
2026-10-06_01:29:28,71,54,58,41,4200,4500,4182,3.45,30,21.79,0x0000000000000001
2026-10-06_01:29:59,65,53,55,41,4000,4300,4415,3.28,40,19.86,0x0000000000000001
2026-10-06_01:30:29,70,54,58,41,3900,3900,4277,4.12,30,21.48,0x0000000000000001
2026-10-06_01:30:59,71,55,58,41,4200,4500,4315,4.45,44,21.86,0x0000000000000001
2026-10-06_01:31:29,71,54,58,41,4200,4500,4060,3.33,31,21.47,0x0000000000000001
2026-10-06_01:31:59,71,54,58,41,4200,4500,4349,5.10,30,21.68,0x0000000000000001
2026-10-06_01:32:29,71,54,58,41,4200,4500,4154,3.85,29,21.74,0x0000000000000001
2026-10-06_01:32:59,70,53,57,41,3900,3900,4308,3.03,29,21.50,0x0000000000000001
2026-10-06_01:33:30,70,55,58,41,3900,3900,4224,3.70,29,21.62,0x0000000000000001
2026-10-06_01:34:00,71,55,58,41,4200,4500,4391,3.55,32,21.66,0x0000000000000001
2026-10-06_01:34:30,71,55,58,41,4200,4500,4174,4.36,30,21.72,0x0000000000000001
2026-10-06_01:35:00,71,55,57,41,4200,4500,4273,5.34,32,21.38,0x0000000000000001
2026-10-06_01:35:30,71,55,58,41,4200,4500,4245,3.66,29,21.56,0x0000000000000001
2026-10-06_01:36:00,70,54,56,41,3900,3900,4054,3.58,28,21.18,0x0000000000000001
2026-10-06_01:36:30,71,55,58,42,3900,3900,4390,3.40,42,21.67,0x0000000000000001
2026-10-06_01:37:00,71,55,59,42,4200,4500,4391,3.39,30,21.76,0x0000000000000001
2026-10-06_01:37:31,71,55,59,42,4200,4500,4089,3.42,30,21.75,0x0000000000000001
2026-10-06_01:38:01,71,55,59,41,4200,4500,4245,3.91,30,21.69,0x0000000000000001
2026-10-06_01:38:31,70,55,58,41,4200,4500,4084,3.58,31,21.18,0x0000000000000001
2026-10-06_01:39:01,70,54,57,41,3900,3900,4269,2.84,40,21.08,0x0000000000000001
2026-10-06_01:39:31,72,55,58,41,4200,4200,4384,3.41,29,21.71,0x0000000000000001
2026-10-06_01:40:01,71,55,59,42,4200,4500,4390,4.27,42,21.57,0x0000000000000001
2026-10-06_01:40:31,71,55,58,41,4200,4500,4270,3.63,30,21.68,0x0000000000000001
2026-10-06_01:41:02,72,55,59,41,4200,4500,4361,2.95,30,22.03,0x0000000000000001
2026-10-06_01:41:32,71,54,55,41,4200,4500,3439,2.63,0,15.70,0x0000000000000001
2026-10-06_01:42:02,70,54,58,42,3900,3900,4390,1.78,30,21.70,0x0000000000000001
2026-10-06_01:42:32,71,55,58,42,4200,4500,4245,2.92,30,21.75,0x0000000000000001
2026-10-06_01:43:02,71,55,59,42,4200,4500,4365,5.84,29,21.63,0x0000000000000001
2026-10-06_01:43:32,71,55,60,42,4200,4500,4391,5.25,33,21.62,0x0000000000000001
2026-10-06_01:44:02,71,55,59,42,4200,4500,4368,3.56,31,21.60,0x0000000000000001
2026-10-06_01:44:33,67,55,54,42,4200,4500,4089,3.91,0,30.91,0x0000000000000001
2026-10-06_01:45:03,70,55,58,42,3900,3900,4391,2.69,33,21.36,0x0000000000000001
2026-10-06_01:45:33,72,55,59,42,4200,4500,4280,4.21,42,21.60,0x0000000000000001
2026-10-06_01:46:03,72,55,59,42,4200,4500,4390,4.17,31,21.78,0x0000000000000001
2026-10-06_01:46:33,71,55,59,42,4200,4500,4110,2.91,30,21.68,0x0000000000000001
2026-10-06_01:47:03,72,55,58,42,4200,4500,4375,2.45,31,21.70,0x0000000000000001
2026-10-06_01:47:33,66,54,55,42,4100,4400,4239,1.85,39,19.72,0x0000000000000001
2026-10-06_01:48:03,71,55,58,42,3900,3900,4314,2.44,41,21.25,0x0000000000000001
2026-10-06_01:48:34,71,55,57,42,4200,4500,4212,4.01,33,21.76,0x0000000000000001
2026-10-06_01:49:04,71,55,59,42,4200,4500,4372,5.08,29,21.61,0x0000000000000001
2026-10-06_01:49:34,71,55,59,42,4200,4500,4390,3.49,40,21.52,0x0000000000000001
2026-10-06_01:50:04,71,55,58,42,4200,4500,4391,2.52,30,21.65,0x0000000000000001
2026-10-06_01:50:34,65,53,55,42,3900,3900,4293,2.22,40,19.88,0x0000000000000001
2026-10-06_01:51:04,70,55,58,42,3900,3900,4390,2.18,30,21.71,0x0000000000000001
2026-10-06_01:51:34,71,55,59,42,4200,4500,4366,2.38,31,21.72,0x0000000000000001
2026-10-06_01:52:05,71,55,59,42,4200,4500,4170,2.01,30,21.91,0x0000000000000001
2026-10-06_01:52:35,71,55,58,42,4200,4500,4391,2.01,32,21.67,0x0000000000000001
2026-10-06_01:53:05,71,55,58,42,4200,4500,4181,1.84,31,21.72,0x0000000000000001
2026-10-06_01:53:35,70,53,57,42,3900,3900,4403,1.40,29,21.11,0x0000000000000001
2026-10-06_01:54:05,70,54,58,42,3900,3900,4083,1.73,41,21.38,0x0000000000000001
2026-10-06_01:54:35,71,55,58,42,4200,4500,4386,3.81,44,21.73,0x0000000000000001
2026-10-06_01:55:05,71,54,58,42,4200,4500,4375,4.73,30,21.81,0x0000000000000001
2026-10-06_01:55:35,71,54,58,42,4200,4500,4235,3.48,34,21.67,0x0000000000000001
2026-10-06_01:56:06,71,54,58,42,4200,4500,4391,2.54,44,21.79,0x0000000000000001
2026-10-06_01:56:36,69,54,57,42,3900,3900,4391,1.65,42,21.57,0x0000000000000001
2026-10-06_01:57:06,71,54,58,42,3900,3900,4391,2.40,30,21.64,0x0000000000000001
2026-10-06_01:57:36,71,54,58,42,4200,4500,4390,3.54,31,21.76,0x0000000000000001
2026-10-06_01:58:06,71,54,58,41,4200,4500,4377,4.12,31,21.51,0x0000000000000001
2026-10-06_01:58:36,71,54,58,41,4200,4500,4094,2.91,29,21.70,0x0000000000000001
2026-10-06_01:59:06,70,54,58,41,4200,4500,4391,3.78,30,21.51,0x0000000000000001
2026-10-06_01:59:37,69,54,57,41,3900,3900,4391,2.80,29,21.49,0x0000000000000001
2026-10-06_02:00:07,71,54,58,42,3900,3900,4391,2.90,30,21.57,0x0000000000000001
2026-10-06_02:00:37,71,54,57,42,4200,4500,4250,3.63,44,21.60,0x0000000000000001
2026-10-06_02:01:07,71,54,58,42,4200,4500,4391,2.76,42,21.67,0x0000000000000001
2026-10-06_02:01:37,71,54,57,41,4200,4500,4136,3.22,32,21.65,0x0000000000000001
2026-10-06_02:02:07,71,54,56,41,4200,4500,3535,2.46,0,15.63,0x0000000000000001
2026-10-06_02:02:37,69,54,57,41,3900,3900,4390,2.16,41,21.31,0x0000000000000001
2026-10-06_02:03:07,71,54,58,41,3900,3900,4391,2.66,32,21.61,0x0000000000000001
2026-10-06_02:03:38,71,54,58,41,4200,4500,4390,3.81,30,21.64,0x0000000000000001
2026-10-06_02:04:08,70,54,58,41,4200,4500,4391,3.84,29,21.60,0x0000000000000001
2026-10-06_02:04:38,70,54,58,41,4200,4500,4391,4.76,30,21.49,0x0000000000000001
2026-10-06_02:05:08,67,55,54,41,4200,4500,4344,3.87,0,33.37,0x0000000000000001
2026-10-06_02:05:38,69,54,57,41,3900,3900,4339,3.73,41,20.93,0x0000000000000001
2026-10-06_02:06:08,71,54,58,41,3900,3900,4391,4.38,32,21.60,0x0000000000000001
2026-10-06_02:06:38,71,54,58,41,4200,4500,4315,3.36,30,21.80,0x0000000000000001
2026-10-06_02:07:09,70,54,57,41,4200,4500,4391,2.51,32,21.67,0x0000000000000001
2026-10-06_02:07:39,70,54,58,41,4200,4500,4402,3.60,30,21.53,0x0000000000000001
2026-10-06_02:08:09,63,53,53,41,3900,4300,3565,2.42,1,15.53,0x0000000000000001
2026-10-06_02:08:39,70,54,57,41,3900,3900,4017,2.62,41,21.45,0x0000000000000001
2026-10-06_02:09:09,71,54,58,41,4200,4300,4221,3.27,31,21.66,0x0000000000000001
2026-10-06_02:09:39,71,54,58,41,4200,4500,4391,2.64,31,21.79,0x0000000000000001
2026-10-06_02:10:09,70,54,58,41,4200,4500,4301,3.21,33,22.01,0x0000000000000001
2026-10-06_02:10:39,70,54,57,41,4200,4500,4391,2.30,31,21.47,0x0000000000000001
2026-10-06_02:11:10,70,53,56,41,3900,3900,4298,1.69,42,20.13,0x0000000000000001
2026-10-06_02:11:40,70,54,57,41,3900,3900,4391,2.84,31,21.38,0x0000000000000001
2026-10-06_02:12:10,71,54,58,41,4200,4500,4234,2.54,29,21.50,0x0000000000000001
2026-10-06_02:12:40,71,54,57,41,4200,4500,4390,2.85,30,21.50,0x0000000000000001
2026-10-06_02:13:10,71,54,58,41,4200,4500,4076,3.41,30,21.62,0x0000000000000001
2026-10-06_02:13:40,70,54,57,41,4200,4500,4233,4.75,41,21.33,0x0000000000000001
2026-10-06_02:14:10,69,53,55,41,3600,3600,4207,4.66,44,20.14,0x0000000000000001
2026-10-06_02:14:41,70,54,58,41,3900,3900,4187,3.99,29,21.52,0x0000000000000001
2026-10-06_02:15:11,71,54,57,41,4200,4500,4391,3.90,30,21.83,0x0000000000000001
2026-10-06_02:15:41,70,54,59,41,4200,4500,4391,4.95,30,21.51,0x0000000000000001
2026-10-06_02:16:11,70,54,57,41,4200,4500,4391,4.10,31,21.53,0x0000000000000001
2026-10-06_02:16:41,70,54,57,41,4200,4500,4372,2.82,31,21.32,0x0000000000000001
2026-10-06_02:17:11,69,53,56,41,3900,3900,4163,3.28,29,21.15,0x0000000000000001
2026-10-06_02:17:41,70,54,58,41,3900,3900,4391,2.18,31,21.55,0x0000000000000001
2026-10-06_02:18:12,71,54,58,41,3900,3900,4116,3.38,30,21.52,0x0000000000000001
2026-10-06_02:18:42,70,54,57,41,4200,4500,4391,3.55,30,21.42,0x0000000000000001
2026-10-06_02:19:12,70,54,57,41,4200,4500,4390,4.02,31,21.36,0x0000000000000001
2026-10-06_02:19:42,70,54,57,41,4200,4500,4391,2.91,28,21.47,0x0000000000000001
2026-10-06_02:20:12,69,53,57,41,3900,3900,4229,3.65,40,21.00,0x0000000000000001
2026-10-06_02:20:42,70,54,58,41,3900,3900,4391,3.58,32,21.48,0x0000000000000001
2026-10-06_02:21:12,71,54,58,41,4000,4000,4119,4.34,29,21.45,0x0000000000000001
2026-10-06_02:21:42,70,54,57,41,4200,4500,4391,3.00,29,21.48,0x0000000000000001
2026-10-06_02:22:13,70,53,57,41,4200,4500,4391,3.20,29,21.39,0x0000000000000001
2026-10-06_02:22:43,69,53,54,41,4200,4500,3606,2.75,0,16.42,0x0000000000000001
2026-10-06_02:23:13,69,53,57,41,3900,3900,4070,3.08,28,21.40,0x0000000000000001
2026-10-06_02:23:43,70,54,58,41,3900,3900,4205,4.26,44,21.58,0x0000000000000001
2026-10-06_02:24:13,70,54,58,41,3900,3900,4281,3.00,30,21.69,0x0000000000000001
2026-10-06_02:24:43,70,54,57,41,4200,4500,4391,2.38,29,21.62,0x0000000000000001
2026-10-06_02:25:13,70,54,58,41,4200,4500,4275,1.80,29,21.73,0x0000000000000001
2026-10-06_02:25:44,68,54,54,41,4200,4500,4307,2.30,0,33.19,0x0000000000000001
2026-10-06_02:26:14,69,53,57,41,3900,3900,4280,1.55,41,20.99,0x0000000000000001
2026-10-06_02:26:44,70,54,57,41,3900,3900,4122,2.37,44,21.74,0x0000000000000001
2026-10-06_02:27:14,70,54,57,41,4200,4500,4391,2.30,31,21.62,0x0000000000000001
2026-10-06_02:27:44,70,54,57,41,4200,4500,4124,2.10,29,21.78,0x0000000000000001
2026-10-06_02:28:14,70,53,57,41,4200,4500,3921,3.09,31,21.39,0x0000000000000001
2026-10-06_02:28:44,63,52,52,41,3900,4100,4011,2.12,0,15.44,0x0000000000000001
2026-10-06_02:29:14,69,53,57,41,3900,3900,4372,1.65,41,21.32,0x0000000000000001
2026-10-06_02:29:45,70,54,57,41,3900,3900,4391,2.33,42,21.41,0x0000000000000001
2026-10-06_02:30:15,70,54,57,41,3900,3900,4390,3.49,29,21.48,0x0000000000000001
2026-10-06_02:30:45,70,54,57,41,4200,4500,4281,4.08,42,21.45,0x0000000000000001
2026-10-06_02:31:15,70,54,57,41,4200,4500,4391,3.72,30,21.49,0x0000000000000001
2026-10-06_02:31:45,67,52,56,41,3900,4000,4391,2.73,36,19.49,0x0000000000000001
2026-10-06_02:32:15,69,53,57,41,3900,3900,4391,2.56,41,21.09,0x0000000000000001
2026-10-06_02:32:45,71,54,57,41,3900,3900,4391,3.16,43,21.70,0x0000000000000001
2026-10-06_02:33:16,70,54,58,41,4200,4500,4374,6.14,30,21.55,0x0000000000000001
2026-10-06_02:33:46,70,54,57,41,4200,4500,4207,4.92,31,21.69,0x0000000000000001
2026-10-06_02:34:16,70,53,57,40,4200,4500,4189,5.32,30,21.53,0x0000000000000001
2026-10-06_02:34:46,69,52,55,40,3900,3900,4391,3.54,38,20.92,0x0000000000000001
2026-10-06_02:35:16,69,53,57,40,3900,3900,4170,3.68,33,21.32,0x0000000000000001
2026-10-06_02:35:46,70,54,57,40,3900,3900,4390,2.84,29,21.57,0x0000000000000001
2026-10-06_02:36:16,70,54,58,40,3900,3800,4237,2.93,30,21.68,0x0000000000000001
2026-10-06_02:36:47,70,54,57,41,4200,4500,4391,2.39,43,21.51,0x0000000000000001
2026-10-06_02:37:17,70,54,57,41,4200,4500,4126,2.65,32,21.61,0x0000000000000001
2026-10-06_02:37:47,69,53,57,41,3900,3900,4391,2.70,30,21.35,0x0000000000000001
2026-10-06_02:38:17,70,54,59,41,3900,3800,4178,4.51,29,21.70,0x0000000000000001
2026-10-06_02:38:47,70,54,57,41,3900,3900,4183,4.12,30,21.74,0x0000000000000001
2026-10-06_02:39:17,70,54,58,41,4200,4500,4391,3.52,30,21.80,0x0000000000000001
2026-10-06_02:39:47,70,53,57,41,4200,4500,4344,3.36,31,21.42,0x0000000000000001
2026-10-06_02:40:17,69,53,57,41,4200,4500,4391,3.78,33,21.06,0x0000000000000001
2026-10-06_02:40:48,69,53,56,41,3900,3900,4416,3.26,43,21.33,0x0000000000000001
2026-10-06_02:41:18,70,54,58,41,3900,3800,4273,3.43,35,21.46,0x0000000000000001
2026-10-06_02:41:48,70,54,57,41,3900,3900,4342,3.06,31,21.36,0x0000000000000001
2026-10-06_02:42:18,71,54,57,41,4200,4400,4391,3.39,30,21.83,0x0000000000000001
2026-10-06_02:42:48,70,54,57,41,4200,4500,4281,4.48,31,21.68,0x0000000000000001
2026-10-06_02:43:18,69,54,55,41,4200,4500,3839,4.32,1,17.69,0x0000000000000001
2026-10-06_02:43:48,69,53,56,41,3900,3900,4203,4.88,28,21.41,0x0000000000000001
2026-10-06_02:44:19,70,54,57,41,3900,3900,4153,3.36,30,21.43,0x0000000000000001
2026-10-06_02:44:49,70,54,58,41,3900,3900,4298,4.90,29,21.39,0x0000000000000001
2026-10-06_02:45:19,71,54,58,41,3900,3800,4390,3.99,30,21.76,0x0000000000000001
2026-10-06_02:45:49,70,54,57,41,4200,4500,4351,3.07,30,21.82,0x0000000000000001
2026-10-06_02:46:19,65,53,53,40,4200,4500,3876,2.85,1,17.56,0x0000000000000001
2026-10-06_02:46:49,69,54,57,40,3900,3900,4186,2.92,30,21.13,0x0000000000000001
2026-10-06_02:47:19,71,54,59,40,3900,3900,4262,3.93,30,21.76,0x0000000000000001
2026-10-06_02:47:49,71,54,58,41,4200,4500,4206,4.30,29,21.49,0x0000000000000001
2026-10-06_02:48:20,70,54,57,40,4200,4500,4390,4.79,43,21.42,0x0000000000000001
2026-10-06_02:48:50,70,54,58,40,4200,4500,4212,3.49,30,21.51,0x0000000000000001
2026-10-06_02:49:20,65,52,54,40,3900,4000,4415,2.55,38,19.36,0x0000000000000001
2026-10-06_02:49:50,69,54,58,40,3900,3900,4391,2.20,28,21.19,0x0000000000000001
2026-10-06_02:50:20,71,54,58,40,3900,3900,4146,2.91,39,20.81,0x0000000000000001
2026-10-06_02:50:50,70,54,58,40,3900,3900,4390,3.53,31,21.60,0x0000000000000001
2026-10-06_02:51:20,71,54,57,41,4200,4500,4233,2.95,40,21.12,0x0000000000000001
2026-10-06_02:51:51,70,54,57,41,4200,4500,4288,2.68,34,21.31,0x0000000000000001
2026-10-06_02:52:21,69,53,57,41,3700,3700,4391,1.90,30,21.46,0x0000000000000001
2026-10-06_02:52:51,70,54,58,41,3900,3900,4190,1.60,43,21.51,0x0000000000000001
2026-10-06_02:53:21,71,54,58,41,4200,4500,4379,1.93,30,21.49,0x0000000000000001
2026-10-06_02:53:51,70,54,57,41,4200,4500,4390,5.48,30,21.59,0x0000000000000001
2026-10-06_02:54:21,70,54,57,40,4200,4500,4391,4.15,31,21.44,0x0000000000000001
2026-10-06_02:54:51,70,53,55,40,4200,4500,3688,4.45,0,17.10,0x0000000000000001
2026-10-06_02:55:21,69,53,57,40,3900,3900,4391,4.34,31,20.98,0x0000000000000001
2026-10-06_02:55:52,70,54,58,40,3900,3900,3973,5.57,30,21.72,0x0000000000000001
2026-10-06_02:56:22,71,54,57,40,4200,4500,4390,3.93,30,21.50,0x0000000000000001
2026-10-06_02:56:52,70,54,58,40,4200,4500,4099,3.26,41,21.18,0x0000000000000001
2026-10-06_02:57:22,70,53,56,40,4200,4500,4406,2.72,41,21.26,0x0000000000000001
2026-10-06_02:57:52,65,52,53,40,4000,4300,4458,2.47,0,16.91,0x0000000000000001
2026-10-06_02:58:22,69,53,56,40,3900,3900,4342,1.79,40,20.94,0x0000000000000001
2026-10-06_02:58:52,70,54,57,40,3900,3900,4391,1.55,30,21.56,0x0000000000000001
2026-10-06_02:59:23,70,54,58,40,3900,3900,4335,3.06,30,21.51,0x0000000000000001
2026-10-06_02:59:53,70,54,57,40,4200,4500,4021,3.04,30,21.54,0x0000000000000001
2026-10-06_03:00:23,70,53,57,40,4200,4500,4292,5.31,30,21.72,0x0000000000000001
2026-10-06_03:00:53,64,52,54,40,3900,3900,4433,5.31,40,19.50,0x0000000000000001
2026-10-06_03:01:23,69,53,57,40,3900,3900,4145,6.60,29,21.36,0x0000000000000001
2026-10-06_03:01:53,70,53,56,40,3900,3900,4391,5.71,44,21.65,0x0000000000000001
2026-10-06_03:02:23,70,54,57,40,3900,3900,4143,4.10,31,21.42,0x0000000000000001
2026-10-06_03:02:53,70,54,57,40,3900,3900,4254,3.58,42,21.16,0x0000000000000001
2026-10-06_03:03:24,70,54,57,40,3900,3900,4231,2.91,45,21.74,0x0000000000000001
2026-10-06_03:03:54,70,53,55,40,3900,3900,4416,2.85,31,21.17,0x0000000000000001
2026-10-06_03:04:24,69,53,57,40,3900,3900,4097,2.18,28,21.42,0x0000000000000001
2026-10-06_03:04:54,70,54,57,40,3900,3900,4303,1.85,30,21.68,0x0000000000000001
2026-10-06_03:05:24,71,54,58,40,3900,3900,4391,3.52,29,21.74,0x0000000000000001
2026-10-06_03:05:54,70,53,57,40,4200,4500,4390,5.74,31,21.40,0x0000000000000001
2026-10-06_03:06:24,70,53,57,40,4200,4500,4132,4.71,32,21.59,0x0000000000000001
2026-10-06_03:06:55,68,52,57,40,3900,3900,4229,3.24,28,21.23,0x0000000000000001
2026-10-06_03:07:25,70,53,57,40,3900,3900,4200,4.39,43,21.49,0x0000000000000001
2026-10-06_03:07:55,70,53,57,40,3900,3900,4391,3.99,42,21.36,0x0000000000000001
2026-10-06_03:08:25,70,53,57,39,3900,3900,4391,3.00,29,21.67,0x0000000000000001
2026-10-06_03:08:55,70,54,56,39,3900,3900,4240,4.43,32,21.18,0x0000000000000001
2026-10-06_03:09:25,71,53,54,39,3900,3900,2998,4.60,0,15.54,0x0000000000000001
2026-10-06_03:09:55,69,53,57,39,3900,3900,4121,3.36,40,20.83,0x0000000000000001
2026-10-06_03:10:26,70,53,57,39,3900,3900,4390,3.92,33,21.63,0x0000000000000001
2026-10-06_03:10:56,70,53,57,40,3900,3900,4242,4.15,28,21.45,0x0000000000000001
2026-10-06_03:11:26,70,53,57,40,3900,3900,4236,3.11,29,21.81,0x0000000000000001
2026-10-06_03:11:56,73,54,59,39,4000,4000,4391,2.84,30,21.55,0x0000000000000001
2026-10-06_03:12:26,64,52,54,39,3900,4200,3928,2.52,39,17.59,0x0000000000000001
2026-10-06_03:12:56,69,53,57,39,3900,3900,4216,3.59,40,20.97,0x0000000000000001
2026-10-06_03:13:26,69,53,56,39,3900,3900,4311,3.95,32,21.44,0x0000000000000001
2026-10-06_03:13:56,70,53,56,39,3900,3900,4391,4.84,31,21.52,0x0000000000000001
2026-10-06_03:14:27,70,53,57,39,3900,3900,4416,4.12,31,21.62,0x0000000000000001
2026-10-06_03:14:57,70,53,57,39,3900,3900,4414,2.88,32,21.43,0x0000000000000001
2026-10-06_03:15:27,69,52,54,38,3900,3900,4142,2.68,33,21.16,0x0000000000000001
2026-10-06_03:15:57,68,52,55,38,3900,3900,4390,2.38,43,21.38,0x0000000000000001
2026-10-06_03:16:27,68,52,55,38,3600,3600,4416,2.64,31,21.02,0x0000000000000001
2026-10-06_03:16:57,68,52,56,39,3900,3900,4162,2.11,31,21.30,0x0000000000000001
2026-10-06_03:17:27,69,52,56,38,3900,3900,4325,4.24,30,21.33,0x0000000000000001
2026-10-06_03:17:58,69,52,55,38,3900,3900,4391,4.57,31,21.49,0x0000000000000001
2026-10-06_03:18:28,69,52,56,38,3900,3900,4391,5.86,29,21.46,0x0000000000000001
2026-10-06_03:18:58,69,52,56,38,3900,3900,4200,6.85,41,21.54,0x0000000000000001
2026-10-06_03:19:28,68,51,55,38,3600,3600,4191,4.96,31,21.20,0x0000000000000001
2026-10-06_03:19:58,68,52,56,38,3900,3900,4415,5.38,42,21.28,0x0000000000000001
2026-10-06_03:20:28,69,52,55,38,3900,3900,4390,3.87,42,21.35,0x0000000000000001
2026-10-06_03:20:58,69,52,55,38,3900,3900,4343,3.41,43,21.48,0x0000000000000001
2026-10-06_03:21:28,68,52,56,38,3900,3900,4410,3.27,29,21.35,0x0000000000000001
2026-10-06_03:21:59,68,52,56,38,3900,3900,4415,3.10,32,21.94,0x0000000000000001
2026-10-06_03:22:29,67,51,55,38,3700,3700,4409,2.42,32,20.84,0x0000000000000001
2026-10-06_03:22:59,68,52,56,38,3900,3900,4412,1.70,32,21.19,0x0000000000000001
2026-10-06_03:23:29,68,52,56,38,3900,3900,4391,2.05,31,21.37,0x0000000000000001
2026-10-06_03:23:59,68,52,56,38,3900,3900,4291,2.50,43,21.09,0x0000000000000001
2026-10-06_03:24:29,69,52,55,38,3900,3900,4341,5.46,30,21.27,0x0000000000000001
2026-10-06_03:24:59,65,51,52,38,3900,3900,3870,4.14,0,14.48,0x0000000000000001
2026-10-06_03:25:30,67,51,55,38,3900,3900,4207,4.02,30,20.62,0x0000000000000001
2026-10-06_03:26:00,68,51,55,38,3900,3900,4415,3.10,31,21.32,0x0000000000000001
2026-10-06_03:26:30,68,51,55,38,3900,3900,4234,2.76,30,21.09,0x0000000000000001
2026-10-06_03:27:00,68,51,55,38,3900,3900,4156,4.16,31,21.31,0x0000000000000001
2026-10-06_03:27:30,68,51,55,38,3900,3900,4391,3.86,30,21.36,0x0000000000000001
2026-10-06_03:28:00,66,52,52,38,3900,3900,4164,3.72,0,32.69,0x0000000000000001
2026-10-06_03:28:30,67,51,55,38,3900,3900,4232,4.64,29,21.35,0x0000000000000001
2026-10-06_03:29:00,68,51,55,38,3900,3900,4395,4.47,31,21.23,0x0000000000000001
2026-10-06_03:29:31,68,51,55,38,3900,3900,4396,4.14,31,21.19,0x0000000000000001
2026-10-06_03:30:01,68,51,55,38,3900,3900,4316,4.25,31,21.26,0x0000000000000001
2026-10-06_03:30:31,68,51,56,37,3900,3900,4220,4.48,32,21.40,0x0000000000000001
2026-10-06_03:31:01,62,50,51,37,3900,3900,3914,3.08,1,15.33,0x0000000000000001
2026-10-06_03:31:31,67,51,55,37,3900,3900,4416,2.41,29,21.27,0x0000000000000001
2026-10-06_03:32:01,68,51,54,37,3900,3900,4416,1.92,30,21.24,0x0000000000000001
2026-10-06_03:32:31,68,51,55,37,3900,3900,4393,1.45,29,21.20,0x0000000000000001
2026-10-06_03:33:02,68,51,55,37,3900,3900,4297,2.59,29,21.27,0x0000000000000001
2026-10-06_03:33:32,68,51,55,37,3900,3900,4285,3.57,30,21.43,0x0000000000000001
2026-10-06_03:34:02,66,50,54,37,3600,3600,4184,3.46,37,19.23,0x0000000000000001
2026-10-06_03:34:32,67,51,55,37,3900,3900,4416,2.92,41,21.05,0x0000000000000001
2026-10-06_03:35:02,68,51,55,37,3900,3900,4183,2.51,32,21.55,0x0000000000000001
2026-10-06_03:35:32,68,51,55,37,3900,3900,4399,3.67,41,21.14,0x0000000000000001
2026-10-06_03:36:02,68,51,54,37,3900,3900,4416,2.54,29,21.26,0x0000000000000001
2026-10-06_03:36:32,68,51,55,37,3900,3900,4407,4.06,30,21.16,0x0000000000000001
2026-10-06_03:37:03,66,50,53,37,3600,3600,4415,4.43,41,20.48,0x0000000000000001
2026-10-06_03:37:33,67,51,55,37,3900,3900,4416,3.17,30,21.26,0x0000000000000001
2026-10-06_03:38:03,68,51,55,37,3900,3900,4361,3.02,30,21.27,0x0000000000000001
2026-10-06_03:38:33,68,51,55,37,3900,3900,4216,3.48,33,21.21,0x0000000000000001
2026-10-06_03:39:03,68,51,55,37,3900,3900,4406,2.74,32,21.48,0x0000000000000001
2026-10-06_03:39:33,69,50,52,37,4200,4500,3583,2.55,0,15.83,0x0000000000000001
2026-10-06_03:40:03,66,50,54,37,3600,3600,4274,4.06,32,20.86,0x0000000000000001
2026-10-06_03:40:34,67,51,54,37,3900,3900,4218,4.90,29,21.39,0x0000000000000001
2026-10-06_03:41:04,67,51,55,37,3900,3900,4400,5.07,42,21.15,0x0000000000000001
2026-10-06_03:41:34,67,51,54,37,3900,3900,4362,4.90,30,21.28,0x0000000000000001
2026-10-06_03:42:04,67,50,55,37,3900,3900,4076,4.91,30,21.40,0x0000000000000001
2026-10-06_03:42:34,66,51,51,37,3900,3900,4264,5.00,0,25.22,0x0000000000000001
2026-10-06_03:43:04,66,50,54,37,3600,3600,4416,4.22,27,20.93,0x0000000000000001
2026-10-06_03:43:34,67,50,54,37,3900,3900,4195,3.41,30,21.17,0x0000000000000001
2026-10-06_03:44:04,67,50,55,37,3900,3900,4112,3.29,42,21.12,0x0000000000000001
2026-10-06_03:44:35,67,50,54,37,3900,3900,4415,3.24,42,20.93,0x0000000000000001
2026-10-06_03:45:05,67,50,54,37,3900,3900,4247,4.78,29,21.26,0x0000000000000001
2026-10-06_03:45:35,61,49,49,37,3800,3700,3967,3.22,1,15.23,0x0000000000000001
2026-10-06_03:46:05,66,50,53,37,3600,3600,4049,2.45,29,20.87,0x0000000000000001
2026-10-06_03:46:35,67,50,55,37,3900,3900,4316,4.88,31,21.24,0x0000000000000001
2026-10-06_03:47:05,67,50,54,37,3900,3900,4416,4.05,30,20.93,0x0000000000000001
2026-10-06_03:47:35,67,50,54,37,3900,3900,4416,4.16,29,21.18,0x0000000000000001
2026-10-06_03:48:06,67,50,54,37,3900,3900,4415,3.84,31,21.02,0x0000000000000001
2026-10-06_03:48:36,62,49,51,37,3600,3600,4441,3.76,36,19.11,0x0000000000000001
2026-10-06_03:49:06,67,50,55,37,3600,3500,4416,3.65,29,21.03,0x0000000000000001
2026-10-06_03:49:36,67,50,54,37,3900,3900,4400,3.18,30,21.21,0x0000000000000001
2026-10-06_03:50:06,67,50,54,37,3900,3900,4380,4.91,44,20.94,0x0000000000000001
2026-10-06_03:50:36,67,50,54,37,3900,3900,4410,3.92,29,21.07,0x0000000000000001
2026-10-06_03:51:06,67,50,53,37,3900,3900,4416,4.14,30,21.22,0x0000000000000001
2026-10-06_03:51:36,66,49,53,37,3600,3600,4356,4.13,30,20.74,0x0000000000000001
2026-10-06_03:52:07,66,50,53,37,3900,3900,4061,4.12,43,20.95,0x0000000000000001
2026-10-06_03:52:37,67,50,54,37,3900,3900,4416,3.16,32,21.02,0x0000000000000001
2026-10-06_03:53:07,69,50,55,37,3900,3900,4410,3.88,29,21.20,0x0000000000000001
2026-10-06_03:53:37,71,50,55,37,3900,3900,4248,4.69,30,21.28,0x0000000000000001
2026-10-06_03:54:07,69,50,51,37,4200,4500,3524,4.63,0,15.52,0x0000000000000001
2026-10-06_03:54:37,65,49,53,37,3600,3600,4298,4.59,28,20.92,0x0000000000000001
2026-10-06_03:55:07,67,50,55,37,3600,3500,4350,5.12,30,21.05,0x0000000000000001
2026-10-06_03:55:38,67,50,54,37,3900,3900,4362,5.03,29,21.11,0x0000000000000001
2026-10-06_03:56:08,67,50,54,37,3900,3900,4416,4.06,31,21.39,0x0000000000000001
2026-10-06_03:56:38,67,50,54,37,3900,3900,4104,2.99,31,21.29,0x0000000000000001
2026-10-06_03:57:08,67,50,52,37,3900,3900,4075,2.25,0,15.67,0x0000000000000001
2026-10-06_03:57:38,66,49,54,37,3600,3500,3996,1.77,29,20.89,0x0000000000000001
2026-10-06_03:58:08,67,50,54,37,3800,3800,4327,1.99,30,21.05,0x0000000000000001
2026-10-06_03:58:38,67,50,53,37,3900,3900,4415,1.72,29,21.06,0x0000000000000001
2026-10-06_03:59:08,67,50,53,37,3900,3900,4151,1.82,44,21.06,0x0000000000000001
2026-10-06_03:59:39,66,50,53,37,3900,3900,4416,2.75,42,21.25,0x0000000000000001
2026-10-06_04:00:09,62,49,49,37,3800,3900,4015,1.98,1,15.80,0x0000000000000001
2026-10-06_04:00:39,66,49,53,37,3600,3600,4416,2.43,42,20.50,0x0000000000000001
2026-10-06_04:01:09,67,50,54,37,3900,3900,4253,3.57,42,21.00,0x0000000000000001
2026-10-06_04:01:39,66,50,54,37,3900,3900,4416,4.50,41,20.87,0x0000000000000001
2026-10-06_04:02:09,67,49,53,37,3900,3900,4218,3.99,30,21.00,0x0000000000000001
2026-10-06_04:02:39,66,49,54,37,3900,3900,4302,4.42,30,20.94,0x0000000000000001
2026-10-06_04:03:10,61,48,51,37,3600,3600,4120,4.01,40,19.23,0x0000000000000001
2026-10-06_04:03:40,66,49,53,37,3600,3600,4343,3.21,30,20.83,0x0000000000000001
2026-10-06_04:04:10,67,50,54,37,3900,3900,4416,4.38,42,21.04,0x0000000000000001
2026-10-06_04:04:40,66,50,53,37,3900,3900,4277,5.28,44,21.14,0x0000000000000001
2026-10-06_04:05:10,66,49,53,37,3900,3900,4203,5.65,31,21.47,0x0000000000000001
2026-10-06_04:05:40,66,49,54,37,3900,3900,4415,5.02,33,21.23,0x0000000000000001
2026-10-06_04:06:10,66,48,52,37,3600,3600,4415,3.38,29,20.89,0x0000000000000001
2026-10-06_04:06:40,66,49,53,37,3600,3600,4416,2.80,29,21.09,0x0000000000000001
2026-10-06_04:07:11,67,50,54,37,3900,3900,4416,3.76,28,21.06,0x0000000000000001
2026-10-06_04:07:41,67,49,54,37,3900,3900,4416,3.51,30,21.02,0x0000000000000001
2026-10-06_04:08:11,66,49,54,37,3900,3900,4330,2.97,29,21.29,0x0000000000000001
2026-10-06_04:08:41,66,49,53,37,3900,3900,4255,2.43,43,21.26,0x0000000000000001
2026-10-06_04:09:11,65,49,52,37,3600,3500,4428,1.82,32,20.72,0x0000000000000001
2026-10-06_04:09:41,66,49,53,37,3600,3500,4420,4.03,29,20.95,0x0000000000000001
2026-10-06_04:10:11,67,50,53,37,3900,3900,4196,3.72,30,21.08,0x0000000000000001
2026-10-06_04:10:42,66,49,53,37,3900,3900,4167,3.90,30,20.75,0x0000000000000001
2026-10-06_04:11:12,66,49,53,37,3900,3900,4416,3.37,30,20.93,0x0000000000000001
2026-10-06_04:11:42,67,48,50,37,3900,3900,3649,2.43,0,15.21,0x0000000000000001
2026-10-06_04:12:12,65,49,53,37,3600,3600,4415,3.23,30,20.73,0x0000000000000001
2026-10-06_04:12:42,66,49,54,37,3600,3600,4415,2.64,31,21.06,0x0000000000000001
2026-10-06_04:13:12,67,50,54,37,3900,3900,4416,3.42,31,21.37,0x0000000000000001
2026-10-06_04:13:42,66,49,53,37,3900,3900,4416,4.57,43,20.85,0x0000000000000001
2026-10-06_04:14:13,66,49,53,37,3900,3900,4191,5.45,32,21.32,0x0000000000000001
2026-10-06_04:14:43,62,49,49,37,3900,3900,4202,4.79,0,29.39,0x0000000000000001
2026-10-06_04:15:13,65,49,53,37,3600,3600,4308,3.53,33,20.56,0x0000000000000001
2026-10-06_04:15:43,67,49,53,37,3600,3600,4414,4.03,31,20.95,0x0000000000000001
2026-10-06_04:16:13,66,49,53,37,3900,3900,4416,3.08,30,21.24,0x0000000000000001
2026-10-06_04:16:43,66,49,53,37,3900,3900,4301,3.16,31,21.13,0x0000000000000001
2026-10-06_04:17:13,66,49,53,37,3900,3900,4416,2.65,42,20.84,0x0000000000000001
2026-10-06_04:17:43,61,48,50,37,3600,3600,4433,2.05,38,18.36,0x0000000000000001
2026-10-06_04:18:14,65,49,53,37,3600,3600,4236,2.61,42,20.53,0x0000000000000001
2026-10-06_04:18:44,66,49,54,37,3600,3600,4305,1.97,29,20.96,0x0000000000000001
2026-10-06_04:19:14,67,49,54,37,3900,3900,4327,4.09,30,21.17,0x0000000000000001
2026-10-06_04:19:44,66,49,54,37,3900,3900,4224,3.76,32,21.03,0x0000000000000001
2026-10-06_04:20:14,66,49,53,37,3900,3900,4218,4.96,29,21.30,0x0000000000000001
2026-10-06_04:20:44,66,48,52,37,3600,3600,4417,5.07,29,20.74,0x0000000000000001
2026-10-06_04:21:14,65,49,53,37,3600,3600,4394,4.88,28,21.20,0x0000000000000001
2026-10-06_04:21:45,67,50,54,37,3600,3600,4416,3.57,30,21.25,0x0000000000000001
2026-10-06_04:22:15,66,50,53,37,3900,3900,4416,2.89,30,21.18,0x0000000000000001
2026-10-06_04:22:45,66,49,54,37,3900,3900,4416,4.04,42,21.08,0x0000000000000001
2026-10-06_04:23:15,66,49,53,37,3900,3900,4286,3.05,31,21.07,0x0000000000000001
2026-10-06_04:23:45,66,48,52,37,3600,3600,4391,2.41,30,20.91,0x0000000000000001
2026-10-06_04:24:15,66,49,54,37,3600,3600,4285,3.12,28,21.09,0x0000000000000001
2026-10-06_04:24:45,67,49,54,37,3900,3900,4416,2.76,30,21.35,0x0000000000000001
2026-10-06_04:25:15,67,50,54,37,3900,3900,4416,3.55,31,21.39,0x0000000000000001
2026-10-06_04:25:46,66,50,53,37,3900,3900,4411,3.56,42,21.18,0x0000000000000001
2026-10-06_04:26:16,67,50,54,37,3900,3900,4416,3.28,42,21.12,0x0000000000000001
2026-10-06_04:26:46,65,49,52,37,3600,3500,4415,2.71,29,21.02,0x0000000000000001
2026-10-06_04:27:16,66,50,54,37,3600,3500,4416,2.89,29,21.20,0x0000000000000001
2026-10-06_04:27:46,67,50,54,37,3900,3900,4416,3.54,29,21.20,0x0000000000000001
2026-10-06_04:28:16,67,50,54,37,3900,3900,4239,2.81,41,21.13,0x0000000000000001
2026-10-06_04:28:46,67,50,54,37,3900,3900,4100,3.94,42,20.93,0x0000000000000001
2026-10-06_04:29:17,66,50,54,37,3900,3900,4020,3.52,31,20.93,0x0000000000000001
2026-10-06_04:29:47,66,49,53,37,3600,3500,4079,2.41,30,21.03,0x0000000000000001
2026-10-06_04:30:17,67,50,54,37,3600,3500,4409,2.73,30,21.05,0x0000000000000001
2026-10-06_04:30:47,67,50,54,37,3900,3900,4416,3.08,40,21.21,0x0000000000000001
2026-10-06_04:31:17,67,50,54,37,3900,3900,4393,4.49,30,21.17,0x0000000000000001
2026-10-06_04:31:47,67,50,54,37,3900,3900,4197,4.33,40,21.16,0x0000000000000001
2026-10-06_04:32:17,68,49,55,37,3900,3900,3830,4.35,0,16.17,0x0000000000000001
2026-10-06_04:32:48,66,49,54,37,3600,3600,4174,3.69,41,21.06,0x0000000000000001
2026-10-06_04:33:18,67,50,54,37,3600,3600,4415,4.38,31,21.15,0x0000000000000001
2026-10-06_04:33:48,67,50,55,37,3900,3900,4393,3.63,32,21.34,0x0000000000000001
2026-10-06_04:34:18,71,50,55,37,3900,3900,4391,3.15,30,21.18,0x0000000000000001
2026-10-06_04:34:48,71,50,56,37,4200,4200,4390,2.66,31,21.43,0x0000000000000001
2026-10-06_04:35:18,62,49,51,37,3800,4000,4439,2.93,11,15.82,0x0000000000000001
2026-10-06_04:35:48,66,50,54,37,3500,3600,4416,2.62,29,21.08,0x0000000000000001
2026-10-06_04:36:18,67,50,55,37,3900,3900,4090,3.21,33,21.27,0x0000000000000001
2026-10-06_04:36:49,67,50,54,37,3900,3900,4416,2.57,30,21.24,0x0000000000000001
2026-10-06_04:37:19,67,50,54,37,3900,3900,4364,2.19,44,21.43,0x0000000000000001
2026-10-06_04:37:49,67,50,54,37,3900,3900,4238,2.04,30,21.19,0x0000000000000001
2026-10-06_04:38:19,66,49,52,37,3600,3600,4105,1.51,41,20.38,0x0000000000000001
2026-10-06_04:38:49,66,50,54,37,3600,3500,4415,2.43,42,20.88,0x0000000000000001
2026-10-06_04:39:19,67,50,55,37,3900,3900,4409,3.94,30,21.26,0x0000000000000001
2026-10-06_04:39:49,67,50,54,37,3900,3900,4274,5.61,29,21.06,0x0000000000000001
2026-10-06_04:40:20,67,50,55,37,3900,3900,4416,5.33,30,21.10,0x0000000000000001
2026-10-06_04:40:50,67,50,54,37,3900,3900,4416,4.34,30,21.13,0x0000000000000001
2026-10-06_04:41:20,66,49,53,37,3600,3600,4416,2.91,39,20.99,0x0000000000000001
2026-10-06_04:41:50,67,50,55,37,3600,3500,4416,2.71,30,21.08,0x0000000000000001
2026-10-06_04:42:20,67,50,54,37,3900,3900,4227,2.89,29,21.17,0x0000000000000001
2026-10-06_04:42:50,67,50,54,37,3900,3900,4217,3.62,43,21.16,0x0000000000000001
2026-10-06_04:43:20,67,50,54,37,3900,3900,4344,2.78,30,21.27,0x0000000000000001
2026-10-06_04:43:50,67,50,55,37,3900,3900,4354,3.04,31,21.17,0x0000000000000001
2026-10-06_04:44:21,66,49,53,37,3600,3600,4416,3.40,31,20.58,0x0000000000000001
2026-10-06_04:44:51,67,50,54,37,3600,3600,4006,2.45,31,21.27,0x0000000000000001
2026-10-06_04:45:21,67,50,54,37,3900,3900,4390,2.58,30,21.23,0x0000000000000001
2026-10-06_04:45:51,67,50,55,37,3900,3900,4097,3.70,30,21.11,0x0000000000000001
2026-10-06_04:46:21,67,50,54,37,3900,3900,4313,4.04,29,21.29,0x0000000000000001
2026-10-06_04:46:51,67,50,54,37,3900,3900,4415,4.42,31,21.19,0x0000000000000001
2026-10-06_04:47:21,68,51,54,37,3600,3600,4416,4.34,10,32.70,0x0000000000000001
2026-10-06_04:47:52,75,53,59,37,4200,4500,4341,5.96,30,28.53,0x0000000000000001
2026-10-06_04:48:22,77,54,60,37,4800,4800,4316,7.56,37,28.32,0x0000000000000001
2026-10-06_04:48:52,77,54,60,37,4800,4800,4316,10.40,33,28.53,0x0000000000000001
2026-10-06_04:49:22,78,55,61,37,4800,4800,4297,9.06,29,29.31,0x0000000000000001
2026-10-06_04:49:52,75,55,58,37,4800,4900,4336,7.93,10,33.97,0x0000000000000001
2026-10-06_04:50:22,74,53,58,37,4400,4500,4354,7.99,24,26.93,0x0000000000000001
2026-10-06_04:50:52,77,55,60,37,4800,4800,4343,7.30,39,28.47,0x0000000000000001
2026-10-06_04:51:23,78,55,60,37,4800,4800,4292,6.95,37,30.95,0x0000000000000001
2026-10-06_04:51:53,78,55,62,37,4800,4800,4365,10.48,29,29.54,0x0000000000000001
2026-10-06_04:52:23,78,56,61,37,4800,4800,4291,11.28,31,28.95,0x0000000000000001
2026-10-06_04:52:53,75,54,58,37,4800,4800,4341,8.44,28,27.06,0x0000000000000001
2026-10-06_04:53:23,75,54,59,37,4200,4500,4341,6.14,30,29.14,0x0000000000000001
2026-10-06_04:53:53,78,55,61,37,4800,4800,4316,9.51,31,29.43,0x0000000000000001
2026-10-06_04:54:23,78,55,61,37,4800,4800,4316,13.95,38,28.71,0x0000000000000001
2026-10-06_04:54:54,79,56,61,37,4800,4800,4291,11.23,31,29.43,0x0000000000000001
2026-10-06_04:55:24,78,55,61,37,4900,5200,4291,10.80,35,28.97,0x0000000000000001
2026-10-06_04:55:54,73,54,56,37,4800,4900,4277,10.67,10,34.29,0x0000000000000001
2026-10-06_04:56:24,77,55,61,37,4500,4800,4316,7.81,30,28.57,0x0000000000000001
2026-10-06_04:56:54,78,55,61,37,4800,4800,4316,8.72,30,29.26,0x0000000000000001
2026-10-06_04:57:24,78,56,61,37,4800,4800,4316,9.44,36,29.59,0x0000000000000001
2026-10-06_04:57:54,78,56,61,37,4900,5200,4316,8.63,36,28.75,0x0000000000000001
2026-10-06_04:58:25,76,55,58,37,4900,5200,4366,8.19,10,30.60,0x0000000000000001
2026-10-06_04:58:55,71,53,56,37,4800,4900,4390,6.73,31,21.65,0x0000000000000001
2026-10-06_04:59:25,77,55,61,37,4800,4800,4316,8.75,28,29.19,0x0000000000000001
2026-10-06_04:59:55,78,55,61,37,4800,4800,4291,7.44,51,28.43,0x0000000000000001
2026-10-06_05:00:25,78,56,62,37,4900,4900,4316,10.82,37,29.24,0x0000000000000001
2026-10-06_05:00:55,78,55,61,37,4900,5200,4291,11.94,36,29.23,0x0000000000000001
2026-10-06_05:01:25,74,54,58,37,4800,4900,4341,9.43,32,27.13,0x0000000000000001
2026-10-06_05:01:56,75,54,59,37,4200,4500,4341,10.83,30,28.14,0x0000000000000001
2026-10-06_05:02:26,77,55,61,37,4800,4800,4316,10.44,36,29.10,0x0000000000000001
2026-10-06_05:02:56,78,55,61,37,4800,4800,4291,7.80,31,28.85,0x0000000000000001
2026-10-06_05:03:26,78,56,62,37,4800,4800,4299,7.45,31,29.19,0x0000000000000001
2026-10-06_05:03:56,78,56,61,37,4900,5200,4291,7.69,31,29.46,0x0000000000000001
2026-10-06_05:04:26,75,54,57,37,4800,4900,4390,8.35,28,21.78,0x0000000000000001
2026-10-06_05:04:56,76,55,60,37,4500,4800,4316,7.77,29,28.59,0x0000000000000001
2026-10-06_05:05:27,78,55,61,37,4800,4800,4341,7.41,50,28.16,0x0000000000000001
2026-10-06_05:05:57,78,56,61,37,4800,4800,4331,8.19,36,28.62,0x0000000000000001
2026-10-06_05:06:27,78,56,61,37,4900,5200,4291,7.82,37,28.67,0x0000000000000001
2026-10-06_05:06:57,78,55,60,37,4900,5200,4300,9.28,39,28.66,0x0000000000000001
2026-10-06_05:07:27,71,53,56,37,4800,4900,4391,7.87,28,21.56,0x0000000000000001
2026-10-06_05:07:57,77,55,61,37,4800,4800,4303,7.92,30,28.95,0x0000000000000001
2026-10-06_05:08:27,78,55,61,37,4800,4800,4330,7.88,52,28.33,0x0000000000000001
2026-10-06_05:08:58,78,56,62,37,4900,4900,4291,7.14,53,28.62,0x0000000000000001
2026-10-06_05:09:28,78,56,61,37,4900,5200,4291,7.66,38,28.87,0x0000000000000001
2026-10-06_05:09:58,78,56,61,37,4900,5200,4292,9.18,35,31.29,0x0000000000000001
2026-10-06_05:10:28,75,54,59,37,4200,4500,4316,8.19,31,28.43,0x0000000000000001
2026-10-06_05:10:58,77,55,60,37,4800,4800,4316,8.00,35,28.97,0x0000000000000001
2026-10-06_05:11:28,78,56,61,37,4800,4800,4316,9.62,51,28.30,0x0000000000000001
2026-10-06_05:11:59,78,56,61,37,4900,5100,4316,9.55,53,28.16,0x0000000000000001
2026-10-06_05:12:29,78,56,61,37,4900,5200,4316,9.62,36,31.41,0x0000000000000001
2026-10-06_05:12:59,74,54,58,37,4900,5200,4390,9.41,26,21.93,0x0000000000000001
2026-10-06_05:13:29,76,54,59,37,4200,4500,4320,10.12,35,28.37,0x0000000000000001
2026-10-06_05:13:59,78,55,61,37,4800,4800,4316,10.08,37,28.68,0x0000000000000001
2026-10-06_05:14:29,79,56,62,37,4800,4800,4316,8.52,31,29.67,0x0000000000000001
2026-10-06_05:14:59,78,56,61,37,4900,5200,4336,9.70,29,33.05,0x0000000000000001
2026-10-06_05:15:30,78,56,61,37,4900,5200,4291,10.46,53,28.56,0x0000000000000001
2026-10-06_05:16:00,74,54,56,37,4600,4800,4211,7.76,38,22.56,0x0000000000000001
2026-10-06_05:16:30,76,55,60,37,4700,4800,4316,7.98,31,29.13,0x0000000000000001
2026-10-06_05:17:00,78,56,61,37,4800,4800,4291,8.06,35,29.89,0x0000000000000001
2026-10-06_05:17:30,79,56,62,37,4900,5000,4291,10.89,29,32.91,0x0000000000000001
2026-10-06_05:18:00,78,56,61,37,4900,5200,4316,10.38,32,28.73,0x0000000000000001
2026-10-06_05:18:30,77,55,60,37,4900,5200,4171,8.17,25,25.83,0x0000000000000001
2026-10-06_05:19:01,72,53,58,37,4500,4600,4341,5.81,30,27.45,0x0000000000000001
2026-10-06_05:19:31,77,55,60,37,4800,4800,4291,5.91,30,28.79,0x0000000000000001
2026-10-06_05:20:01,78,55,62,37,4800,4800,4291,7.62,35,29.15,0x0000000000000001
2026-10-06_05:20:31,79,56,62,37,4900,5200,4291,9.29,30,28.60,0x0000000000000001
2026-10-06_05:21:01,79,56,61,37,4900,5200,4316,7.45,36,28.71,0x0000000000000001
2026-10-06_05:21:31,74,54,58,37,4900,5200,4391,6.86,25,29.99,0x0000000000000001
2026-10-06_05:22:01,75,54,60,37,4200,4500,4338,5.20,28,29.23,0x0000000000000001
2026-10-06_05:22:32,78,55,61,37,4800,4800,4291,5.74,29,29.25,0x0000000000000001
2026-10-06_05:23:02,78,56,60,37,4800,4800,4316,5.89,31,29.10,0x0000000000000001
2026-10-06_05:23:32,78,56,62,37,4900,5200,4291,9.08,31,29.68,0x0000000000000001
2026-10-06_05:24:02,78,56,61,37,4900,5200,4315,8.35,28,31.92,0x0000000000000001
2026-10-06_05:24:32,72,53,55,37,4800,5100,4242,6.40,40,18.86,0x0000000000000001
2026-10-06_05:25:02,76,55,60,37,4800,4800,4316,5.80,34,28.55,0x0000000000000001
2026-10-06_05:25:32,78,56,61,37,4800,4800,4316,7.22,29,29.72,0x0000000000000001
2026-10-06_05:26:03,78,56,61,37,4900,5200,4293,7.39,35,28.67,0x0000000000000001
2026-10-06_05:26:33,78,56,62,37,4900,5200,4291,10.12,37,28.71,0x0000000000000001
2026-10-06_05:27:03,78,56,62,37,4900,5200,4291,8.20,38,28.72,0x0000000000000001
2026-10-06_05:27:33,72,53,57,37,4200,4500,4366,5.43,26,27.79,0x0000000000000001
2026-10-06_05:28:03,76,55,60,37,4800,4800,4316,6.14,38,28.56,0x0000000000000001
2026-10-06_05:28:33,78,55,62,37,4800,4800,4291,6.55,38,28.68,0x0000000000000001
2026-10-06_05:29:03,78,56,61,37,4900,5200,4316,6.96,39,28.58,0x0000000000000001
2026-10-06_05:29:34,78,55,61,37,4900,5200,4316,8.62,39,28.60,0x0000000000000001
2026-10-06_05:30:04,76,54,59,37,4900,5200,4382,8.78,28,21.69,0x0000000000000001
2026-10-06_05:30:34,75,54,59,37,4200,4500,4341,8.43,37,28.41,0x0000000000000001
2026-10-06_05:31:04,77,55,60,37,4800,4800,4315,10.83,38,28.62,0x0000000000000001
2026-10-06_05:31:34,77,55,61,37,4800,4800,4316,11.53,37,28.62,0x0000000000000001
2026-10-06_05:32:04,78,56,61,37,4900,5100,4324,9.91,37,28.70,0x0000000000000001
2026-10-06_05:32:35,77,55,61,37,4900,5200,4316,9.08,35,28.59,0x0000000000000001
2026-10-06_05:33:05,75,54,59,37,4900,5200,3759,9.88,30,21.48,0x0000000000000001
2026-10-06_05:33:35,75,54,59,37,4200,4500,4316,10.50,37,28.54,0x0000000000000001
2026-10-06_05:34:05,78,55,61,37,4800,4800,4341,8.47,28,28.26,0x0000000000000001
2026-10-06_05:34:35,78,56,61,37,4800,4800,4291,9.16,29,28.78,0x0000000000000001
2026-10-06_05:35:05,78,56,61,37,4900,5200,4294,10.15,29,28.29,0x0000000000000001
2026-10-06_05:35:35,78,56,61,37,4900,5200,4291,11.12,29,28.97,0x0000000000000001
2026-10-06_05:36:06,75,56,58,37,4900,5200,4172,8.92,10,32.53,0x0000000000000001
2026-10-06_05:36:36,75,54,59,37,4500,4600,4341,6.34,30,29.28,0x0000000000000001
2026-10-06_05:37:06,77,55,61,37,4800,4800,4341,7.45,30,29.53,0x0000000000000001
2026-10-06_05:37:36,78,56,62,37,4800,4800,4291,9.39,32,29.28,0x0000000000000001
2026-10-06_05:38:06,78,56,62,37,4900,5200,4291,9.57,36,28.80,0x0000000000000001
2026-10-06_05:38:36,78,56,62,37,4900,5200,4291,9.45,30,32.54,0x0000000000000001
2026-10-06_05:39:06,73,54,59,37,4800,5100,4366,8.56,36,21.72,0x0000000000000001
2026-10-06_05:39:37,75,54,59,37,4200,4500,4280,9.23,39,28.43,0x0000000000000001
2026-10-06_05:40:07,77,55,61,37,4800,4800,4338,10.86,37,28.67,0x0000000000000001
2026-10-06_05:40:37,78,56,61,37,4800,4800,4316,8.54,39,28.60,0x0000000000000001
2026-10-06_05:41:07,78,55,61,37,4900,5200,4291,8.65,39,28.53,0x0000000000000001
2026-10-06_05:41:37,78,55,61,37,4900,5200,4316,8.49,38,28.62,0x0000000000000001
2026-10-06_05:42:07,76,54,60,37,4800,4900,4316,9.48,39,28.48,0x0000000000000001
2026-10-06_05:42:37,76,54,60,37,4200,4500,4329,7.92,31,28.83,0x0000000000000001
2026-10-06_05:43:08,78,55,61,37,4800,4800,4300,8.48,38,28.58,0x0000000000000001
2026-10-06_05:43:38,78,56,61,37,4900,5200,4291,10.10,29,30.34,0x0000000000000001
2026-10-06_05:44:08,79,56,62,37,4900,5200,4316,10.34,28,31.30,0x0000000000000001
2026-10-06_05:44:38,78,56,61,37,4900,5200,4291,11.11,32,29.37,0x0000000000000001
2026-10-06_05:45:08,76,55,61,37,4800,4900,4316,10.96,28,29.74,0x0000000000000001
2026-10-06_05:45:38,77,55,60,37,4800,4900,4291,10.83,28,32.32,0x0000000000000001
2026-10-06_05:46:08,78,56,63,37,4800,4900,4302,10.86,27,30.77,0x0000000000000001
2026-10-06_05:46:39,79,56,62,37,4900,5200,4266,9.42,28,29.95,0x0000000000000001
2026-10-06_05:47:09,78,56,61,37,4900,5200,4316,8.64,38,28.78,0x0000000000000001
2026-10-06_05:47:39,75,56,58,37,4900,5200,4283,6.50,11,33.67,0x0000000000000001
2026-10-06_05:48:09,76,55,60,37,4800,4900,4366,6.78,26,22.06,0x0000000000000001
2026-10-06_05:48:39,77,55,60,37,4800,4900,4312,5.68,37,28.62,0x0000000000000001
2026-10-06_05:49:09,78,55,61,37,4800,4900,4316,7.65,37,28.60,0x0000000000000001
2026-10-06_05:49:39,78,56,62,37,4900,5200,4291,7.53,35,28.63,0x0000000000000001
2026-10-06_05:50:10,78,55,61,37,4900,5200,4291,9.10,36,28.50,0x0000000000000001
2026-10-06_05:50:40,76,54,59,37,4800,4900,4341,6.61,34,27.44,0x0000000000000001
2026-10-06_05:51:10,75,55,58,37,4800,4900,4343,6.82,10,33.44,0x0000000000000001
2026-10-06_05:51:40,77,55,61,37,4800,4900,4316,7.09,28,30.22,0x0000000000000001
2026-10-06_05:52:10,79,56,62,37,4800,4900,4291,8.93,30,28.56,0x0000000000000001
2026-10-06_05:52:40,79,56,62,37,4900,5200,4363,8.28,36,28.71,0x0000000000000001
2026-10-06_05:53:10,79,56,61,37,4900,5200,4316,7.70,30,32.60,0x0000000000000001
2026-10-06_05:53:41,77,55,60,37,4800,4900,4316,7.25,30,30.03,0x0000000000000001
2026-10-06_05:54:11,72,54,57,37,4800,4900,4391,6.67,32,21.80,0x0000000000000001
2026-10-06_05:54:41,77,55,61,37,4800,4900,4329,6.76,28,28.87,0x0000000000000001
2026-10-06_05:55:11,78,56,61,37,4900,5200,4167,11.07,38,28.68,0x0000000000000001
2026-10-06_05:55:41,79,56,61,37,4900,5200,4281,11.52,39,28.47,0x0000000000000001
2026-10-06_05:56:11,77,55,59,37,4900,5200,4267,12.38,31,21.87,0x0000000000000001
2026-10-06_05:56:41,77,55,60,37,4800,4900,4316,9.86,38,28.55,0x0000000000000001
2026-10-06_05:57:12,76,55,60,37,4800,4900,4291,8.48,31,27.87,0x0000000000000001
2026-10-06_05:57:42,77,56,61,37,4800,4900,4316,8.15,31,29.89,0x0000000000000001
2026-10-06_05:58:12,78,56,61,37,4900,5200,4291,7.98,39,28.70,0x0000000000000001
2026-10-06_05:58:42,78,56,62,37,4900,5200,4291,7.82,37,28.87,0x0000000000000001
2026-10-06_05:59:12,77,56,59,37,4900,5200,4366,10.44,11,33.80,0x0000000000000001
2026-10-06_05:59:42,77,55,61,37,4800,4900,4316,8.00,29,29.72,0x0000000000000001
2026-10-06_06:00:13,76,54,60,37,4800,4900,4341,6.84,51,28.40,0x0000000000000001
2026-10-06_06:00:43,77,55,61,37,4800,4900,4298,7.32,30,29.60,0x0000000000000001
2026-10-06_06:01:13,78,56,61,37,4900,5100,4311,7.60,31,28.49,0x0000000000000001
2026-10-06_06:01:43,78,55,61,37,4900,5200,4336,10.15,32,28.45,0x0000000000000001
2026-10-06_06:02:13,73,54,57,37,4900,5200,4378,9.46,30,21.75,0x0000000000000001
2026-10-06_06:02:43,77,55,61,37,4800,4900,4317,8.86,34,28.49,0x0000000000000001
2026-10-06_06:03:13,77,55,60,37,4800,4900,4316,6.77,32,28.59,0x0000000000000001
2026-10-06_06:03:44,78,55,60,37,4800,4900,4266,7.57,29,28.65,0x0000000000000001
2026-10-06_06:04:14,78,56,62,37,4800,4900,4282,8.39,30,31.74,0x0000000000000001
2026-10-06_06:04:44,78,55,61,37,4900,5200,4316,7.10,38,28.81,0x0000000000000001
2026-10-06_06:05:14,76,54,59,37,4800,4900,4316,6.21,30,28.52,0x0000000000000001
2026-10-06_06:05:44,74,54,58,37,4800,4900,4390,7.40,31,21.47,0x0000000000000001
2026-10-06_06:06:14,77,55,60,37,4700,4800,4316,10.34,30,29.35,0x0000000000000001
2026-10-06_06:06:44,78,55,61,37,4800,4800,4316,9.88,36,29.01,0x0000000000000001
2026-10-06_06:07:15,78,55,61,37,4800,4800,4291,8.56,30,29.64,0x0000000000000001
2026-10-06_06:07:45,78,56,62,37,4800,4900,4316,9.25,37,29.36,0x0000000000000001
2026-10-06_06:08:15,76,55,60,37,4800,4900,4316,9.55,30,29.63,0x0000000000000001
2026-10-06_06:08:45,75,55,58,37,4800,4900,4391,8.11,11,33.67,0x0000000000000001
2026-10-06_06:09:15,76,54,61,37,4800,4900,4316,8.33,36,28.19,0x0000000000000001
2026-10-06_06:09:45,78,55,61,37,4800,4900,4316,8.33,32,29.08,0x0000000000000001
2026-10-06_06:10:15,78,55,61,37,4800,4900,4291,8.36,37,28.84,0x0000000000000001
2026-10-06_06:10:46,77,55,60,37,4800,4900,4370,10.48,20,27.26,0x0000000000000001
2026-10-06_06:11:16,76,55,60,37,4800,4900,4337,11.39,53,28.48,0x0000000000000001
2026-10-06_06:11:46,75,54,58,37,4600,4800,4341,10.09,18,27.18,0x0000000000000001
2026-10-06_06:12:16,77,55,60,37,4800,4800,4316,9.98,28,29.19,0x0000000000000001
2026-10-06_06:12:46,78,55,61,37,4800,4800,4293,9.66,32,28.63,0x0000000000000001
2026-10-06_06:13:16,78,56,61,37,4800,4800,4311,8.71,32,31.53,0x0000000000000001
2026-10-06_06:13:46,74,54,58,37,4800,4800,4391,9.33,30,21.71,0x0000000000000001
2026-10-06_06:14:17,69,52,56,37,4100,4500,4305,6.63,29,21.42,0x0000000000000001
2026-10-06_06:14:47,67,51,54,37,3600,3600,4319,4.62,30,20.88,0x0000000000000001
2026-10-06_06:15:17,67,51,55,37,3900,3900,4305,3.13,42,21.14,0x0000000000000001
2026-10-06_06:15:47,68,51,55,37,3900,3900,4228,3.32,32,21.07,0x0000000000000001
2026-10-06_06:16:17,68,51,55,37,3900,3900,4108,2.63,28,21.23,0x0000000000000001
2026-10-06_06:16:47,68,51,55,37,3900,3900,4242,2.07,30,21.02,0x0000000000000001
2026-10-06_06:17:17,67,51,55,37,3900,3900,4393,5.04,32,21.19,0x0000000000000001
2026-10-06_06:17:48,66,50,53,37,3600,3600,4346,3.37,41,20.62,0x0000000000000001
2026-10-06_06:18:18,68,51,55,37,3600,3600,4406,4.10,30,21.27,0x0000000000000001
2026-10-06_06:18:48,68,51,55,37,3900,3900,4273,3.17,30,21.20,0x0000000000000001
2026-10-06_06:19:18,67,51,54,37,3900,3900,4365,3.42,42,21.39,0x0000000000000001
2026-10-06_06:19:48,67,50,54,37,3900,3900,4228,4.03,30,21.48,0x0000000000000001
2026-10-06_06:20:18,66,51,51,37,3900,3900,4377,4.82,0,32.56,0x0000000000000001
2026-10-06_06:20:48,66,50,54,37,3600,3600,4415,4.50,30,21.12,0x0000000000000001
2026-10-06_06:21:18,68,51,54,37,3900,3900,4415,4.99,30,20.90,0x0000000000000001
2026-10-06_06:21:49,68,51,55,37,3900,3900,4210,4.27,29,21.38,0x0000000000000001
2026-10-06_06:22:19,68,51,55,37,3900,3900,4402,4.83,42,21.20,0x0000000000000001
2026-10-06_06:22:49,67,51,55,37,3900,3900,4281,3.43,30,21.15,0x0000000000000001
2026-10-06_06:23:19,64,49,54,37,3700,3600,4416,2.75,37,19.34,0x0000000000000001
2026-10-06_06:23:49,66,50,54,37,3600,3600,4089,3.75,30,21.22,0x0000000000000001
2026-10-06_06:24:19,68,50,55,37,3900,3900,4411,4.61,42,21.02,0x0000000000000001
2026-10-06_06:24:49,67,50,54,37,3900,3900,4391,5.75,44,21.05,0x0000000000000001
2026-10-06_06:25:20,67,51,54,37,3900,3900,4245,5.14,29,21.09,0x0000000000000001
2026-10-06_06:25:50,67,51,54,37,3900,3900,4401,3.95,30,21.34,0x0000000000000001
2026-10-06_06:26:20,66,50,53,37,3600,3600,4416,3.01,41,20.80,0x0000000000000001
2026-10-06_06:26:50,67,50,55,37,3600,3600,4290,2.50,30,21.26,0x0000000000000001
2026-10-06_06:27:20,68,51,55,37,3900,3900,4391,2.41,34,21.18,0x0000000000000001
2026-10-06_06:27:50,68,51,55,37,3900,3900,4202,2.23,29,21.21,0x0000000000000001
2026-10-06_06:28:20,68,51,55,37,3900,3900,4416,3.19,40,21.04,0x0000000000000001
2026-10-06_06:28:50,66,50,52,37,3900,3900,3839,4.40,0,16.79,0x0000000000000001
2026-10-06_06:29:21,66,50,54,37,3600,3600,4206,3.48,28,21.15,0x0000000000000001
2026-10-06_06:29:51,68,51,55,37,3700,3700,4346,3.96,31,21.26,0x0000000000000001
2026-10-06_06:30:21,68,51,55,37,3900,3900,4308,4.62,30,21.22,0x0000000000000001
2026-10-06_06:30:51,68,51,55,37,3900,3900,4416,3.37,42,21.01,0x0000000000000001
2026-10-06_06:31:21,68,51,55,37,3900,3900,4362,3.21,30,21.16,0x0000000000000001
2026-10-06_06:31:51,67,51,51,37,3900,3900,3707,3.76,0,22.85,0x0000000000000001
2026-10-06_06:32:21,66,50,54,37,3600,3600,4276,4.18,43,20.94,0x0000000000000001
2026-10-06_06:32:52,68,51,55,37,3900,3900,4182,4.10,29,21.21,0x0000000000000001
2026-10-06_06:33:22,68,51,55,37,3900,3900,4391,4.66,40,21.00,0x0000000000000001
2026-10-06_06:33:52,68,51,55,37,3900,3900,4415,3.67,30,21.09,0x0000000000000001
2026-10-06_06:34:22,68,51,55,37,3900,3900,4091,4.07,41,20.93,0x0000000000000001
2026-10-06_06:34:52,62,50,52,37,3700,3700,4364,2.66,38,19.50,0x0000000000000001
2026-10-06_06:35:22,67,50,55,37,3600,3600,4416,3.86,29,21.04,0x0000000000000001
2026-10-06_06:35:52,68,51,54,37,3900,3900,4405,3.02,31,21.15,0x0000000000000001
2026-10-06_06:36:22,68,51,55,37,3900,3900,4416,3.69,33,21.08,0x0000000000000001
2026-10-06_06:36:53,68,51,55,37,3900,3900,4381,6.01,30,21.12,0x0000000000000001
2026-10-06_06:37:23,68,51,56,37,3900,3900,4308,6.55,41,21.07,0x0000000000000001
2026-10-06_06:37:53,66,50,54,37,3600,3600,4290,4.71,41,20.90,0x0000000000000001
2026-10-06_06:38:23,67,51,55,37,3600,3600,4401,3.68,42,21.15,0x0000000000000001
2026-10-06_06:38:53,68,51,55,37,3900,3900,4056,2.82,30,21.29,0x0000000000000001
2026-10-06_06:39:23,67,51,55,37,3900,3900,4396,2.54,32,21.23,0x0000000000000001
2026-10-06_06:39:53,67,51,54,37,3900,3900,4416,3.03,30,21.19,0x0000000000000001
2026-10-06_06:40:24,66,51,51,37,3900,3900,3903,3.51,0,15.77,0x0000000000000001
2026-10-06_06:40:54,66,50,54,37,3600,3600,4121,2.77,31,20.77,0x0000000000000001
2026-10-06_06:41:24,68,51,55,37,3900,3900,4415,2.74,43,21.32,0x0000000000000001
2026-10-06_06:41:54,68,51,55,37,3900,3900,4331,3.58,30,21.38,0x0000000000000001
2026-10-06_06:42:24,68,51,54,37,3900,3900,4295,2.99,42,21.30,0x0000000000000001
2026-10-06_06:42:54,68,51,55,37,3900,3900,4415,2.97,30,21.24,0x0000000000000001
2026-10-06_06:43:24,63,50,52,37,3800,3700,4172,3.45,39,19.20,0x0000000000000001
2026-10-06_06:43:55,67,51,54,37,3600,3600,4416,2.91,31,20.74,0x0000000000000001
2026-10-06_06:44:25,68,51,55,37,3900,3900,4416,3.46,31,21.48,0x0000000000000001
2026-10-06_06:44:55,68,51,55,37,3900,3900,4368,3.12,43,21.12,0x0000000000000001
2026-10-06_06:45:25,68,51,56,37,3900,3900,4277,3.86,43,21.53,0x0000000000000001
2026-10-06_06:45:55,68,51,55,37,3900,3900,4339,5.31,32,21.22,0x0000000000000001
2026-10-06_06:46:25,66,50,55,37,3600,3600,4129,4.41,32,20.78,0x0000000000000001
2026-10-06_06:46:55,68,51,55,38,3900,3900,4174,5.98,30,21.14,0x0000000000000001
2026-10-06_06:47:26,68,51,55,37,3900,3900,4386,4.21,32,21.10,0x0000000000000001
2026-10-06_06:47:56,68,51,55,37,3900,3900,4237,3.32,43,21.16,0x0000000000000001
2026-10-06_06:48:26,68,51,55,37,3900,3900,4295,2.89,30,21.30,0x0000000000000001
2026-10-06_06:48:56,69,50,51,37,3900,3900,3163,3.94,0,15.36,0x0000000000000001
2026-10-06_06:49:26,66,50,54,37,3600,3600,4350,3.05,40,20.44,0x0000000000000001
2026-10-06_06:49:56,68,51,56,38,3900,3900,4403,2.38,46,21.27,0x0000000000000001
2026-10-06_06:50:26,68,51,55,38,3900,3900,4385,4.96,31,21.01,0x0000000000000001
2026-10-06_06:50:56,68,51,55,38,3900,3900,4391,3.54,32,21.36,0x0000000000000001
2026-10-06_06:51:27,68,51,56,37,3900,3900,4294,4.91,30,21.39,0x0000000000000001
2026-10-06_06:51:57,69,50,53,37,3900,3900,4206,3.59,41,18.36,0x0000000000000001
2026-10-06_06:52:27,67,50,54,37,3900,3900,4391,3.95,31,20.77,0x0000000000000001
2026-10-06_06:52:57,68,51,55,38,3900,3900,4315,4.05,31,21.41,0x0000000000000001
2026-10-06_06:53:27,68,51,55,37,3900,3900,4391,5.43,31,21.39,0x0000000000000001
2026-10-06_06:53:57,68,51,55,37,3900,3900,4290,5.12,33,21.04,0x0000000000000001
2026-10-06_06:54:27,68,51,55,37,3900,3900,4390,5.73,29,21.43,0x0000000000000001
2026-10-06_06:54:58,66,50,53,37,3600,3600,4406,3.91,41,20.89,0x0000000000000001
2026-10-06_06:55:28,68,51,55,37,3900,3900,4346,4.77,32,21.34,0x0000000000000001
2026-10-06_06:55:58,68,51,55,37,3900,3900,4355,4.43,32,21.01,0x0000000000000001
2026-10-06_06:56:28,68,51,55,37,3900,3900,4401,3.05,33,21.25,0x0000000000000001
2026-10-06_06:56:58,68,51,55,37,3900,3900,4368,4.40,31,21.39,0x0000000000000001
2026-10-06_06:57:28,67,50,54,37,3900,3900,3664,3.44,0,14.91,0x0000000000000001
2026-10-06_06:57:58,66,50,54,37,3600,3600,4082,2.55,42,20.83,0x0000000000000001
2026-10-06_06:58:29,68,51,55,37,3900,3900,4231,2.31,30,21.08,0x0000000000000001
2026-10-06_06:58:59,68,51,55,37,3900,3900,4416,2.67,42,21.30,0x0000000000000001
2026-10-06_06:59:29,68,51,55,37,3900,3900,4346,5.20,30,21.39,0x0000000000000001
2026-10-06_06:59:59,68,51,55,38,3900,3900,4238,4.96,42,21.16,0x0000000000000001
2026-10-06_07:00:29,65,52,51,38,3900,3900,4366,6.11,0,32.59,0x0000000000000001
2026-10-06_07:00:59,67,51,55,37,3600,3600,4416,4.48,29,21.01,0x0000000000000001
2026-10-06_07:01:29,68,51,54,37,3900,3900,4349,4.53,29,21.34,0x0000000000000001
2026-10-06_07:01:59,68,51,55,38,3900,3900,4220,4.08,30,21.20,0x0000000000000001
2026-10-06_07:02:30,68,51,56,38,3900,3900,4404,3.71,43,21.38,0x0000000000000001
2026-10-06_07:03:00,68,51,55,38,3900,3900,4155,3.94,30,21.39,0x0000000000000001
2026-10-06_07:03:30,61,50,51,37,3900,3900,4029,2.76,1,15.30,0x0000000000000001
2026-10-06_07:04:00,67,51,54,37,3600,3600,4243,3.38,41,21.02,0x0000000000000001
2026-10-06_07:04:30,68,51,55,37,3900,3900,4248,3.51,39,21.22,0x0000000000000001
2026-10-06_07:05:00,68,51,56,38,3900,3900,4402,4.07,31,21.24,0x0000000000000001
2026-10-06_07:05:30,68,51,55,37,3900,3900,4391,3.56,32,21.32,0x0000000000000001
2026-10-06_07:06:01,68,51,55,38,3900,3900,4396,2.83,31,21.21,0x0000000000000001
2026-10-06_07:06:31,67,50,54,38,3600,3600,4399,3.01,43,20.77,0x0000000000000001
2026-10-06_07:07:01,67,51,55,38,3900,3900,4304,3.73,31,21.28,0x0000000000000001
2026-10-06_07:07:31,68,51,55,37,3900,3900,4404,3.78,42,21.23,0x0000000000000001
2026-10-06_07:08:01,68,51,55,37,3900,3900,4344,4.93,31,21.10,0x0000000000000001
2026-10-06_07:08:31,68,51,55,37,3900,3900,4391,4.11,41,21.14,0x0000000000000001
2026-10-06_07:09:01,66,51,52,37,3900,3900,4027,3.55,0,14.80,0x0000000000000001
2026-10-06_07:09:31,66,50,54,37,3900,3900,4265,3.00,29,21.22,0x0000000000000001
2026-10-06_07:10:02,68,51,55,37,3900,3900,4416,4.01,30,21.26,0x0000000000000001
2026-10-06_07:10:32,68,51,55,37,3900,3900,4408,2.86,29,21.45,0x0000000000000001
2026-10-06_07:11:02,68,51,55,37,3900,3900,4351,2.89,30,21.49,0x0000000000000001
2026-10-06_07:11:32,68,51,55,37,3900,3900,4390,2.87,29,21.47,0x0000000000000001
2026-10-06_07:12:02,62,50,51,37,3900,3900,3968,2.21,0,15.20,0x0000000000000001
2026-10-06_07:12:32,67,51,54,37,3600,3600,4319,1.71,31,21.06,0x0000000000000001
2026-10-06_07:13:02,68,51,55,37,3900,3900,4325,1.26,29,21.26,0x0000000000000001
2026-10-06_07:13:32,68,51,55,37,3900,3900,4414,1.33,31,21.42,0x0000000000000001
2026-10-06_07:14:03,68,51,55,37,3900,3900,4391,1.35,31,21.28,0x0000000000000001
2026-10-06_07:14:33,68,51,55,37,3900,3900,4416,2.00,30,21.23,0x0000000000000001
2026-10-06_07:15:03,66,50,53,37,3600,3600,4230,1.43,33,20.94,0x0000000000000001
2026-10-06_07:15:33,67,51,54,37,3600,3600,4314,1.47,31,21.41,0x0000000000000001
2026-10-06_07:16:03,68,51,55,37,3900,3900,4405,2.38,33,21.17,0x0000000000000001
2026-10-06_07:16:33,68,51,55,37,3900,3900,4156,4.46,30,21.36,0x0000000000000001
2026-10-06_07:17:03,68,51,55,37,3900,3900,4416,3.09,30,21.01,0x0000000000000001
2026-10-06_07:17:34,66,50,52,37,3900,3900,3106,2.39,0,16.71,0x0000000000000001
2026-10-06_07:18:04,66,50,53,37,3600,3600,4312,2.69,29,20.89,0x0000000000000001
2026-10-06_07:18:34,68,50,55,37,3800,3700,4396,3.13,31,21.26,0x0000000000000001
2026-10-06_07:19:04,67,50,54,37,3900,3900,4243,2.88,32,21.05,0x0000000000000001
2026-10-06_07:19:34,67,50,55,37,3900,3900,4416,3.07,28,21.03,0x0000000000000001
2026-10-06_07:20:04,67,50,54,37,3900,3900,4287,2.98,29,21.19,0x0000000000000001
2026-10-06_07:20:34,61,49,50,37,3900,3900,4164,3.03,0,15.07,0x0000000000000001
2026-10-06_07:21:04,66,50,54,37,3600,3500,4278,2.54,40,20.66,0x0000000000000001
2026-10-06_07:21:35,67,50,54,37,3900,3900,4125,5.35,30,21.22,0x0000000000000001
2026-10-06_07:22:05,67,50,54,37,3900,3900,4416,4.79,32,20.88,0x0000000000000001
2026-10-06_07:22:35,67,50,54,37,3900,3900,4241,3.28,41,20.94,0x0000000000000001
2026-10-06_07:23:05,67,50,54,37,3900,3900,4270,2.70,31,21.02,0x0000000000000001
2026-10-06_07:23:35,65,49,53,37,3600,3600,4240,3.34,32,20.80,0x0000000000000001
2026-10-06_07:24:05,66,50,54,37,3600,3500,4416,3.86,32,20.94,0x0000000000000001
2026-10-06_07:24:35,67,50,54,37,3900,3900,4416,2.85,43,21.00,0x0000000000000001
2026-10-06_07:25:06,67,50,54,37,3900,3900,4409,2.28,29,21.27,0x0000000000000001
2026-10-06_07:25:36,67,50,54,37,3900,3900,4305,3.06,30,21.12,0x0000000000000001
2026-10-06_07:26:06,67,50,54,37,3900,3900,4416,3.35,43,21.06,0x0000000000000001
2026-10-06_07:26:36,65,49,53,37,3600,3500,4225,2.95,29,21.12,0x0000000000000001
2026-10-06_07:27:06,67,50,55,37,3600,3500,4235,1.99,42,21.14,0x0000000000000001
2026-10-06_07:27:36,67,50,54,37,3900,3900,4408,2.32,30,21.27,0x0000000000000001
2026-10-06_07:28:06,67,50,54,37,3900,3900,4307,1.67,31,21.23,0x0000000000000001
2026-10-06_07:28:37,67,50,54,37,3900,3900,4364,1.69,30,21.15,0x0000000000000001
2026-10-06_07:29:07,66,50,54,37,3900,3900,4229,2.49,41,21.06,0x0000000000000001
2026-10-06_07:29:37,65,49,53,37,3600,3500,4425,2.06,30,21.03,0x0000000000000001
2026-10-06_07:30:07,67,50,55,37,3600,3500,4319,4.27,29,21.05,0x0000000000000001
2026-10-06_07:30:37,67,50,54,37,3900,3900,4315,5.17,29,21.26,0x0000000000000001
2026-10-06_07:31:07,67,50,54,37,3900,3900,4251,4.30,29,21.34,0x0000000000000001
2026-10-06_07:31:37,67,50,54,37,3900,3900,4142,4.28,31,21.27,0x0000000000000001
2026-10-06_07:32:07,67,50,54,37,3900,3900,4250,4.93,30,21.19,0x0000000000000001
2026-10-06_07:32:38,66,50,54,37,3600,3600,4416,3.13,30,20.94,0x0000000000000001
2026-10-06_07:33:08,67,50,55,37,3600,3600,4307,4.79,42,20.58,0x0000000000000001
2026-10-06_07:33:38,67,50,55,37,3900,3900,4288,4.24,43,21.13,0x0000000000000001
2026-10-06_07:34:08,67,50,55,37,3900,3900,4244,5.41,41,21.00,0x0000000000000001
2026-10-06_07:34:38,67,50,55,37,3900,3900,4317,4.17,32,21.07,0x0000000000000001
2026-10-06_07:35:08,62,50,50,37,3900,3900,3958,3.34,0,16.63,0x0000000000000001
2026-10-06_07:35:38,66,50,54,37,3600,3600,4416,4.19,40,20.68,0x0000000000000001
2026-10-06_07:36:09,68,50,55,37,3900,3900,4415,3.15,32,20.89,0x0000000000000001
2026-10-06_07:36:39,67,50,54,37,3900,3900,4391,3.54,41,20.97,0x0000000000000001
2026-10-06_07:37:09,67,50,54,37,3900,3900,4415,4.98,41,20.98,0x0000000000000001
2026-10-06_07:37:39,67,50,55,37,3900,3900,4405,3.74,42,21.05,0x0000000000000001
2026-10-06_07:38:09,66,49,53,37,3600,3600,4416,2.59,42,20.90,0x0000000000000001
2026-10-06_07:38:39,66,50,55,37,3600,3600,4416,3.85,30,21.06,0x0000000000000001
2026-10-06_07:39:09,68,50,55,37,3900,3900,4415,2.86,29,21.30,0x0000000000000001
2026-10-06_07:39:40,68,50,55,37,3900,3900,4416,2.69,30,21.32,0x0000000000000001
2026-10-06_07:40:10,68,51,55,37,3900,3900,4405,3.57,41,21.22,0x0000000000000001
2026-10-06_07:40:40,68,51,54,37,3900,3900,4396,2.70,31,21.15,0x0000000000000001
2026-10-06_07:41:10,66,50,54,37,3600,3600,4098,2.03,29,20.57,0x0000000000000001
2026-10-06_07:41:40,67,51,55,37,3600,3600,4277,3.36,31,21.26,0x0000000000000001
2026-10-06_07:42:10,67,51,55,37,3900,3900,4358,2.24,31,21.36,0x0000000000000001
2026-10-06_07:42:40,67,51,55,37,3900,3900,4415,2.48,29,21.10,0x0000000000000001
2026-10-06_07:43:10,67,51,54,37,3900,3900,4283,3.50,29,21.40,0x0000000000000001
2026-10-06_07:43:41,67,50,51,37,3900,3900,3324,4.01,0,14.42,0x0000000000000001
2026-10-06_07:44:11,66,50,54,37,3600,3600,4416,4.17,40,21.05,0x0000000000000001
2026-10-06_07:44:41,68,51,55,37,3900,3900,4415,5.39,32,20.88,0x0000000000000001
2026-10-06_07:45:11,68,51,55,37,3900,3900,4368,7.47,29,21.24,0x0000000000000001
2026-10-06_07:45:41,68,51,54,37,3900,3900,4089,5.73,29,21.19,0x0000000000000001
2026-10-06_07:46:11,68,51,54,37,3900,3900,4188,5.36,32,21.04,0x0000000000000001
2026-10-06_07:46:41,62,50,52,37,3600,3600,4174,3.91,41,19.25,0x0000000000000001
2026-10-06_07:47:12,66,50,55,37,3600,3600,4250,3.16,32,20.90,0x0000000000000001
2026-10-06_07:47:42,68,51,55,37,3900,3900,4405,3.81,33,21.07,0x0000000000000001
2026-10-06_07:48:12,68,51,55,37,3900,3900,4272,4.12,29,21.27,0x0000000000000001
2026-10-06_07:48:42,68,51,55,37,3900,3900,4394,3.27,32,21.25,0x0000000000000001
2026-10-06_07:49:12,68,51,55,37,3900,3900,4295,4.79,29,21.37,0x0000000000000001
2026-10-06_07:49:42,62,49,52,37,3600,3600,4047,3.65,39,19.39,0x0000000000000001
2026-10-06_07:50:12,66,50,54,37,3600,3600,4416,2.63,30,21.21,0x0000000000000001
2026-10-06_07:50:42,68,51,55,37,3900,3900,4405,2.93,31,21.24,0x0000000000000001
2026-10-06_07:51:13,68,51,55,37,3900,3900,4298,3.58,32,21.31,0x0000000000000001
2026-10-06_07:51:43,68,51,55,37,3900,3900,4324,3.29,30,21.41,0x0000000000000001
2026-10-06_07:52:13,68,51,55,37,3900,3900,4415,4.02,32,21.27,0x0000000000000001
2026-10-06_07:52:43,67,50,53,37,3600,3600,4415,3.06,29,21.07,0x0000000000000001
2026-10-06_07:53:13,67,51,55,37,3600,3600,4362,3.29,33,21.29,0x0000000000000001
2026-10-06_07:53:43,68,51,55,37,3900,3900,4415,5.61,39,20.71,0x0000000000000001
2026-10-06_07:54:13,67,51,55,37,3900,3900,4416,5.19,29,20.91,0x0000000000000001
2026-10-06_07:54:44,68,51,54,37,3900,3900,4404,4.63,41,20.73,0x0000000000000001
2026-10-06_07:55:14,68,51,55,37,3900,3900,4393,5.74,40,20.67,0x0000000000000001
2026-10-06_07:55:44,66,50,54,37,3600,3600,4362,4.92,31,21.26,0x0000000000000001
2026-10-06_07:56:14,68,51,55,37,3700,3700,4398,3.55,41,21.01,0x0000000000000001
2026-10-06_07:56:44,68,51,55,37,3900,3900,4416,3.42,31,21.01,0x0000000000000001
2026-10-06_07:57:14,68,51,55,37,3900,3900,4302,3.21,44,21.16,0x0000000000000001
2026-10-06_07:57:44,68,51,55,37,3900,3900,4308,3.73,30,21.20,0x0000000000000001
2026-10-06_07:58:15,69,50,55,37,3900,3900,3562,4.50,0,15.44,0x0000000000000001
2026-10-06_07:58:45,66,50,54,37,3600,3600,4416,4.43,29,21.16,0x0000000000000001
2026-10-06_07:59:15,68,51,55,37,3900,3900,4414,3.23,31,21.49,0x0000000000000001
2026-10-06_07:59:45,68,51,55,37,3900,3900,4305,2.99,32,21.53,0x0000000000000001
2026-10-06_08:00:15,68,51,55,37,3900,3900,4395,3.84,31,21.57,0x0000000000000001
2026-10-06_08:00:45,68,51,55,37,3900,3900,4379,3.54,31,21.58,0x0000000000000001
2026-10-06_08:01:15,62,50,52,37,3800,3800,4353,3.91,46,16.04,0x0000000000000001
2026-10-06_08:01:45,67,51,55,37,3600,3600,4394,5.61,29,20.94,0x0000000000000001
2026-10-06_08:02:16,68,51,55,37,3900,3900,4387,4.76,29,21.02,0x0000000000000001
2026-10-06_08:02:46,68,51,55,37,3900,3900,4400,5.57,29,20.97,0x0000000000000001
2026-10-06_08:03:16,68,51,55,37,3900,3900,4276,5.96,30,21.21,0x0000000000000001
2026-10-06_08:03:46,68,51,55,37,3900,3900,4416,5.05,30,21.32,0x0000000000000001
2026-10-06_08:04:16,68,50,53,37,3600,3600,4385,3.49,32,20.92,0x0000000000000001
2026-10-06_08:04:46,67,51,55,38,3700,3700,4203,4.13,43,20.91,0x0000000000000001
2026-10-06_08:05:16,68,51,55,37,3900,3900,4416,3.55,30,21.17,0x0000000000000001
2026-10-06_08:05:47,68,51,56,37,3900,3900,4415,4.07,43,21.08,0x0000000000000001
2026-10-06_08:06:17,68,51,55,37,3900,3900,4416,3.79,30,21.26,0x0000000000000001
2026-10-06_08:06:47,68,51,55,37,3900,3900,4152,3.48,33,21.20,0x0000000000000001
2026-10-06_08:07:17,67,50,54,38,3600,3600,4416,2.37,31,21.08,0x0000000000000001
2026-10-06_08:07:47,67,51,54,37,3900,3900,4394,2.53,29,21.08,0x0000000000000001
2026-10-06_08:08:17,68,51,55,37,3900,3900,4223,3.05,29,21.15,0x0000000000000001
2026-10-06_08:08:47,68,51,55,37,3900,3900,4193,2.36,41,21.16,0x0000000000000001
2026-10-06_08:09:17,68,51,56,37,3900,3900,4341,4.95,29,21.26,0x0000000000000001
2026-10-06_08:09:48,66,50,54,37,3900,3900,3946,3.76,4,14.84,0x0000000000000001
2026-10-06_08:10:18,66,50,54,37,3600,3600,4247,4.30,43,21.05,0x0000000000000001
2026-10-06_08:10:48,68,51,55,38,3900,3900,4189,3.15,33,21.07,0x0000000000000001
2026-10-06_08:11:18,68,51,55,38,3900,3900,4412,5.32,31,21.42,0x0000000000000001
2026-10-06_08:11:48,67,51,54,37,3900,3900,4311,4.83,30,20.93,0x0000000000000001
2026-10-06_08:12:18,68,51,55,37,3900,3900,4391,4.09,31,21.14,0x0000000000000001
2026-10-06_08:12:48,61,50,51,37,3900,3900,4076,3.47,1,15.09,0x0000000000000001
2026-10-06_08:13:18,67,51,55,37,3600,3600,4267,3.94,42,20.73,0x0000000000000001
2026-10-06_08:13:49,68,51,54,37,3900,3900,4415,2.89,42,21.04,0x0000000000000001
2026-10-06_08:14:19,68,51,55,37,3900,3900,4390,3.78,30,21.24,0x0000000000000001
2026-10-06_08:14:49,68,51,54,37,3900,3900,4415,2.85,32,21.31,0x0000000000000001
2026-10-06_08:15:19,68,51,55,37,3900,3900,4390,2.35,33,21.09,0x0000000000000001
2026-10-06_08:15:49,61,50,50,37,3800,3800,3967,2.18,1,15.19,0x0000000000000001
2026-10-06_08:16:19,67,51,55,37,3600,3600,4319,2.90,29,21.15,0x0000000000000001
2026-10-06_08:16:49,68,51,55,37,3900,3900,4383,3.46,30,21.20,0x0000000000000001
2026-10-06_08:17:20,68,51,55,37,3900,3900,4409,2.74,42,21.23,0x0000000000000001
2026-10-06_08:17:50,68,51,55,37,3900,3900,4071,4.53,30,21.37,0x0000000000000001
2026-10-06_08:18:20,68,51,54,38,3900,3900,4188,4.22,31,21.08,0x0000000000000001
2026-10-06_08:18:50,68,50,53,38,3700,3700,4306,3.37,47,19.04,0x0000000000000001
2026-10-06_08:19:20,67,51,55,38,3900,3900,4415,4.15,28,20.90,0x0000000000000001
2026-10-06_08:19:50,68,51,55,37,3900,3900,4415,3.10,29,21.42,0x0000000000000001
2026-10-06_08:20:20,68,51,55,37,3900,3900,4410,2.00,31,21.20,0x0000000000000001
2026-10-06_08:20:51,68,51,55,37,3900,3900,4391,2.51,29,21.17,0x0000000000000001
2026-10-06_08:21:21,68,51,55,37,3900,3900,4391,2.08,44,21.31,0x0000000000000001
2026-10-06_08:21:51,68,50,54,37,3600,3600,4416,2.34,49,19.23,0x0000000000000001
2026-10-06_08:22:21,67,51,55,37,3600,3600,4416,2.07,42,21.06,0x0000000000000001
2026-10-06_08:22:51,68,51,55,37,3900,3900,4403,2.82,41,21.12,0x0000000000000001
2026-10-06_08:23:21,68,51,56,37,3900,3900,4400,3.73,32,21.50,0x0000000000000001
2026-10-06_08:23:51,68,51,55,37,3900,3900,4394,3.43,31,21.37,0x0000000000000001
2026-10-06_08:24:21,68,51,55,37,3900,3900,4415,2.48,32,21.31,0x0000000000000001
2026-10-06_08:24:52,67,50,53,37,3600,3600,4362,1.84,49,19.09,0x0000000000000001
2026-10-06_08:25:22,67,50,55,37,3600,3600,4390,3.27,32,21.00,0x0000000000000001
2026-10-06_08:25:52,68,51,55,37,3900,3900,4390,3.42,32,20.97,0x0000000000000001
2026-10-06_08:26:22,68,51,54,37,3900,3900,4416,3.84,31,21.08,0x0000000000000001
2026-10-06_08:26:52,68,51,55,37,3900,3900,4249,3.36,31,21.42,0x0000000000000001
2026-10-06_08:27:22,68,51,55,37,3900,3900,4413,2.87,29,21.27,0x0000000000000001
2026-10-06_08:27:52,67,49,53,37,3600,3600,4416,2.97,47,19.27,0x0000000000000001
2026-10-06_08:28:23,66,50,54,37,3600,3600,4391,2.36,31,21.05,0x0000000000000001
2026-10-06_08:28:53,68,50,55,37,3900,3900,4415,2.27,30,21.29,0x0000000000000001
2026-10-06_08:29:23,67,50,55,37,3900,3900,4249,4.25,43,20.61,0x0000000000000001
2026-10-06_08:29:53,67,50,54,37,3900,3900,4396,4.34,40,20.85,0x0000000000000001
2026-10-06_08:30:23,67,50,54,37,3900,3900,4416,5.28,42,20.99,0x0000000000000001
2026-10-06_08:30:53,66,49,53,37,3600,3600,4311,4.84,30,20.78,0x0000000000000001
2026-10-06_08:31:23,67,50,54,37,3600,3600,4306,4.36,29,21.16,0x0000000000000001
2026-10-06_08:31:53,67,50,54,37,3900,3900,4416,3.78,32,21.01,0x0000000000000001
2026-10-06_08:32:24,67,50,55,37,3900,3900,4415,3.43,29,21.07,0x0000000000000001
2026-10-06_08:32:54,67,50,54,37,3900,3900,4416,2.71,43,21.23,0x0000000000000001
2026-10-06_08:33:24,65,50,52,37,3900,3900,3382,4.61,0,14.60,0x0000000000000001
2026-10-06_08:33:54,65,49,53,37,3600,3500,4210,4.54,43,20.98,0x0000000000000001
2026-10-06_08:34:24,67,50,54,37,3600,3500,4416,3.77,29,20.98,0x0000000000000001
2026-10-06_08:34:54,67,50,54,37,3900,3900,4210,3.31,30,21.03,0x0000000000000001
2026-10-06_08:35:24,67,50,54,37,3900,3900,4404,5.24,42,21.09,0x0000000000000001
2026-10-06_08:35:55,67,50,54,37,3900,3900,4298,3.74,31,21.35,0x0000000000000001
2026-10-06_08:36:25,67,51,50,37,3900,3900,3840,3.32,0,32.46,0x0000000000000001
2026-10-06_08:36:55,66,50,54,37,3600,3600,4373,3.62,30,20.94,0x0000000000000001
2026-10-06_08:37:25,67,50,54,37,3700,3700,4380,4.01,29,21.12,0x0000000000000001
2026-10-06_08:37:55,67,50,54,37,3900,3900,4416,3.17,31,21.18,0x0000000000000001
2026-10-06_08:38:25,67,50,54,37,3900,3900,4416,2.86,31,21.08,0x0000000000000001
2026-10-06_08:38:55,67,50,55,37,3900,3900,4388,3.79,42,21.03,0x0000000000000001
2026-10-06_08:39:25,61,49,50,37,3900,3900,4193,3.49,1,15.12,0x0000000000000001
2026-10-06_08:39:56,66,50,54,37,3600,3500,4169,4.10,29,20.96,0x0000000000000001
2026-10-06_08:40:26,67,50,54,37,3900,3900,4241,3.42,43,20.92,0x0000000000000001
2026-10-06_08:40:56,67,50,54,37,3900,3900,4391,4.46,45,21.23,0x0000000000000001
2026-10-06_08:41:26,67,50,55,37,3900,3900,4301,5.12,30,21.41,0x0000000000000001
2026-10-06_08:41:56,67,50,54,37,3900,3900,4416,6.17,31,21.05,0x0000000000000001
2026-10-06_08:42:26,64,49,51,37,3600,3600,4391,4.80,39,19.07,0x0000000000000001
2026-10-06_08:42:56,66,50,54,37,3600,3600,4092,5.08,40,20.88,0x0000000000000001
2026-10-06_08:43:27,68,50,55,37,3900,3900,4175,4.55,31,21.45,0x0000000000000001
2026-10-06_08:43:57,67,50,54,37,3900,3900,4312,4.00,32,21.43,0x0000000000000001
2026-10-06_08:44:27,67,50,54,37,3900,3900,4403,5.16,31,21.53,0x0000000000000001
2026-10-06_08:44:57,67,50,55,37,3900,3900,4398,4.62,32,21.56,0x0000000000000001
2026-10-06_08:45:27,66,49,53,37,3500,3600,4416,4.63,43,20.84,0x0000000000000001
2026-10-06_08:45:57,67,50,54,37,3500,3600,4415,4.86,29,21.00,0x0000000000000001
2026-10-06_08:46:27,67,50,55,37,3900,3900,4284,4.75,33,21.00,0x0000000000000001
2026-10-06_08:46:57,67,50,54,37,3900,3900,4416,4.29,42,21.11,0x0000000000000001
2026-10-06_08:47:28,67,50,55,37,3900,3900,4416,5.44,30,21.27,0x0000000000000001
2026-10-06_08:47:58,67,50,55,37,3900,3900,4413,3.68,33,21.19,0x0000000000000001
2026-10-06_08:48:28,53,47,48,37,3000,3000,3091,2.35,0,14.27,0x0000000000000001
2026-10-06_08:48:58,52,46,47,37,2900,3000,3631,1.42,0,14.05,0x0000000000000001
2026-10-06_08:49:28,51,46,47,37,2900,3000,2928,0.86,0,14.09,0x0000000000000001
2026-10-06_08:49:58,51,45,46,37,2900,3000,3239,0.68,0,13.96,0x0000000000000001
2026-10-06_08:50:28,51,45,45,37,2900,3000,3199,0.41,0,13.92,0x0000000000000001
2026-10-06_08:50:59,50,44,45,37,2900,3000,3045,0.39,0,13.92,0x0000000000000001
2026-10-06_08:51:29,50,44,45,37,2900,3000,3358,0.24,0,13.79,0x0000000000000001
2026-10-06_08:51:59,50,44,45,37,2900,3000,3371,0.26,0,13.86,0x0000000000000001
2026-10-06_08:52:29,49,44,45,37,2900,3000,3425,0.58,0,13.86,0x0000000000000001
2026-10-06_08:52:59,49,44,45,37,2900,3000,3029,0.84,0,13.79,0x0000000000000001
2026-10-06_08:53:29,49,43,44,37,2900,3000,3680,0.57,0,13.80,0x0000000000000001
2026-10-06_08:53:59,49,43,45,37,2900,3000,3752,0.34,0,13.74,0x0000000000000001
2026-10-06_08:54:29,49,43,44,37,2900,3000,3001,0.26,0,13.84,0x0000000000000001
2026-10-06_08:54:59,49,43,45,37,2900,3000,3441,0.34,0,13.77,0x0000000000000001
2026-10-06_08:55:30,49,43,44,37,2900,3000,3194,0.20,0,13.82,0x0000000000000001
2026-10-06_08:56:00,49,43,44,37,2900,2900,3119,0.41,0,13.72,0x0000000000000001
2026-10-06_08:56:30,49,43,44,37,2900,2900,3272,0.25,0,13.64,0x0000000000000001
2026-10-06_08:57:00,48,43,44,37,2900,2900,3681,0.21,0,13.76,0x0000000000000001
2026-10-06_08:57:30,49,43,45,37,2900,2900,3266,0.13,0,13.73,0x0000000000000001
2026-10-06_08:58:00,49,43,44,37,2900,2900,3435,0.08,0,13.73,0x0000000000000001
2026-10-06_08:58:30,48,43,45,37,2900,2900,3261,0.10,0,13.65,0x0000000000000001
2026-10-06_08:59:00,49,43,44,37,2900,2900,3195,0.18,0,13.61,0x0000000000000001
2026-10-06_08:59:31,48,42,44,37,2900,2900,3045,0.11,0,13.60,0x0000000000000001
2026-10-06_09:00:01,48,42,44,37,2900,2900,3072,0.06,0,13.65,0x0000000000000001
2026-10-06_09:00:31,48,42,44,37,2900,2900,3323,0.09,0,13.68,0x0000000000000001
2026-10-06_09:01:01,48,42,43,37,2900,2900,3305,0.05,0,13.71,0x0000000000000001
2026-10-06_09:01:31,48,42,44,37,2900,2900,3446,0.03,0,13.68,0x0000000000000001
2026-10-06_09:02:01,48,42,44,37,2900,2900,3414,0.09,0,13.68,0x0000000000000001
2026-10-06_09:02:31,48,42,44,37,2900,2900,3989,0.23,0,13.70,0x0000000000000001
2026-10-06_09:03:01,48,42,43,37,2900,2900,3619,0.20,0,13.71,0x0000000000000001
2026-10-06_09:03:32,48,42,44,37,2900,2900,3607,0.18,0,13.73,0x0000000000000001
2026-10-06_09:04:02,48,42,44,37,2900,2900,3209,0.33,0,13.68,0x0000000000000001
2026-10-06_09:04:32,48,42,44,37,2900,2900,3167,0.20,0,13.66,0x0000000000000001
2026-10-06_09:05:02,48,42,44,37,2900,2900,3456,0.19,0,13.77,0x0000000000000001
2026-10-06_09:05:32,48,42,44,37,2900,2900,3327,0.11,0,13.73,0x0000000000000001
2026-10-06_09:06:02,48,42,44,37,2900,2900,3578,0.20,0,13.70,0x0000000000000001
2026-10-06_09:06:32,48,42,43,37,2900,2900,3290,0.12,0,13.66,0x0000000000000001
2026-10-06_09:07:02,48,42,44,37,2900,2900,3146,0.44,0,13.65,0x0000000000000001
2026-10-06_09:07:33,48,42,44,37,2900,2900,3209,0.59,0,13.69,0x0000000000000001
2026-10-06_09:08:03,48,42,43,37,2900,2900,3506,0.52,0,13.74,0x0000000000000001
2026-10-06_09:08:33,48,42,43,37,2900,2900,3124,0.32,0,13.63,0x0000000000000001
2026-10-06_09:09:03,48,42,43,37,2900,2900,3297,0.19,0,13.59,0x0000000000000001
2026-10-06_09:09:33,48,42,44,37,2900,2900,3303,0.19,0,13.76,0x0000000000000001
2026-10-06_09:10:03,48,42,44,37,2900,2900,3384,0.31,0,13.71,0x0000000000000001
2026-10-06_09:10:33,48,42,43,37,2900,2900,3312,0.24,0,13.76,0x0000000000000001
2026-10-06_09:11:03,48,42,43,37,2900,2900,3833,0.20,0,13.77,0x0000000000000001
2026-10-06_09:11:34,48,42,44,37,2900,2900,3111,0.19,0,13.72,0x0000000000000001
2026-10-06_09:12:04,48,42,44,37,2900,2900,3174,0.25,0,13.81,0x0000000000000001
2026-10-06_09:12:34,48,42,44,37,2900,2900,2820,0.15,0,13.79,0x0000000000000001
2026-10-06_09:13:04,48,42,44,37,2900,2900,3267,0.22,0,13.71,0x0000000000000001
2026-10-06_09:13:34,48,42,44,37,2900,2900,3393,0.13,0,13.74,0x0000000000000001
2026-10-06_09:14:04,48,42,43,37,2900,2900,3347,0.08,0,13.77,0x0000000000000001
2026-10-06_09:14:34,48,42,44,37,2900,2900,3548,0.52,0,13.76,0x0000000000000001
2026-10-06_09:15:04,48,42,44,37,2900,2900,3250,0.64,0,13.75,0x0000000000000001
2026-10-06_09:15:34,48,42,44,37,2900,2900,3424,0.63,0,13.74,0x0000000000000001
2026-10-06_09:16:05,48,42,43,37,2900,2900,3158,0.46,0,13.74,0x0000000000000001
2026-10-06_09:16:35,48,42,43,37,2900,2900,3596,0.40,0,13.65,0x0000000000000001
2026-10-06_09:17:05,48,42,44,37,2900,2900,3665,0.40,0,13.81,0x0000000000000001
2026-10-06_09:17:35,48,42,44,37,2900,2900,3210,0.45,0,13.67,0x0000000000000001
2026-10-06_09:18:05,48,42,44,37,2900,2900,3517,0.33,0,13.67,0x0000000000000001
2026-10-06_09:18:35,48,42,44,37,2900,2900,3269,0.27,0,13.71,0x0000000000000001
2026-10-06_09:19:05,48,42,44,37,2900,2900,3463,0.16,0,13.63,0x0000000000000001
2026-10-06_09:19:35,48,42,44,37,2900,2900,3113,0.27,0,13.59,0x0000000000000001
2026-10-06_09:20:06,48,42,43,37,2900,2900,3619,0.22,0,13.55,0x0000000000000001
2026-10-06_09:20:36,48,42,43,37,2900,2900,3629,0.13,0,13.65,0x0000000000000001
2026-10-06_09:21:06,48,42,44,37,2900,2900,3296,0.08,0,13.64,0x0000000000000001
2026-10-06_09:21:36,48,42,44,37,2900,2900,3431,0.16,0,13.67,0x0000000000000001
2026-10-06_09:22:06,48,42,44,37,2900,2900,3283,0.18,0,13.67,0x0000000000000001
2026-10-06_09:22:36,48,42,43,37,2900,2900,3383,0.24,0,13.71,0x0000000000000001
2026-10-06_09:23:06,48,42,44,37,2900,2900,3343,0.20,0,13.62,0x0000000000000001
2026-10-06_09:23:36,48,42,44,37,2900,2900,3445,0.18,0,13.68,0x0000000000000001
2026-10-06_09:24:07,48,42,44,37,2900,2900,3427,0.35,0,13.64,0x0000000000000001
2026-10-06_09:24:37,48,42,43,37,2900,2900,3627,0.35,0,13.54,0x0000000000000001
2026-10-06_09:25:07,48,42,43,37,2900,2900,3385,0.27,0,13.64,0x0000000000000001
2026-10-06_09:25:37,48,42,43,37,2900,2900,3348,0.75,0,13.69,0x0000000000000001
2026-10-06_09:26:07,48,42,43,37,2900,2900,3264,0.56,0,13.69,0x0000000000000001
2026-10-06_09:26:37,48,42,42,37,2900,2900,3188,0.34,0,13.65,0x0000000000000001
2026-10-06_09:27:07,48,42,43,37,2900,2900,2891,0.33,0,13.60,0x0000000000000001
2026-10-06_09:27:37,47,42,44,37,2900,2900,3005,0.36,0,13.65,0x0000000000000001
2026-10-06_09:28:08,47,42,42,37,2900,2900,3382,0.34,0,13.69,0x0000000000000001
2026-10-06_09:28:38,47,42,43,37,2900,2900,3202,0.28,0,13.61,0x0000000000000001
2026-10-06_09:29:08,47,41,43,37,2900,2900,3492,0.17,0,13.59,0x0000000000000001
2026-10-06_09:29:38,47,42,43,37,2900,2900,3418,0.23,0,13.67,0x0000000000000001
2026-10-06_09:30:08,47,41,43,37,2900,2900,3232,0.21,0,13.64,0x0000000000000001
2026-10-06_09:30:38,47,41,43,37,3000,2900,3453,0.12,0,13.64,0x0000000000000001
2026-10-06_09:31:08,47,41,43,37,3000,2900,3466,0.31,0,13.70,0x0000000000000001
2026-10-06_09:31:38,47,41,42,37,3000,2900,3837,0.19,0,13.61,0x0000000000000001
2026-10-06_09:32:08,47,41,42,37,3000,2900,2917,0.26,0,13.64,0x0000000000000001
2026-10-06_09:32:39,47,41,43,37,3000,2900,3487,0.50,0,13.69,0x0000000000000001
2026-10-06_09:33:09,47,41,42,37,3000,2900,3562,0.43,0,13.72,0x0000000000000001
2026-10-06_09:33:39,47,41,42,37,3000,2900,3256,0.26,0,13.62,0x0000000000000001
2026-10-06_09:34:09,47,41,42,37,3000,2900,3236,0.22,0,13.60,0x0000000000000001
2026-10-06_09:34:39,47,41,42,37,3000,2900,3259,0.20,0,13.63,0x0000000000000001
2026-10-06_09:35:09,47,41,43,37,3000,2900,3130,0.19,0,13.56,0x0000000000000001
2026-10-06_09:35:39,47,41,42,37,3000,2900,3406,0.17,0,13.62,0x0000000000000001
2026-10-06_09:36:09,47,41,42,37,3000,2900,3223,0.23,0,13.57,0x0000000000000001
2026-10-06_09:36:40,47,41,43,37,3000,2900,3191,0.14,0,13.65,0x0000000000000001
2026-10-06_09:37:10,47,41,42,37,3000,2900,3236,0.14,0,13.67,0x0000000000000001
2026-10-06_09:37:40,47,41,42,37,3000,2900,3223,0.38,0,13.59,0x0000000000000001
2026-10-06_09:38:10,47,41,42,37,3000,2900,3464,0.23,0,13.69,0x0000000000000001
2026-10-06_09:38:40,47,41,42,37,3000,2900,3598,0.20,0,13.59,0x0000000000000001
2026-10-06_09:39:10,47,41,42,37,3000,2900,3282,0.31,0,13.62,0x0000000000000001
2026-10-06_09:39:40,47,41,43,37,3000,2900,3416,0.30,0,13.57,0x0000000000000001
2026-10-06_09:40:10,47,41,42,37,3000,2900,2618,0.24,0,13.52,0x0000000000000001
2026-10-06_09:40:41,47,41,42,37,3000,2900,3062,0.36,0,13.58,0x0000000000000001
2026-10-06_09:41:11,47,41,42,37,3000,2900,3427,0.29,0,13.53,0x0000000000000001
2026-10-06_09:41:41,47,41,42,37,3000,2900,3507,0.41,0,13.60,0x0000000000000001
2026-10-06_09:42:11,47,41,42,37,3000,2900,3354,0.32,0,13.64,0x0000000000000001
2026-10-06_09:42:41,47,41,42,37,3000,2900,3014,0.83,0,13.65,0x0000000000000001
2026-10-06_09:43:11,47,41,42,37,3000,2900,3592,0.82,0,13.57,0x0000000000000001
2026-10-06_09:43:41,47,41,42,37,3000,2900,3122,0.53,0,13.68,0x0000000000000001
2026-10-06_09:44:11,47,41,42,37,3000,2900,3676,0.32,0,13.56,0x0000000000000001
2026-10-06_09:44:42,47,41,43,37,3000,3000,3373,0.26,0,13.62,0x0000000000000001
2026-10-06_09:45:12,47,41,42,37,3000,3000,3140,0.16,0,13.66,0x0000000000000001
2026-10-06_09:45:42,47,40,42,37,3000,3000,3435,0.17,0,13.58,0x0000000000000001
2026-10-06_09:46:12,47,40,43,37,3000,3000,3328,0.10,0,13.55,0x0000000000000001
2026-10-06_09:46:42,46,40,42,37,3000,3000,3459,0.22,0,13.53,0x0000000000000001
2026-10-06_09:47:12,46,40,42,37,3000,3000,3210,0.34,0,13.58,0x0000000000000001
2026-10-06_09:47:42,46,40,42,37,3000,3000,3451,0.33,0,13.62,0x0000000000000001
2026-10-06_09:48:12,46,40,42,37,3000,3000,3720,0.20,0,13.56,0x0000000000000001
2026-10-06_09:48:43,46,40,42,37,3000,3000,3292,0.19,0,13.57,0x0000000000000001
2026-10-06_09:49:13,46,40,43,37,3000,3000,3357,0.12,0,13.56,0x0000000000000001
2026-10-06_09:49:43,46,40,42,37,3000,3000,3284,0.13,0,13.56,0x0000000000000001
2026-10-06_09:50:13,46,40,42,37,3000,3000,3341,0.14,0,13.49,0x0000000000000001
2026-10-06_09:50:43,46,40,42,37,3000,3000,3319,0.14,0,13.59,0x0000000000000001
2026-10-06_09:51:13,47,40,42,37,3000,3000,3505,0.26,0,13.55,0x0000000000000001
2026-10-06_09:51:43,46,40,42,37,3000,3000,3121,0.16,0,13.51,0x0000000000000001
2026-10-06_09:52:13,46,41,42,37,3000,3000,3004,0.16,0,13.53,0x0000000000000001
2026-10-06_09:52:43,47,41,42,37,3000,3000,3185,0.24,0,13.62,0x0000000000000001
2026-10-06_09:53:14,47,41,42,37,3000,3000,3473,0.14,0,13.63,0x0000000000000001
2026-10-06_09:53:44,47,41,42,37,3000,3000,3018,0.09,0,13.55,0x0000000000000001
2026-10-06_09:54:14,47,41,43,37,3000,3000,3180,0.33,0,13.64,0x0000000000000001
2026-10-06_09:54:44,47,41,42,37,3000,3000,3221,0.36,0,13.60,0x0000000000000001
2026-10-06_09:55:14,47,41,43,37,3000,3000,3208,0.22,0,13.60,0x0000000000000001
2026-10-06_09:55:44,47,41,42,37,3000,3000,3072,0.13,0,13.59,0x0000000000000001
2026-10-06_09:56:14,47,41,42,37,3000,3000,3555,0.08,0,13.57,0x0000000000000001
2026-10-06_09:56:44,47,41,43,37,3000,3000,2946,0.05,0,13.57,0x0000000000000001
2026-10-06_09:57:15,47,41,43,37,3000,3000,3368,0.03,0,13.57,0x0000000000000001
2026-10-06_09:57:45,47,41,42,37,3000,3000,3568,0.02,0,13.67,0x0000000000000001
2026-10-06_09:58:15,47,41,42,37,3000,3000,3520,0.14,0,13.66,0x0000000000000001
2026-10-06_09:58:45,47,41,42,37,3000,3000,3353,0.20,0,13.52,0x0000000000000001
2026-10-06_09:59:15,47,41,43,37,3000,3000,3266,0.18,0,13.63,0x0000000000000001
2026-10-06_09:59:45,47,41,42,37,3000,3000,3516,0.11,0,13.60,0x0000000000000001
2026-10-06_10:00:15,47,41,42,37,3000,3000,3444,0.12,0,13.59,0x0000000000000001
2026-10-06_10:00:45,47,41,42,37,3000,3000,3446,0.23,0,13.60,0x0000000000000001
2026-10-06_10:01:16,47,41,43,37,3000,3000,3255,0.28,0,13.68,0x0000000000000001
2026-10-06_10:01:46,47,41,43,37,3000,3000,3445,0.22,0,13.65,0x0000000000000001
2026-10-06_10:02:16,47,41,42,37,3000,3000,2995,0.13,0,13.69,0x0000000000000001
2026-10-06_10:02:46,47,41,43,37,3000,3000,3083,0.16,0,13.68,0x0000000000000001
2026-10-06_10:03:16,47,41,43,37,3000,3000,3709,0.49,0,13.67,0x0000000000000001
2026-10-06_10:03:46,47,41,43,37,3000,3000,3337,0.41,0,13.57,0x0000000000000001
2026-10-06_10:04:16,47,41,42,37,3000,3000,3162,0.30,0,13.58,0x0000000000000001
2026-10-06_10:04:46,47,41,43,37,3000,3000,3684,0.18,0,13.63,0x0000000000000001
2026-10-06_10:05:17,47,41,43,37,3000,3000,3381,0.35,0,13.61,0x0000000000000001
2026-10-06_10:05:47,47,41,43,37,3000,3000,3208,0.54,0,13.55,0x0000000000000001
2026-10-06_10:06:17,47,41,43,37,3000,3000,3988,0.32,0,13.64,0x0000000000000001
2026-10-06_10:06:47,47,41,42,37,3000,3000,3288,0.20,0,13.60,0x0000000000000001
2026-10-06_10:07:17,47,41,42,37,3000,3000,3207,0.17,0,13.63,0x0000000000000001
2026-10-06_10:07:47,47,41,42,37,3000,3000,3013,0.10,0,13.61,0x0000000000000001
2026-10-06_10:08:17,47,41,43,37,3000,3000,3162,0.28,0,13.59,0x0000000000000001
2026-10-06_10:08:47,47,41,43,37,3000,3000,3372,0.25,0,13.65,0x0000000000000001
2026-10-06_10:09:18,47,41,42,37,3000,3000,3418,0.35,0,13.62,0x0000000000000001
2026-10-06_10:09:48,47,41,42,37,3000,3000,3345,0.21,0,13.64,0x0000000000000001
2026-10-06_10:10:18,47,41,42,37,3000,3000,3638,0.13,0,13.58,0x0000000000000001
2026-10-06_10:10:48,47,41,44,37,3000,3000,3261,0.08,0,13.64,0x0000000000000001
2026-10-06_10:11:18,47,41,43,37,3000,3000,3188,0.11,0,13.76,0x0000000000000001
2026-10-06_10:11:48,47,41,42,37,3000,3000,3736,0.20,0,13.64,0x0000000000000001
2026-10-06_10:12:18,47,41,42,37,3000,3000,3376,0.26,0,13.64,0x0000000000000001
2026-10-06_10:12:48,47,41,42,37,3000,3000,2967,0.23,0,13.59,0x0000000000000001
2026-10-06_10:13:19,47,41,42,37,3000,3000,3826,0.14,0,13.52,0x0000000000000001
2026-10-06_10:13:49,47,41,43,37,3000,3000,3174,0.08,0,13.61,0x0000000000000001
2026-10-06_10:14:19,47,41,43,37,3000,3000,3454,0.11,0,13.60,0x0000000000000001
2026-10-06_10:14:49,47,41,43,37,3000,3000,3082,0.21,0,13.69,0x0000000000000001
2026-10-06_10:15:19,47,41,43,37,3000,3000,3214,0.18,0,13.62,0x0000000000000001
2026-10-06_10:15:49,47,41,43,37,3000,3000,3268,0.23,0,13.65,0x0000000000000001
2026-10-06_10:16:19,47,41,43,37,3000,3000,3213,0.29,0,13.66,0x0000000000000001
2026-10-06_10:16:49,47,41,42,37,3000,3000,3537,0.18,0,13.64,0x0000000000000001
2026-10-06_10:17:20,47,41,42,37,3000,3000,3341,0.11,0,13.66,0x0000000000000001
2026-10-06_10:17:50,47,41,42,37,3000,3000,3507,0.43,0,13.70,0x0000000000000001
2026-10-06_10:18:20,47,41,42,37,3000,3000,3672,0.33,0,13.58,0x0000000000000001
2026-10-06_10:18:50,47,41,43,37,3000,3000,3476,0.32,0,13.66,0x0000000000000001
2026-10-06_10:19:20,47,41,42,37,3000,3000,3350,0.26,0,13.58,0x0000000000000001
2026-10-06_10:19:50,47,41,43,37,3000,3000,3292,0.24,0,13.68,0x0000000000000001
2026-10-06_10:20:20,47,41,43,37,3000,3000,3359,0.35,0,13.67,0x0000000000000001
2026-10-06_10:20:50,47,41,43,37,3000,3000,3415,0.40,0,13.66,0x0000000000000001
2026-10-06_10:21:20,47,41,43,37,3000,3000,3270,0.32,0,13.66,0x0000000000000001
2026-10-06_10:21:51,47,41,43,37,3000,3000,3613,0.33,0,13.69,0x0000000000000001
2026-10-06_10:22:21,47,41,43,37,3000,3000,3614,0.28,0,13.75,0x0000000000000001
2026-10-06_10:22:51,47,41,43,37,3000,3000,3410,0.45,0,13.77,0x0000000000000001
2026-10-06_10:23:21,47,41,43,37,3000,3000,3445,0.65,0,13.72,0x0000000000000001
2026-10-06_10:23:51,47,41,43,37,3000,3000,3345,0.69,0,13.59,0x0000000000000001
2026-10-06_10:24:21,47,41,42,37,3000,3000,3532,0.48,0,13.70,0x0000000000000001
2026-10-06_10:24:51,47,41,43,37,3000,3000,3501,0.35,0,13.76,0x0000000000000001
2026-10-06_10:25:21,47,41,42,37,3000,3000,3267,0.37,0,13.58,0x0000000000000001
2026-10-06_10:25:52,48,41,43,37,3000,3000,3286,0.53,0,13.57,0x0000000000000001
2026-10-06_10:26:22,48,41,43,37,3000,3000,3225,0.32,0,13.60,0x0000000000000001
2026-10-06_10:26:52,47,41,44,37,3000,3000,3539,0.23,0,13.59,0x0000000000000001
2026-10-06_10:27:22,47,41,43,37,3000,3000,3379,0.14,0,13.72,0x0000000000000001
2026-10-06_10:27:52,47,41,43,37,3000,3000,3381,0.27,0,13.66,0x0000000000000001
2026-10-06_10:28:22,47,41,44,37,3000,3000,3451,0.16,0,13.63,0x0000000000000001
2026-10-06_10:28:52,47,41,43,37,3000,3000,3773,0.10,0,13.64,0x0000000000000001
2026-10-06_10:29:22,47,41,43,37,3000,3000,3996,0.32,0,13.64,0x0000000000000001
2026-10-06_10:29:53,47,41,43,37,3000,3000,3447,0.25,0,13.65,0x0000000000000001
2026-10-06_10:30:23,47,41,43,37,3000,3000,3451,0.23,0,13.69,0x0000000000000001
2026-10-06_10:30:53,47,41,43,37,3000,3000,3813,0.78,0,13.61,0x0000000000000001
2026-10-06_10:31:23,48,41,42,37,3000,3000,3315,0.47,0,13.64,0x0000000000000001
2026-10-06_10:31:53,47,41,43,37,3000,3000,3421,0.28,0,13.68,0x0000000000000001
2026-10-06_10:32:23,48,41,43,37,3000,3000,3394,0.17,0,13.63,0x0000000000000001
2026-10-06_10:32:53,48,41,43,37,3000,3000,3633,0.26,0,13.68,0x0000000000000001
2026-10-06_10:33:23,47,41,43,37,3000,3000,3990,0.34,0,13.60,0x0000000000000001
2026-10-06_10:33:54,47,41,43,37,3000,3000,3219,0.33,0,13.66,0x0000000000000001
2026-10-06_10:34:24,47,41,43,37,3000,3000,3395,0.33,0,13.61,0x0000000000000001
2026-10-06_10:34:54,47,41,42,37,3000,3000,3541,0.20,0,13.73,0x0000000000000001
2026-10-06_10:35:24,47,41,42,37,3000,3000,3255,0.12,0,13.66,0x0000000000000001
2026-10-06_10:35:54,47,41,43,37,3000,3000,3114,0.07,0,13.65,0x0000000000000001
2026-10-06_10:36:24,47,41,43,37,3000,3000,3369,0.23,0,13.59,0x0000000000000001
2026-10-06_10:36:54,47,41,44,37,3000,3000,3639,0.20,0,13.65,0x0000000000000001
2026-10-06_10:37:24,48,41,43,37,3000,3000,3297,0.12,0,13.71,0x0000000000000001
2026-10-06_10:37:54,47,41,43,37,3000,3000,3077,0.14,0,13.75,0x0000000000000001
2026-10-06_10:38:25,47,41,43,37,3000,3000,3309,0.29,0,13.73,0x0000000000000001
2026-10-06_10:38:55,47,41,43,37,3000,3000,3030,0.23,0,13.67,0x0000000000000001
2026-10-06_10:39:25,48,41,43,37,3000,3000,3444,0.20,0,13.70,0x0000000000000001
2026-10-06_10:39:55,47,41,43,37,3000,3000,3412,0.28,0,13.77,0x0000000000000001
2026-10-06_10:40:25,47,41,43,37,3000,3000,3242,0.30,0,13.74,0x0000000000000001
2026-10-06_10:40:55,47,41,43,37,3000,3000,2834,0.18,0,13.77,0x0000000000000001
2026-10-06_10:41:25,47,41,43,37,3000,3000,3797,0.11,0,13.68,0x0000000000000001
2026-10-06_10:41:55,47,41,43,37,3000,3000,3508,0.42,0,13.65,0x0000000000000001
2026-10-06_10:42:26,48,41,43,37,3000,3000,3551,0.36,0,13.65,0x0000000000000001
2026-10-06_10:42:56,47,41,43,37,3000,3000,3117,0.45,0,13.66,0x0000000000000001
2026-10-06_10:43:26,47,41,43,37,3000,3000,3159,0.27,0,13.69,0x0000000000000001
2026-10-06_10:43:56,47,41,43,37,3000,3000,3649,0.16,0,13.72,0x0000000000000001
2026-10-06_10:44:26,47,41,43,37,3000,3000,3304,0.46,0,13.74,0x0000000000000001
2026-10-06_10:44:56,48,41,43,37,3000,3000,3011,0.96,0,13.84,0x0000000000000001
2026-10-06_10:45:26,47,41,43,37,3000,3000,3460,0.58,0,13.76,0x0000000000000001
2026-10-06_10:45:56,47,41,43,37,3000,3000,3476,0.50,0,13.73,0x0000000000000001
2026-10-06_10:46:27,48,41,42,37,3000,3000,3321,0.30,0,13.70,0x0000000000000001
2026-10-06_10:46:57,48,41,43,37,3000,3000,3176,0.26,0,13.74,0x0000000000000001
2026-10-06_10:47:27,48,41,43,37,3000,3000,3274,0.33,0,13.74,0x0000000000000001
2026-10-06_10:47:57,48,41,44,37,3000,3000,3424,0.20,0,13.72,0x0000000000000001
2026-10-06_10:48:27,47,41,43,37,3000,3000,2916,0.31,0,13.72,0x0000000000000001
2026-10-06_10:48:57,47,41,43,37,3000,3000,3290,0.18,0,13.62,0x0000000000000001
2026-10-06_10:49:27,47,41,43,37,3000,3000,3346,0.18,0,13.71,0x0000000000000001
2026-10-06_10:49:57,47,41,43,37,3000,3000,3272,0.30,0,13.62,0x0000000000000001
2026-10-06_10:50:28,48,41,43,37,3000,3000,2735,0.32,0,13.68,0x0000000000000001
2026-10-06_10:50:58,48,41,43,37,3000,3000,3502,0.19,0,13.59,0x0000000000000001
2026-10-06_10:51:28,47,41,43,37,3000,3000,3284,0.12,0,13.68,0x0000000000000001
2026-10-06_10:51:58,47,41,43,37,3000,3000,2980,0.14,0,13.62,0x0000000000000001
2026-10-06_10:52:28,47,41,43,37,3000,3000,3253,0.23,0,13.60,0x0000000000000001
2026-10-06_10:52:58,47,41,44,37,3000,3000,3024,0.31,0,13.55,0x0000000000000001
2026-10-06_10:53:28,48,41,43,37,3000,3000,3492,0.33,0,13.56,0x0000000000000001
2026-10-06_10:53:58,48,41,42,37,3000,3000,3160,0.20,0,13.59,0x0000000000000001
2026-10-06_10:54:28,47,41,43,37,3000,3000,3641,0.24,0,13.61,0x0000000000000001
2026-10-06_10:54:59,47,41,42,37,3000,3000,3529,0.35,0,13.68,0x0000000000000001
2026-10-06_10:55:29,47,41,42,37,3000,3000,3138,0.21,0,13.61,0x0000000000000001
2026-10-06_10:55:59,47,41,42,37,3000,3000,3524,0.45,0,13.65,0x0000000000000001
2026-10-06_10:56:29,47,41,43,37,3000,3000,3305,0.47,0,13.59,0x0000000000000001
2026-10-06_10:56:59,47,41,43,37,3000,3000,3076,0.28,0,13.58,0x0000000000000001
2026-10-06_10:57:29,47,41,43,37,3000,3000,3229,0.17,0,13.67,0x0000000000000001
2026-10-06_10:57:59,47,41,43,37,3000,3000,3536,0.16,0,13.53,0x0000000000000001
2026-10-06_10:58:29,47,41,43,37,3000,3000,3751,0.10,0,13.57,0x0000000000000001
2026-10-06_10:59:00,47,41,43,37,3000,3000,3243,0.21,0,13.56,0x0000000000000001
2026-10-06_10:59:30,47,41,42,37,3000,3000,3632,0.19,0,13.60,0x0000000000000001
2026-10-06_11:00:00,47,41,43,37,3000,3000,3309,0.31,0,13.53,0x0000000000000001
2026-10-06_11:00:30,47,41,42,37,3000,3000,3281,0.33,0,13.57,0x0000000000000001
2026-10-06_11:01:00,47,41,42,37,3000,3000,3406,0.26,0,13.46,0x0000000000000001
2026-10-06_11:01:30,47,41,42,37,3000,3000,3691,0.16,0,13.49,0x0000000000000001
2026-10-06_11:02:00,47,41,43,37,3000,3000,2943,0.09,0,13.53,0x0000000000000001
2026-10-06_11:02:30,47,41,43,37,3000,3000,3430,0.21,0,13.60,0x0000000000000001
2026-10-06_11:03:01,47,41,42,37,3000,3000,3295,0.44,0,13.51,0x0000000000000001
2026-10-06_11:03:31,47,41,42,37,3000,3000,3389,0.56,0,13.48,0x0000000000000001
2026-10-06_11:04:01,47,41,42,37,3000,3000,3395,0.68,0,13.51,0x0000000000000001
2026-10-06_11:04:31,47,41,42,37,3000,3000,3160,0.41,0,13.55,0x0000000000000001
2026-10-06_11:05:01,47,41,42,37,3000,3000,3430,0.25,0,13.60,0x0000000000000001
2026-10-06_11:05:31,47,41,43,37,3000,3000,3181,0.15,0,13.55,0x0000000000000001
2026-10-06_11:06:01,47,41,42,37,3000,3000,3505,0.26,0,13.57,0x0000000000000001
2026-10-06_11:06:31,47,41,42,37,3000,3000,3053,0.23,0,13.53,0x0000000000000001
2026-10-06_11:07:02,47,41,43,37,3000,3000,3663,0.14,0,13.48,0x0000000000000001
2026-10-06_11:07:32,47,41,42,37,3000,3000,3312,0.16,0,13.56,0x0000000000000001
2026-10-06_11:08:02,47,41,42,37,3000,3000,3192,0.21,0,13.59,0x0000000000000001
2026-10-06_11:08:32,46,41,43,37,3000,3000,3603,0.18,0,13.49,0x0000000000000001
2026-10-06_11:09:02,47,41,42,37,3000,3000,3367,0.18,0,13.63,0x0000000000000001
2026-10-06_11:09:32,47,41,42,37,3000,3000,3264,0.11,0,13.65,0x0000000000000001
2026-10-06_11:10:02,47,41,42,37,3000,3000,3155,0.14,0,13.65,0x0000000000000001
2026-10-06_11:10:32,47,41,42,37,3000,3000,3254,0.30,0,13.61,0x0000000000000001
2026-10-06_11:11:03,47,41,42,37,3000,3000,3218,0.48,0,13.64,0x0000000000000001
2026-10-06_11:11:33,47,41,42,37,3000,3000,3254,0.29,0,13.52,0x0000000000000001
2026-10-06_11:12:03,47,40,42,37,3000,3000,3077,0.33,0,13.61,0x0000000000000001
2026-10-06_11:12:33,47,40,42,37,3000,3000,3187,0.20,0,13.58,0x0000000000000001
2026-10-06_11:13:03,47,40,42,37,3000,3000,3150,0.27,0,13.59,0x0000000000000001
2026-10-06_11:13:33,46,40,42,37,3000,3000,3118,0.24,0,13.62,0x0000000000000001
2026-10-06_11:14:03,46,40,42,37,3000,3000,3201,0.26,0,13.61,0x0000000000000001
2026-10-06_11:14:33,47,40,43,37,3000,3000,3431,0.33,0,13.57,0x0000000000000001
